"volume","part_code","section_code","table_id","unit_type","table_title","table_content","content_part","content_parts_total","called_in","clause_reference","source","context","clause_count","first_clause_id","last_clause_id","archived","state_territory","source_file","ncc_version"
"Vol1","A5","A","Table S1C2a","table","Table S1C2a","For the building, where Masonry type; and 60/60/60; and 90/90/90; and 120/120/1 20; and 180/180/1 80 apply, 240/240/2 40 must be provided or applied in accordance with Specification S1C2. For the building, where Ashlar; and -; and -; and -; and - apply, 300 must be provided or applied in accordance with Specification S1C2. For the building, where Calcium silicate; and See clause S1C2(d)(iv); and See clause S1C2(d)(iv); and See clause S1C2(d)(iv); and See clause S1C2(d)(iv) apply, See clause S1C2(d)(iv) must be provided or applied in accordance with Specification S1C2. For the building, where Concrete; and See clause S1C2(d)(iv); and See clause S1C2(d)(iv); and See clause S1C2(d)(iv); and See clause S1C2(d)(iv) apply, See clause S1C2(d)(iv) must be provided or applied in accordance with Specification S1C2. For the building, where Fired clay; and See clause S1C2(d)(iv); and See clause S1C2(d)(iv); and See clause S1C2(d)(iv); and See clause S1C2(d)(iv) apply, See clause S1C2(d)(iv) must be provided or applied in accordance with Specification S1C2.",1,1,"","","NCC 2022 Vol1","",0,"","","false","","NCC2022_Volume1_Tables_ClauseStyle.txt","2022"
"Vol1","A5","A","Table S1C2b","table","Table S1C2b","For the building, where Concrete type; and 60/60/60; and 90/90/90; and 120/120/120; and 180/180/180 apply, 240/240/240 must be provided or applied in accordance with Specification S1C2. For the building, where No fines; and -; and -; and -; and 150 apply, 300 must be provided or applied in accordance with Specification S1C2. For the building, where Prestressed; and See clause S1C2(d)(iv); and See clause S1C2(d)(iv); and See clause S1C2(d)(iv); and See clause S1C2(d)(iv) apply, See clause S1C2(d)(iv) must be provided or applied in accordance with Specification S1C2. For the building, where Reinforced; and See clause S1C2(d)(iv); and See clause S1C2(d)(iv); and See clause S1C2(d)(iv); and See clause S1C2(d)(iv) apply, See clause S1C2(d)(iv) must be provided or applied in accordance with Specification S1C2. For the building, where Plain; and -; and -; and -; and 150 apply, 170 must be provided or applied in accordance with Specification S1C2.",1,1,"","","NCC 2022 Vol1","",0,"","","false","","NCC2022_Volume1_Tables_ClauseStyle.txt","2022"
"Vol1","A5","A","Table S1C2c","table","Table S1C2c","For the building, where Gypsum type; and 60/60/60; and 90/90/90; and 120/120/1 20; and 180/180/1 80 apply, 240/240/2 40 must be provided or applied in accordance with Specification S1C2. For the building, where Solid gypsum blocks; and 75; and 90; and 100; and 110 apply, 125 must be provided or applied in accordance with Specification S1C2. For the building, where Gypsum - perlite or gypsum vermiculite-plaster on metal lath and channel (non-loadbearingwalls only); and 50; and 50; and 65; and - apply, - must be provided or applied in accordance with Specification S1C2.",1,1,"","","NCC 2022 Vol1","",0,"","","false","","NCC2022_Volume1_Tables_ClauseStyle.txt","2022"
"Vol1","A5","A","Table S1C2d","table","Table S1C2d","For the building, where Column type; and 60/60/60; and 90/90/90; and 120/120/1 20; and 180/180/1 80 apply, 240/240/2 40 must be provided or applied in accordance with Specification S1C2. For the building, where Prestressed; and See clause S1C2(d)(ii); and See clause S1C2(d)(ii); and See clause S1C2(d)(ii); and See clause S1C2(d)(ii) apply, See clause S1C2(d)(ii) must be provided or applied in accordance with Specification S1C2. For the building, where Reinforced; and See clause S1C2(d)(ii); and See clause S1C2(d)(ii); and See clause S1C2(d)(ii); and See clause S1C2(d)(ii) apply, See clause S1C2(d)(ii) must be provided or applied in accordance with Specification S1C2.",1,1,"","","NCC 2022 Vol1","",0,"","","false","","NCC2022_Volume1_Tables_ClauseStyle.txt","2022"
"Vol1","A5","A","Table S1C2e","table","Table S1C2e","For the building, where Fire protection; and 60/60/60; and 90/90/90; and 120/120/120; and 180/180/180 apply, 240/240/240 must be provided or applied in accordance with Specification S1C2. For the building, where Concrete cast in-situ - loadbearing; and 25; and 30; and 40; and 55 apply, 75 must be provided or applied in accordance with Specification S1C2. For the building, where Concrete cast in-situ - non-loadbearing unplastered; and 25; and 30; and 40; and 50 apply, 75 must be provided or applied in accordance with Specification S1C2. For the building, where Concrete cast in-situ - non-loadbearing plastered 13 mm; and 25; and 25; and 30; and 40 apply, 50 must be provided or applied in accordance with Specification S1C2. For the building, where Gypsum cast in-situ; and -; and -; and -; and - apply, 50 must be provided or applied in accordance with Specification S1C2. For the building, where Gypsum - perlite or gypsum-vermiculite plaster-sprayed to contour; and 20; and 25; and 35; and 50 apply, 55 must be provided or applied in accordance with Specification S1C2.",1,1,"","","NCC 2022 Vol1","",0,"","","false","","NCC2022_Volume1_Tables_ClauseStyle.txt","2022"
"Vol1","A5","A","Table S1C2_6","table","Table S1C2_6","For the building, where Fire protection; and 60/60/60; and 90/90/90; and 120/120/120; and 180/180/180 apply, 240/240/240 must be provided or applied in accordance with Specification S1C2. For the building, where Gypsum - perlite or gypsum-vermiculite plaster-sprayed on metal lath; and 20; and 20; and 25; and 35 apply, 45 must be provided or applied in accordance with Specification S1C2.",1,1,"","","NCC 2022 Vol1","",0,"","","false","","NCC2022_Volume1_Tables_ClauseStyle.txt","2022"
"Vol1","A5","A","Table S1C2f","table","Table S1C2f","For the building, where Fire protection; and 60/60/60; and 90/90/90; and 120/120/1 20; and 180/180/1 80 apply, 240/240/2 40 must be provided or applied in accordance with Specification S1C2. For the building, where Solid calcium-silicate masonry; and 50; and 50; and 50; and 50 apply, 65 must be provided or applied in accordance with Specification S1C2. For the building, where Solid clay masonry; and 50; and 50; and 50; and 65 apply, 90 must be provided or applied in accordance with Specification S1C2. For the building, where Solid concrete masonry; and 50; and 50; and 50; and 65 apply, 90 must be provided or applied in accordance with Specification S1C2. For the building, where Solid gypsum blocks; and 50; and 50; and 50; and 50 apply, 65 must be provided or applied in accordance with Specification S1C2. For the building, where Hollow terracotta blocks - plastered 13 mm; and 50; and 50; and 50; and 65 apply, 90 must be provided or applied in accordance with Specification S1C2.",1,1,"","","NCC 2022 Vol1","",0,"","","false","","NCC2022_Volume1_Tables_ClauseStyle.txt","2022"
"Vol1","A5","A","Table S1C2g","table","Table S1C2g","For the building, where Fire protection; and 60/60/60; and 90/90/90; and 120/120/1 20; and 180/180/1 80 apply, 240/240/2 40 must be provided or applied in accordance with Specification S1C2. For the building, where Solid calcium-silicate masonry; and 50; and 50; and 50; and - apply, - must be provided or applied in accordance with Specification S1C2. For the building, where Solid clay masonry; and 50; and 50; and 65; and - apply, - must be provided or applied in accordance with Specification S1C2. For the building, where Solid concrete masonry; and 50; and 50; and 65; and - apply, - must be provided or applied in accordance with Specification S1C2. For the building, where Solid gypsum blocks; and 50; and 50; and 50; and - apply, - must be provided or applied in accordance with Specification S1C2. For the building, where Hollow terracotta blocks - plastered 13 mm; and 50; and 50; and 65; and - apply, - must be provided or applied in accordance with Specification S1C2.",1,1,"","","NCC 2022 Vol1","",0,"","","false","","NCC2022_Volume1_Tables_ClauseStyle.txt","2022"
"Vol1","A5","A","Table S1C2h","table","Table S1C2h","For the building, where Fire protection; and 60/-/-; and 90/-/-; and 120/-/-; and 180/-/- apply, 240/-/- must be provided or applied in accordance with Specification S1C2. For the building, where Concrete cast in-situ - loadbearing; and 25; and 40; and 45; and 65 apply, 90 must be provided or applied in accordance with Specification S1C2. For the building, where Concrete cast in-situ - non-loadbearing unplastered; and 35; and 30; and 40; and 50 apply, 65 must be provided or applied in accordance with Specification S1C2. For the building, where Concrete cast in-situ - non-loadbearing plastered 13 mm; and 25; and 25; and 30; and 40 apply, 50 must be provided or applied in accordance with Specification S1C2. For the building, where Gypsum cast in-situ; and -; and -; and -; and - apply, 50 must be provided or applied in accordance with Specification S1C2.",1,1,"","","NCC 2022 Vol1","",0,"","","false","","NCC2022_Volume1_Tables_ClauseStyle.txt","2022"
"Vol1","A5","A","Table S1C2_10","table","Table S1C2_10","For the building, where Fire protection; and 60/-/-; and 90/-/-; and 120/-/-; and 180/-/- apply, 240/-/- must be provided or applied in accordance with Specification S1C2. For the building, where Gypsum - perlite or gypsum-vermiculite plaster - sprayed to contour; and 25; and 30; and 40; and 55 apply, 65 must be provided or applied in accordance with Specification S1C2. For the building, where Gypsum - perlite or gypsum-vermiculite plaster - sprayed on metal lath; and 20; and 20; and 30; and 40 apply, 50 must be provided or applied in accordance with Specification S1C2.",1,1,"","","NCC 2022 Vol1","",0,"","","false","","NCC2022_Volume1_Tables_ClauseStyle.txt","2022"
"Vol1","A5","A","Table S1C2i","table","Table S1C2i","For the building, where Fire protection; and 60/-/-; and 90/-/-; and 120/-/-; and 180/-/- apply, 240/-/- must be provided or applied in accordance with Specification S1C2. For the building, where Solid calcium-silicate masonry; and 50; and 50; and 50; and 65 apply, 75 must be provided or applied in accordance with Specification S1C2. For the building, where Solid clay masonry; and 50; and 50; and 50; and 75 apply, 100 must be provided or applied in accordance with Specification S1C2. For the building, where Solid concrete masonry; and 50; and 50; and 50; and 75 apply, 100 must be provided or applied in accordance with Specification S1C2. For the building, where Solid gypsum blocks; and 50; and 50; and 50; and 65 apply, 75 must be provided or applied in accordance with Specification S1C2. For the building, where Hollow terracotta blocks - plastered 13 mm; and 50; and 50; and 50; and 75 apply, 100 must be provided or applied in accordance with Specification S1C2.",1,1,"","","NCC 2022 Vol1","",0,"","","false","","NCC2022_Volume1_Tables_ClauseStyle.txt","2022"
"Vol1","A5","A","Table S1C2j","table","Table S1C2j","For the building, where Fire protection; and 60/-/-; and 90/-/-; and 120/-/-; and 180/-/- apply, 240/-/- must be provided or applied in accordance with Specification S1C2. For the building, where Solid calcium-silicate masonry; and 50; and 50; and 50; and - apply, - must be provided or applied in accordance with Specification S1C2. For the building, where Solid clay masonry; and 50; and 50; and 65; and - apply, - must be provided or applied in accordance with Specification S1C2. For the building, where Solid concrete masonry; and 50; and 50; and 65; and - apply, - must be provided or applied in accordance with Specification S1C2. For the building, where Solid gypsum blocks; and 50; and 50; and 50; and - apply, - must be provided or applied in accordance with Specification S1C2. For the building, where Hollow terracotta blocks - plastered 13 mm; and 50; and 50; and 65; and - apply, - must be provided or applied in accordance with Specification S1C2.",1,1,"","","NCC 2022 Vol1","",0,"","","false","","NCC2022_Volume1_Tables_ClauseStyle.txt","2022"
"Vol1","A5","A","Table S1C2k","table","Table S1C2k","For the building, where Concrete type; and 60/-/-; and 90/-/-; and 120/-/-; and 180/-/- apply, 240/-/- must be provided or applied in accordance with Specification S1C2. For the building, where Prestressed; and See clause S1C2(d)(ii); and See clause S1C2(d)(ii); and See clause S1C2(d)(ii); and See clause S1C2(d)(ii) apply, See clause S1C2(d)(ii) must be provided or applied in accordance with Specification S1C2. For the building, where Reinforced; and See clause S1C2(d)(ii); and See clause S1C2(d)(ii); and See clause S1C2(d)(ii); and See clause S1C2(d)(ii) apply, See clause S1C2(d)(ii) must be provided or applied in accordance with Specification S1C2.",1,1,"","","NCC 2022 Vol1","",0,"","","false","","NCC2022_Volume1_Tables_ClauseStyle.txt","2022"
"Vol1","A5","A","Table S1C2l","table","Table S1C2l","For the building, where Fire protection; and 60/-/-; and 90/-/-; and 120/-/-; and 180/-/- apply, 240/-/- must be provided or applied in accordance with Specification S1C2. For the building, where Concrete - cast in-situ; and 25; and 30; and 40; and 50 apply, 65 must be provided or applied in accordance with Specification S1C2.",1,1,"","","NCC 2022 Vol1","",0,"","","false","","NCC2022_Volume1_Tables_ClauseStyle.txt","2022"
"Vol1","A5","A","Table S1C2_15","table","Table S1C2_15","For the building, where Fire protection; and 60/-/-; and 90/-/-; and 120/-/-; and 180/-/- apply, 240/-/- must be provided or applied in accordance with Specification S1C2. For the building, where Gypsum - perlite or gypsum-vermiculite plaster - sprayed to contour; and 20; and 25; and 35; and 50 apply, 55 must be provided or applied in accordance with Specification S1C2. For the building, where Gypsum - perlite or gypsum-vermiculite plaster - sprayed on metal lath; and 20; and 20; and 25; and 35 apply, 45 must be provided or applied in accordance with Specification S1C2.",1,1,"","","NCC 2022 Vol1","",0,"","","false","","NCC2022_Volume1_Tables_ClauseStyle.txt","2022"
"Vol1","A5","A","Table S1C2m","table","Table S1C2m","For the building, where Fire protection; and 60/-/-; and 90/-/-; and 120/-/-; and 180/-/- apply, 240/-/- must be provided or applied in accordance with Specification S1C2. For the building, where Concrete - cast in-situ; and 25; and 40; and 45; and 60 apply, 90 must be provided or applied in accordance with Specification S1C2. For the building, where Gypsum - perlite or gypsum-vermiculite plaster - sprayed to contour; and 20; and 30; and 40; and 55 apply, 65 must be provided or applied in accordance with Specification S1C2. For the building, where Gypsum - perlite or gypsum-vermiculite plaster - sprayed on metal lath; and 20; and 20; and 35; and 40 apply, 50 must be provided or applied in accordance with Specification S1C2.",1,1,"","","NCC 2022 Vol1","",0,"","","false","","NCC2022_Volume1_Tables_ClauseStyle.txt","2022"
"Vol1","A5","A","Table S1C2n","table","Table S1C2n","For the building, where Floor, roof or ceiling type; and 60/60/60; and 90/90/90; and 120/120/120; and 180/180/180 apply, 240/240/240 must be provided or applied in accordance with Specification S1C2. For the building, where Prestressed; and See clause S1C2(d)(ii); and See clause S1C2(d)(ii); and See clause S1C2(d)(ii); and See clause S1C2(d)(ii) apply, See clause S1C2(d)(ii) must be provided or applied in accordance with Specification S1C2. For the building, where Reinforced; and See clause S1C2(d)(ii); and See clause S1C2(d)(ii); and See clause S1C2(d)(ii); and See clause S1C2(d)(ii) apply, See clause S1C2(d)(ii) must be provided or applied in accordance with Specification S1C2.",1,1,"","","NCC 2022 Vol1","",0,"","","false","","NCC2022_Volume1_Tables_ClauseStyle.txt","2022"
"Vol1","A5","A","Table S2C26a","table","Table S2C26a","For the building, where Vertical; and 450 apply, 450 must be provided or applied in accordance with Specification S2C26. For the building, where Non-vertical; and 300 apply, 300 must be provided or applied in accordance with Specification S2C26. For the building, where Underside; and 300 apply, 300 must be provided or applied in accordance with Specification S2C26. For the building, where Upper side of a horizontal surface; and Not required apply, the relevant requirement must be met in accordance with Specification S2C26.",1,1,"","","NCC 2022 Vol1","",0,"","","false","","NCC2022_Volume1_Tables_ClauseStyle.txt","2022"
"Vol1","A5","A","Table S2C26b","table","Table S2C26b","For the building, where Vertical; and Any size apply, 450 must be provided or applied in accordance with Specification S2C26. For the building, where Non-vertical; and Any size apply, 300 must be provided or applied in accordance with Specification S2C26. For the building, where Undersize; and Any size apply, 300 must be provided or applied in accordance with Specification S2C26. For the building, where Upper side of a horizontal surface; and Not required apply, the relevant requirement must be met in accordance with Specification S2C26.",1,1,"","","NCC 2022 Vol1","",0,"","","false","","NCC2022_Volume1_Tables_ClauseStyle.txt","2022"
"Vol1","A7","B","Table B1V1a","table","Table B1V1a","For the building, where Permanent action (Y G = 1. 35); and --- (G/GN) = 1. 00 apply, VG = 0. 10 must be provided or applied in accordance with Specification B1V1. For the building, where Imposed action (Y Q = 1. 50); and --- (Q/Q N) = 0. 50 apply, VQ = 0. 43 must be provided or applied in accordance with Specification B1V1. For the building, where Wind action (Y W = 1. 00) (non-cyclonic); and ---- (W/W N) = 0. 33 apply, VW = 0. 49 must be provided or applied in accordance with Specification B1V1. For the building, where Wind action (Y W = 1. 00) (cyclonic); and ---- (W/W N) = 0. 16 apply, VW = 0. 71 must be provided or applied in accordance with Specification B1V1. For the building, where Snow action (Y S = 1. 00); and --- (S/SN) = 0. 29 apply, VS = 0. 57 must be provided or applied in accordance with Specification B1V1.",1,1,"","","NCC 2022 Vol1","",0,"","","false","","NCC2022_Volume1_Tables_ClauseStyle.txt","2022"
"Vol1","A7","B","Table B1V1_2","table","Table B1V1_2","For the building, where Earthquake action (Y E = 1. 00); and --- (E/EN) = 0. 05 apply, VE = 1. 98 must be provided or applied in accordance with Specification B1V1.",1,1,"","","NCC 2022 Vol1","",0,"","","false","","NCC2022_Volume1_Tables_ClauseStyle.txt","2022"
"Vol1","A7","B","Table B1V1b","table","Table B1V1b","For the building, where Permanent action applies, 4. 3 must be provided or applied in accordance with Specification B1V1. For the building, where Imposed action applies, 4. 0 must be provided or applied in accordance with Specification B1V1. For the building, where Wind, snow and earthquake action apply, 3. 7 must be provided or applied in accordance with Specification B1V1.",1,1,"","","NCC 2022 Vol1","",0,"","","false","","NCC2022_Volume1_Tables_ClauseStyle.txt","2022"
"Vol1","A7","B","Table B1D3a","table","Table B1D3a","",1,1,"","","NCC 2022 Vol1","",0,"","","false","","NCC2022_Volume1_Tables_ClauseStyle.txt","2022"
"Vol1","A7","B","Table B1D3b","table","Table B1D3b","For the building, where 1; and 1: 100; and 1: 200; and 1: 100 apply, 1: 250 must be provided or applied in accordance with Specification B1D3. For the building, where 2; and 1: 500; and 1: 500; and 1: 150 apply, 1: 500 must be provided or applied in accordance with Specification B1D3. For the building, where 3; and 1: 1000; and 1: 1000; and 1: 200 apply, 1: 1000 must be provided or applied in accordance with Specification B1D3. For the building, where 4; and 1: 2000; and 1: 2000; and 1: 250 apply, 1: 1500 must be provided or applied in accordance with Specification B1D3.",1,1,"","","NCC 2022 Vol1","",0,"","","false","","NCC2022_Volume1_Tables_ClauseStyle.txt","2022"
"Vol1","A7","B","Table S4C2","table","Table S4C2","For the building, where A; and 4500 apply, 0 to 0. 45 Pt must be provided or applied in accordance with Specification S4C2. For the building, where B; and 600 apply, 0 to 0. 6 Pt must be provided or applied in accordance with Specification S4C2. For the building, where C; and 80 apply, 0 to 0. 8 Pt must be provided or applied in accordance with Specification S4C2. For the building, where D; and 1 apply, 0 to 1. 0 Pt must be provided or applied in accordance with Specification S4C2. For the building, where E; and 80 apply, 0 to 0. 8 Pt must be provided or applied in accordance with Specification S4C2. For the building, where F; and 600 apply, 0 to 0. 6 Pt must be provided or applied in accordance with Specification S4C2. For the building, where G; and 4500 apply, 0 to 0. 45 Pt must be provided or applied in accordance with Specification S4C2.",1,1,"","","NCC 2022 Vol1","",0,"","","false","","NCC2022_Volume1_Tables_ClauseStyle.txt","2022"
"Vol1","B1","B","Table B1D4","table","Table B1D4","For the building, where Laminated glass; and 10 mm (0. 76 mm interlayer) apply, 6 mm (0. 76 mm interlayer) must be provided or applied in accordance with Clause 1562.3. For the building, where Toughened/ laminated glass; and 10 mm (0. 76 mm interlayer) apply, 6 mm (0. 76 mm interlayer) must be provided or applied in accordance with Clause 1562.3. For the building, where Annealed glass with security polyester film coating; and 10 mm apply, 6 mm must be provided or applied in accordance with Clause 1562.3. For the building, where Safety wire glass; and Not applicable apply, Subject to fire test must be provided or applied in accordance with Clause 1562.3. For the building, where Polycarbonate sheet; and 13 mm apply, 6 mm must be provided or applied in accordance with Clause 1562.3.",1,1,"","","NCC 2022 Vol1","",0,"","","false","","NCC2022_Volume1_Tables_ClauseStyle.txt","2022"
"Vol1","C1","C","Table C1V1","table","Table C1V1","For the building, where On boundary applies, 80 must be provided or applied in accordance with Specification C1V1. For the building, where 1 m from boundary applies, 40 must be provided or applied in accordance with Specification C1V1. For the building, where 3 m from boundary applies, 20 must be provided or applied in accordance with Specification C1V1. For the building, where 6 m from boundary applies, 10 must be provided or applied in accordance with Specification C1V1.",1,1,"","","NCC 2022 Vol1","",0,"","","false","","NCC2022_Volume1_Tables_ClauseStyle.txt","2022"
"Vol1","C1","C","Table C1V2","table","Table C1V2","",1,1,"","","NCC 2022 Vol1","",0,"","","false","","NCC2022_Volume1_Tables_ClauseStyle.txt","2022"
"Vol1","C2","C","Table C2D2","table","Table C2D2","For the building, where 4 or more; and A apply, A must be provided or applied in accordance with Specification C2D2. For the building, where 3; and A apply, B must be provided or applied in accordance with Specification C2D2. For the building, where 2; and B apply, C must be provided or applied in accordance with Specification C2D2. For the building, where 1; and C apply, C must be provided or applied in accordance with Specification C2D2.",1,1,"","","NCC 2022 Vol1","",0,"","","false","","NCC2022_Volume1_Tables_ClauseStyle.txt","2022"
"Vol1","C2","C","Table C3D3","table","Table C3D3","For the building, where 5, 9b or 9c; and Max floor area-8 000 m2; and Max floor area-5500 m2 apply, Max floor area-3 000 m2 must be provided or applied in accordance with Specification C3D3. For the building, where 5, 9b or 9c; and Max volume-48 000 m3; and Max volume-33 000 m3 apply, max volume-18 000 m3 must be provided or applied in accordance with Specification C3D3.",1,1,"","","NCC 2022 Vol1","",0,"","","false","","NCC2022_Volume1_Tables_ClauseStyle.txt","2022"
"Vol1","C2","C","Table C3D3_2","table","Table C3D3_2","For the building, where 6, 7, 8 or 9a (except for patient care areas); and Max floor area-5000 m2; and Max floor area-3 500 m2 apply, Max floor area-2000 m2 must be provided or applied in accordance with Specification C3D3. For the building, where 6, 7, 8 or 9a (except for patient care areas); and Max volume-30 000 m3; and Max volume-21000 m3 apply, Max volume- 12000 m3 must be provided or applied in accordance with Specification C3D3.",1,1,"","","NCC 2022 Vol1","",0,"","","false","","NCC2022_Volume1_Tables_ClauseStyle.txt","2022"
"Vol1","C2","C","Table C4D4","table","Table C4D4","For the building, where 0 deg (walls opposite) applies, 6 must be provided or applied in accordance with Specification C4D4. For the building, where more than 0 deg to 45 deg applies, 5 must be provided or applied in accordance with Specification C4D4. For the building, where more than 45 deg to 90 deg applies, 4 must be provided or applied in accordance with Specification C4D4. For the building, where more than 90 deg to 135 deg applies, 3 must be provided or applied in accordance with Specification C4D4. For the building, where more than 135 deg to less than 180 deg applies, 2 must be provided or applied in accordance with Specification C4D4. For the building, where 180 deg or more applies, Nil must be provided or applied in accordance with Specification C4D4.",1,1,"","","NCC 2022 Vol1","",0,"","","false","","NCC2022_Volume1_Tables_ClauseStyle.txt","2022"
"Vol1","C2","C","Table S5C7","table","Table S5C7","",1,1,"","","NCC 2022 Vol1","",0,"","","false","","NCC2022_Volume1_Tables_ClauseStyle.txt","2022"
"Vol1","C2","C","Table S5C11a","table","Table S5C11a","For Class 2, where Distance from a fire-source feature; and Class 2, 3 or 4 part; and Class 5, 7a or 9; and Class 6 apply, Class 7b or 8 must be provided or applied in accordance with Specification S5C11. For the building, where Less than 1. 5 m; and 90/90/90; and 120/120/120; and 180/180/180 apply, 240/240/240 must be provided or applied in accordance with Specification S5C11. For the building, where 1. 5 to less than 3 m; and 90/60/60; and 120/90/90; and 180/180/120 apply, 240/240/180 must be provided or applied in accordance with Specification S5C11. For the building, where 3 m or more; and 90/60/30; and 120/60/30; and 180/120/90 apply, 240/180/90 must be provided or applied in accordance with Specification S5C11.",1,1,"","","NCC 2022 Vol1","",0,"","","false","","NCC2022_Volume1_Tables_ClauseStyle.txt","2022"
"Vol1","C2","C","Table S5C11b","table","Table S5C11b","For Class 2, where Distance from a fire-source feature; and Class 2, 3 or 4 part; and Class 5, 7a or 9; and Class 6 apply, Class 7b or 8 must be provided or applied in accordance with Specification S5C11. For the building, where Less than 1. 5 m; and -/90/90; and -/120/120; and -/180/180 apply, -/240/240 must be provided or applied in accordance with Specification S5C11. For the building, where 1. 5 to less than 3 m; and -/60/60; and -/90/90; and -/180/120 apply, -/240/180 must be provided or applied in accordance with Specification S5C11. For the building, where 3 m or more; and -/-/-; and -/-/-; and -/-/- apply, -/-/- must be provided or applied in accordance with Specification S5C11.",1,1,"","","NCC 2022 Vol1","",0,"","","false","","NCC2022_Volume1_Tables_ClauseStyle.txt","2022"
"Vol1","C2","C","Table S5C11c","table","Table S5C11c","For Class 2, where Column type; and Class 2, 3 or 4 part; and Class 5, 7a or 9; and Class 6 apply, Class 7b or 8 must be provided or applied in accordance with Specification S5C11. For the building, where Loadbearing; and 90/-/-; and 120/-/-; and 180/-/- apply, 240/-/- must be provided or applied in accordance with Specification S5C11. For the building, where Non-loadbearing; and -/-/-; and -/-/-; and -/-/- apply, -/-/- must be provided or applied in accordance with Specification S5C11.",1,1,"","","NCC 2022 Vol1","",0,"","","false","","NCC2022_Volume1_Tables_ClauseStyle.txt","2022"
"Vol1","C2","C","Table S5C11d","table","Table S5C11d","For Class 2, where Wall type; and Class 2, 3 or 4 part; and Class 5, 7a or 9; and Class 6 apply, Class 7b or 8 must be provided or applied in accordance with Specification S5C11. For the building, where Loadbearing or non-loadbearing; and 90/90/90; and 120/120/120; and 180/180/180 apply, 240/240/240 must be provided or applied in accordance with Specification S5C11.",1,1,"","","NCC 2022 Vol1","",0,"","","false","","NCC2022_Volume1_Tables_ClauseStyle.txt","2022"
"Vol1","C2","C","Table S5C11e","table","Table S5C11e","For Class 2, where Location; and Class 2, 3 or 4 part; and Class 5, 7a or 9; and Class 6 apply, Class 7b or 8 must be provided or applied in accordance with Specification S5C11. For the building, where Fire-resisting lift and stair shafts; and 90/90/90; and 120/120/120; and 180/120/120 apply, 240/120/120 must be provided or applied in accordance with Specification S5C11. For the building, where Bounding public corridors, public lobbies and the like; and 90/90/90; and 120/-/-; and 180/-/- apply, 240/-/- must be provided or applied in accordance with Specification S5C11. For the building, where Between or bounding sole-occupancy units; and 90/90/90; and 120/-/-; and 180/-/- apply, 240/-/- must be provided or applied in accordance with Specification S5C11. For the building, where Ventilating, pipe, garbage, and like shafts not used for the discharge of hot products of combustion; and 90/90/90; and 120/90/90; and 180/120/120 apply, 240/120/120 must be provided or applied in accordance with Specification S5C11.",1,1,"","","NCC 2022 Vol1","",0,"","","false","","NCC2022_Volume1_Tables_ClauseStyle.txt","2022"
"Vol1","C2","C","Table S5C11f","table","Table S5C11f","For Class 2, where Location; and Class 2, 3 or 4 part; and Class 5, 7a or 9; and Class 6 apply, Class 7b or 8 must be provided or applied in accordance with Specification S5C11. For the building, where Fire-resisting lift and stair shafts; and -/90/90; and -/120/120; and -120/120 apply, -/120/120 must be provided or applied in accordance with Specification S5C11. For the building, where Bounding public corridors, public lobbies and the like; and -/60/60; and -/-/-; and -/-/- apply, -/-/- must be provided or applied in accordance with Specification S5C11. For the building, where Between or bounding sole-occupancy units; and -/60/60; and -/-/-; and -/-/- apply, -/-/- must be provided or applied in accordance with Specification S5C11. For the building, where Ventilating, pipe, garbage, and like shafts not used for the discharge of hot products of combustion; and -/90/90; and -/90/90; and -/120/120 apply, -/120/120 must be provided or applied in accordance with Specification S5C11.",1,1,"","","NCC 2022 Vol1","",0,"","","false","","NCC2022_Volume1_Tables_ClauseStyle.txt","2022"
"Vol1","C2","C","Table S5C11g","table","Table S5C11g","For Class 2, where Building element; and Class 2, 3 or 4 part; and Class 5, 7a or 9; and Class 6 apply, Class 7b or 8 must be provided or applied in accordance with Specification S5C11. For the building, where Other loadbearing internal walls, internal beams, trusses and columns; and 90/-/-; and 120/-/-; and 180/-/- apply, 240/-/- must be provided or applied in accordance with Specification S5C11. For the building, where Floors; and 90/90/90; and 120/120/120; and 180/180/180 apply, 240/240/240 must be provided or applied in accordance with Specification S5C11. For the building, where Roofs; and 90/60/30; and 120/60/30; and 180/60/30 apply, 240/90/60 must be provided or applied in accordance with Specification S5C11.",1,1,"","","NCC 2022 Vol1","",0,"","","false","","NCC2022_Volume1_Tables_ClauseStyle.txt","2022"
"Vol1","C2","C","Table S5C21a","table","Table S5C21a","For Class 2, where Distance from a fire-source feature; and Class 2, 3 or 4 part; and Class 5, 7a or 9; and Class 6 apply, Class 7b or 8 must be provided or applied in accordance with Specification S5C21. For the building, where Less than 1. 5 m; and 90/90/90; and 120/120/120; and 180/180/180 apply, 240/240/240 must be provided or applied in accordance with Specification S5C21. For the building, where 1. 5 to less than 3 m; and 90/60/30; and 120/90/60; and 180/120/90 apply, 240/180/120 must be provided or applied in accordance with Specification S5C21. For the building, where 3 m to less than 9 m; and 90/30/30; and 120/30/30; and 180/90/60 apply, 240/90/60 must be provided or applied in accordance with Specification S5C21. For the building, where 9 m to less than 18 m; and 90/30/-; and 120/30/-; and 180/60/- apply, 240/60/- must be provided or applied in accordance with Specification S5C21. For the building, where 18 m or more; and -/-/-; and -/-/-; and -/-/- apply, -/-/- must be provided or applied in accordance with Specification S5C21.",1,1,"","","NCC 2022 Vol1","",0,"","","false","","NCC2022_Volume1_Tables_ClauseStyle.txt","2022"
"Vol1","C2","C","Table S5C21b","table","Table S5C21b","For Class 2, where Distance from a fire- source feature; and Class 2, 3 or 4 part; and Class 5, 7a or 9; and Class 6 apply, Class 7b or 8 must be provided or applied in accordance with Specification S5C21. For the building, where Less than 1. 5 m; and -/90/90; and -/120/120; and -/180/180 apply, -/240/240 must be provided or applied in accordance with Specification S5C21. For the building, where 1. 5 m to less than 3 m; and -/60/30; and -/90/60; and -/120/90 apply, -/180/120 must be provided or applied in accordance with Specification S5C21. For the building, where 3 m or more; and -/-/-; and -/-/-; and -/-/- apply, -/-/- must be provided or applied in accordance with Specification S5C21.",1,1,"","","NCC 2022 Vol1","",0,"","","false","","NCC2022_Volume1_Tables_ClauseStyle.txt","2022"
"Vol1","C2","C","Table S5C21c","table","Table S5C21c","For Class 2, where Distance from a fire-source feature; and Class 2, 3 or 4 part; and Class 5, 7a or 9; and Class 6 apply, Class 7b or 8 must be provided or applied in accordance with Specification S5C21. For the building, where Loadbearing column - less than 18 m; and 90/-/-; and 120/-/-; and 180/-/- apply, 240/-/- must be provided or applied in accordance with Specification S5C21.",1,1,"","","NCC 2022 Vol1","",0,"","","false","","NCC2022_Volume1_Tables_ClauseStyle.txt","2022"
"Vol1","C2","C","Table S5C21_4","table","Table S5C21_4","For Class 2, where Distance from a fire-source feature; and Class 2, 3 or 4 part; and Class 5, 7a or 9; and Class 6 apply, Class 7b or 8 must be provided or applied in accordance with Specification S5C21. For the building, where Loadbearing column - 18 m or more; and -/-/-; and -/-/-; and -/-/- apply, -/-/- must be provided or applied in accordance with Specification S5C21. For the building, where Non-loadbearing column; and -/-/-; and -/-/-; and -/-/- apply, -/-/- must be provided or applied in accordance with Specification S5C21.",1,1,"","","NCC 2022 Vol1","",0,"","","false","","NCC2022_Volume1_Tables_ClauseStyle.txt","2022"
"Vol1","C2","C","Table S5C21d","table","Table S5C21d","For Class 2, where Wall type; and Class 2, 3 or 4 part; and Class 5, 7a or 9; and Class 6 apply, Class 7b or 8 must be provided or applied in accordance with Specification S5C21. For the building, where Loadbearing or non-loadbearing; and 90/90/90; and 120/120/120; and 180/180/180 apply, 240/240/240 must be provided or applied in accordance with Specification S5C21.",1,1,"","","NCC 2022 Vol1","",0,"","","false","","NCC2022_Volume1_Tables_ClauseStyle.txt","2022"
"Vol1","C2","C","Table S5C21e","table","Table S5C21e","For Class 2, where Location; and Class 2, 3 or 4 part; and Class 5, 7a or 9; and Class 6 apply, Class 7b or 8 must be provided or applied in accordance with Specification S5C21. For the building, where Fire-resisting lift and stair shafts; and 90/90/90; and 120/120/120; and 180/120/120 apply, 240/120/120 must be provided or applied in accordance with Specification S5C21. For the building, where Bounding public corridors, public lobbies and the like; and 60/60/60; and 120/-/-; and 180/-/- apply, 240/-/- must be provided or applied in accordance with Specification S5C21. For the building, where Between or bounding sole-occupancy units; and 60/60/60; and 120/-/-; and 180/-/- apply, 240/-/- must be provided or applied in accordance with Specification S5C21.",1,1,"","","NCC 2022 Vol1","",0,"","","false","","NCC2022_Volume1_Tables_ClauseStyle.txt","2022"
"Vol1","C2","C","Table S5C21f","table","Table S5C21f","For Class 2, where Location; and Class 2, 3 or 4 part; and Class 5, 7a or 9; and Class 6 apply, Class 7b or 8 must be provided or applied in accordance with Specification S5C21. For the building, where Fire-resisting lift and stair shafts; and -/90/90; and -/120/120; and -/120/120 apply, -/120/120 must be provided or applied in accordance with Specification S5C21. For the building, where Bounding public corridor, public lobbies and the like; and -/60/60; and -/-/-; and -/-/- apply, -/-/- must be provided or applied in accordance with Specification S5C21. For the building, where Between or bounding sole-occupancy units; and -/60/60; and -/-/-; and -/-/- apply, -/-/- must be provided or applied in accordance with Specification S5C21.",1,1,"","","NCC 2022 Vol1","",0,"","","false","","NCC2022_Volume1_Tables_ClauseStyle.txt","2022"
"Vol1","C2","C","Table S5C21g","table","Table S5C21g","For Class 2, where Building element; and Class 2, 3 or 4 part; and Class 5, 7a or 9; and Class 6 apply, Class 7b or 8 must be provided or applied in accordance with Specification S5C21. For the building, where Other loadbearing internal walls and columns; and 60/-/-; and 120/-/-; and 180/-/- apply, 240/-/- must be provided or applied in accordance with Specification S5C21. For the building, where Roofs; and -/-/-; and -/-/-; and -/-/- apply, -/-/- must be provided or applied in accordance with Specification S5C21.",1,1,"","","NCC 2022 Vol1","",0,"","","false","","NCC2022_Volume1_Tables_ClauseStyle.txt","2022"
"Vol1","C2","C","Table S5C24a","table","Table S5C24a","For Class 2, where Distance from a fire-source feature; and Class 2, 3 or 4 part; and Class 5, 7a or 9; and Class 6 apply, Class 7b or 8 must be provided or applied in accordance with Specification S5C24. For the building, where Less than 1. 5 m; and 90/90/90; and 90/90/90; and 90/90/90 apply, 90/90/90 must be provided or applied in accordance with Specification S5C24. For the building, where 1. 5 to less than 3 m; and -/-/-; and 60/60/60; and 60/60/60 apply, 60/60/60 must be provided or applied in accordance with Specification S5C24. For the building, where 3 m or more; and -/-/-; and -/-/-; and -/-/- apply, -/-/- must be provided or applied in accordance with Specification S5C24.",1,1,"","","NCC 2022 Vol1","",0,"","","false","","NCC2022_Volume1_Tables_ClauseStyle.txt","2022"
"Vol1","C2","C","Table S5C24b","table","Table S5C24b","For Class 2, where Distance from a fire-source feature; and Class 2, 3 or 4 part; and Class 5, 7a or 9; and Class 6 apply, Class 7b or 8 must be provided or applied in accordance with Specification S5C24. For the building, where Less than 1. 5 m; and 90/-/-; and 90/-/-; and 90/-/- apply, 90/-/- must be provided or applied in accordance with Specification S5C24. For the building, where 1. 5 to less than 3 m; and -/-/-; and 60/-/-; and 60/-/- apply, 60/-/- must be provided or applied in accordance with Specification S5C24. For the building, where 3 m or more; and -/-/-; and -/-/-; and -/-/- apply, -/-/- must be provided or applied in accordance with Specification S5C24.",1,1,"","","NCC 2022 Vol1","",0,"","","false","","NCC2022_Volume1_Tables_ClauseStyle.txt","2022"
"Vol1","C2","C","Table S5C24c","table","Table S5C24c","For Class 2, where Wall type; and Class 2, 3 or 4 part; and Class 5, 7a or 9; and Class 6 apply, Class 7b or 8 must be provided or applied in accordance with Specification S5C24. For the building, where Loadbearing or non-loadbearing; and 90/90/90; and 90/90/90; and 90/90/90 apply, 90/90/90 must be provided or applied in accordance with Specification S5C24.",1,1,"","","NCC 2022 Vol1","",0,"","","false","","NCC2022_Volume1_Tables_ClauseStyle.txt","2022"
"Vol1","C2","C","Table S5C24d","table","Table S5C24d","For Class 2, where Location; and Class 2, 3 or 4 part; and Class 5, 7a or 9; and Class 6 apply, Class 7b or 8 must be provided or applied in accordance with Specification S5C24. For the building, where Bounding public corridors, public lobbies and the like; and 60/60/60; and -/-/-; and -/-/- apply, -/-/- must be provided or applied in accordance with Specification S5C24. For the building, where Between or bounding sole-occupancy units; and 60/60/60; and -/-/-; and -/-/- apply, -/-/- must be provided or applied in accordance with Specification S5C24. For the building, where Bounding a stair if required to be rated; and 60/60/60; and 60/60/60; and 60/60/60 apply, 60/60/60 must be provided or applied in accordance with Specification S5C24.",1,1,"","","NCC 2022 Vol1","",0,"","","false","","NCC2022_Volume1_Tables_ClauseStyle.txt","2022"
"Vol1","C2","C","Table S5C24e","table","Table S5C24e","For Class 2, where Location; and Class 2, 3 or 4 part; and Class 5, 7a or 9; and Class 6 apply, Class 7b or 8 must be provided or applied in accordance with Specification S5C24. For the building, where Roofs; and -/-/-; and -/-/-; and -/-/- apply, -/-/- must be provided or applied in accordance with Specification S5C24.",1,1,"","","NCC 2022 Vol1","",0,"","","false","","NCC2022_Volume1_Tables_ClauseStyle.txt","2022"
"Vol1","C2","C","Table S7C2","table","Table S7C2","For the building, where Floor linings and floor coverings apply, S7C3 must be provided or applied in accordance with Specification S7C2. For the building, where Wall linings and ceiling linings apply, S7C4 must be provided or applied in accordance with Specification S7C2. For the building, where Air-handling ductwork applies, S7C5 must be provided or applied in accordance with Specification S7C2. For the building, where Lift cars applies, S7C6 must be provided or applied in accordance with Specification S7C2. For the building, where In fire control rooms subject to Specification 6 and fire isolated exits apply, S7C7 must be provided or applied in accordance with Specification S7C2. For Class 9b, where In Class 9b buildings used as a theatre, public hall or the like - fixed seating in the audience area or auditorium; and a proscenium curtain required by Specification32 apply, S7C7 must be provided or applied in accordance with Specification S7C2. For the building element, where Escalators, moving walkways and non-required non-fire- isolated stairways or pedestrian ramps subject to Specification 14 apply, S7C7 must be provided or applied in accordance with Specification S7C2. For the building, where Sarking-type material applies, S7C7 must be provided or applied in accordance with Specification S7C2. For the building, where Attachments to internal floors, walls and ceilings apply, S7C7 must be provided or applied in accordance with Specification S7C2. For the building, where Other materials including insulation applies, S7C7 must be provided or applied in accordance with Specification S7C2.",1,1,"","","NCC 2022 Vol1","",0,"","","false","","NCC2022_Volume1_Tables_ClauseStyle.txt","2022"
"Vol1","C2","C","Table S7C3","table","Table S7C3","For Class 2, where Class 2, 3, 5, 6, 7, 8 or 9b, excluding Class 3 accommodation for the aged and Class 9b as specified below; and 2. 2 kW/m2; and 1. 2 kW/m2 apply, 2. 2 kW/m2 must be provided or applied in accordance with Specification S7C3. For Class 3 a, where Class 3 accommodation for the aged; and 4. 5 kW/m2; and 2. 2 kW/m2 apply, 4. 5 kW/m2 must be provided or applied in accordance with Specification S7C3. For Class 9a, where Class 9a patient care areas; and 4. 5 kW/m2; and 2. 2 kW/m2 apply, 4. 5 kW/m2 must be provided or applied in accordance with Specification S7C3. For Class 9a, where Class 9a areas other than patient care areas; and 2. 2 kW/m2; and 1. 2 kW/m2 apply, 4. 5 kW/m2 must be provided or applied in accordance with Specification S7C3. For Class 9b, where Class 9b auditorium or audience seating area used mainly for indoor swimming or ice skating; and 1. 2 kW/m2; and 1. 2 kW/m2 apply, 2. 2 kW/m2 must be provided or applied in accordance with Specification S7C3. For Class 9b, where Class 9b auditorium or audience seating area used mainly for other sports or multi-purpose functions; and 2. 2 kW/m2; and 1. 2 kW/m2 apply, 2. 2 kW/m2 must be provided or applied in accordance with Specification S7C3. For Class 9c, where Class 9c resident use area; and 2. 2 kW/m2 apply, 4. 5 kW/m2 must be provided or applied in accordance with Specification S7C3. For Class 9c, where Class 9c areas other than resident use areas; and 1. 2 kW/m2 apply, 4. 5 kW/m2 must be provided or applied in accordance with Specification S7C3.",1,1,"","","NCC 2022 Vol1","",0,"","","false","","NCC2022_Volume1_Tables_ClauseStyle.txt","2022"
"Vol1","C2","C","Table S7C4","table","Table S7C4","For Class 2 or 3, where Class 2 or 3, unsprinklered, excluding accommodation for the aged, people with disabilities and children; and Walls: 1; and Walls: 1, 2; and Walls: 1, 2, 3 apply, Walls: 1, 2, 3 must be provided or applied in accordance with Specification S7C4. For Class 2 or 3, where Class 2 or 3, unsprinklered, excluding accommodation for the aged, people with disabilities and children; and Ceilings: 1; and Ceilings: 1, 2; and Ceilings: 1, 2, 3 apply, Ceilings: 1, 2, 3 must be provided or applied in accordance with Specification S7C4. For Class 2 or 3, where Class 2 or 3, sprinklered, excluding accommodation for the aged, people with; and Walls: 1; and Walls: 1, 2, 3; and Walls: 1, 2, 3 apply, Walls: 1, 2, 3 must be provided or applied in accordance with Specification S7C4. For Class 2 or 3, where Class 2 or 3, sprinklered, excluding accommodation for the aged, people with; and Ceilings: 1; and Ceilings: 1, 2, 3; and Ceilings: 1, 2, 3 apply, Ceilings: 1, 2, 3 must be provided or applied in accordance with Specification S7C4.",1,1,"","","NCC 2022 Vol1","",0,"","","false","","NCC2022_Volume1_Tables_ClauseStyle.txt","2022"
"Vol1","C2","C","Table S7C4_2","table","Table S7C4_2","For the building, where disabilities and children apply, the relevant requirement must be met in accordance with Specification S7C4. For Class 3 or 9a, where Class 3 or 9a, unsprinklered, accommodation for the aged, people with a disability, children and health-care buildings; and Walls: 1; and Walls: 1; and Walls: 1, 2 apply, Walls: 1, 2, 3 must be provided or applied in accordance with Specification S7C4. For Class 3 or 9a, where Class 3 or 9a, unsprinklered, accommodation for the aged, people with a disability, children and health-care buildings; and Ceilings: 1; and Ceilings: 1; and Ceilings: 1, 2 apply, Ceilings: 1, 2, 3 must be provided or applied in accordance with Specification S7C4. For Class 3 or 9a, where Class 3 or 9a, sprinklered, accommodation for the aged, people with a disability, children and health-care buildings; and Walls: 1; and Walls: 1, 2; and Walls: 1, 2, 3 apply, Walls: 1, 2, 3 must be provided or applied in accordance with Specification S7C4. For Class 3 or 9a, where Class 3 or 9a, sprinklered, accommodation for the aged, people with a disability, children and health-care buildings; and Ceilings: 1; and Ceilings: 1, 2; and Ceilings: 1, 2, 3 apply, Ceilings: 1, 2, 3 must be provided or applied in accordance with Specification S7C4. For Class 5, where Class 5, 6, 7, 8 or 9b schools, unsprinklered; and Walls: 1; and Walls: 1, 2; and Walls: 1, 2, 3 apply, Walls: 1, 2, 3 must be provided or applied in accordance with Specification S7C4. For Class 5, where Class 5, 6, 7, 8 or 9b schools, unsprinklered; and Ceilings: 1; and Ceilings: 1, 2; and Ceilings: 1, 2 apply, Ceilings: 1, 2, 3 must be provided or applied in accordance with Specification S7C4. For Class 5, where Class 5, 6, 7, 8 or 9b schools, sprinklered; and Walls: 1; and Walls: 1, 2, 3; and Walls: 1, 2, 3 apply, Walls: 1, 2, 3 must be provided or applied in accordance with Specification S7C4. For Class 5, where Class 5, 6, 7, 8 or 9b schools, sprinklered; and Ceilings: 1; and Ceilings: 1, 2, 3; and Ceilings: 1, 2, 3 apply, Ceilings: 1, 2, 3 must be provided or applied in accordance with Specification S7C4. For Class 9b, where Class 9b other than schools, unsprinklered; and Walls: 1; and Walls: 1; and Walls: 1, 2 apply, Walls: 1, 2, 3 must be provided or applied in accordance with Specification S7C4. For Class 9b, where Class 9b other than schools, unsprinklered; and Ceilings: 1; and Ceilings: 1; and Ceilings: 1, 2 apply, Ceilings: 1, 2, 3 must be provided or applied in accordance with Specification S7C4. For Class 9b, where Class 9b other than schools, sprinklered; and Walls: 1; and Walls: 1, 2; and Walls: 1, 2, 3 apply, Walls: 1, 2, 3 must be provided or applied in accordance with Specification S7C4. For Class 9b, where Class 9b other than schools, sprinklered; and Ceilings: 1; and Ceilings: 1, 2; and Ceilings: 1, 2, 3 apply, Ceilings: 1, 2, 3 must be provided or applied in accordance with Specification S7C4. For Class 9c, where Class 9c, sprinklered; and Walls: 1; and Walls: 1, 2; and Walls: 1, 2, 3 apply, Walls: 1, 2, 3 must be provided or applied in accordance with Specification S7C4. For Class 9c, where Class 9c, sprinklered; and Ceilings: 1; and Ceilings: 1, 2; and Ceilings: 1, 2, 3 apply, Ceilings: 1, 2, 3 must be provided or applied in accordance with Specification S7C4.",1,1,"","","NCC 2022 Vol1","",0,"","","false","","NCC2022_Volume1_Tables_ClauseStyle.txt","2022"
"Vol1","C2","C","Table S7C7","table","Table S7C7","For the building, where Fire control rooms subject to Specification 19 and fire- isolated exits, other than a sarking-type material used in a ceiling or used as an attachment or part of an attachment to a building element. Note 1; and 0 apply, 2 must be provided or applied in accordance with Specification S7C7. For Class 9b, where Class 9b buildings used as a theatre, public hall or the like: Any part of fixed seating in the audience area or auditorium.; and 0 apply, 5 must be provided or applied in accordance with Specification S7C7. For Class 9b, where Class 9b buildings used as a theatre, public hall or the like: A proscenium curtain required by Specification 32.; and 0 apply, 3 must be provided or applied in accordance with Specification S7C7. For the building element, where Escalators, moving walkways or non-required non fire-isolated stairway or pedestrian ramps subject to Specification 14.; and 0 apply, 5 must be provided or applied in accordance with Specification S7C7. For the building, where Sarking-type materials: In a fire control room subject to Specification 19 or a fire- isolated exit or fire control room used in the form of an exposed wall or ceiling.; and 0 apply, the relevant requirement must be met in accordance with Specification S7C7. For the building, where Sarking-type materials: In other locations. Note 2; and 5 apply, the relevant requirement must be met in accordance with Specification S7C7. For the building, where Other materials or locations and insulation materials other than sarking-type material. Notes 2 and 3; and 9 apply, 8 if the Spread-of-Flame Index is more than 5 must be provided or applied in accordance with Specification S7C7.",1,1,"","","NCC 2022 Vol1","",0,"","","false","","NCC2022_Volume1_Tables_ClauseStyle.txt","2022"
"Vol1","C2","C","Table S7C7_3","table","Table S7C7_3","For Class 9b, where Class 9b buildings used as an entertainment venue, a material used to cover closed back upholstered seats in any part available to the public-where smoking is permitted; or flame is exposed in connection with the preparation of meals Note 4; and 6 apply, 5 must be provided or applied in accordance with Specification S7C7. For Class 9b, where Class 9b buildings used as an entertainment venue, a material used as a curtain, blind or similar decor in any part available to the public. Notes 4 and 5; and 6 apply, the relevant requirement must be met in accordance with Specification S7C7. For Class 9b, where Class 9b buildings used as an entertainment venue, a material used to form a cinematograph screen. Notes 4, 5 and 6; and 12; and 0 apply, 7 must be provided or applied in accordance with Specification S7C7. For Class 9b, where Class 9b buildings used as a public hall or the like: A proscenium curtain required by Specification 32.; and 0 apply, 3 must be provided or applied in accordance with Specification S7C7. For the building element, where Escalators, moving walkways or non-required non fire-isolated stairways or pedestrian ramps subject to Specification 14.; and 0 apply, 5 must be provided or applied in accordance with Specification S7C7. For the building, where Sarking-type materials: In a fire control room subject to Specification 19 or a fire- isolated exit used in the form of an exposed wall or ceiling.; and 0 apply, the relevant requirement must be met in accordance with Specification S7C7. For the building, where Sarking-type materials other than in a fire control room subject to Specification 19 or a fire- isolated exit used in the form of an exposed wall or ceiling. Note 2; and 5 apply, the relevant requirement must be met in accordance with Specification S7C7. For the building, where Other materials or locations and insulation materials other than Sarking-type materials. Notes 2 and 3; and 9 apply, 8 if the Spread-of-Flame Index is more than 5 must be provided or applied in accordance with Specification S7C7.",1,1,"","","NCC 2022 Vol1","",0,"","","false","","NCC2022_Volume1_Tables_ClauseStyle.txt","2022"
"Vol1","C2","C","Table S7C7_4","table","Table S7C7_4","For the building, where D2D3 applies, Number of exits required [2019: D1. 2] must be provided or applied in accordance with Specification D2D3.",1,1,"","","NCC 2022 Vol1","",0,"","","false","","NCC2022_Volume1_Tables_ClauseStyle.txt","2022"
"Vol1","C2","C","Table S8C1_1","table","Table S8C1_1","For the building, where Specification 9 applies, Cavity barriers for fire-protected timber S9C1 Scope S9C2 Requirements must be provided or applied in accordance with Specification S8C1. For the building, where Specification 10 applies, Fire-protected timber S10C1 Scope S10C2 General requirements S10C3 Massive timber S10C4 Form of test S10C5 Smallerspecimen permitted S10C6 Acceptance criteria must be provided or applied in accordance with Specification S8C1. For Class 9a, where Specification 11 applies, Smoke-proof walls in health-care and residential care buildings S11C1 Scope S11C2 Class 9a health-carebuildings S11C3 Class 9cbuildings S11C4 in walls Doorwayssmoke-proof must be provided or applied in accordance with Specification S8C1. For the building, where Specification 12 applies, Fire doors, smoke doors, fire windows and shutters S12C1 Scope S12C2 Fire doors S12C3 General for smoke doorsrequirements S12C4 Construction for smoke doors Deemed-to-Satisfy S12C5 Fire shutters S12C6 Fire windows must be provided or applied in accordance with Specification S8C1. For the building, where Specification 13 applies, Penetration of walls, floors and ceilings by services S13C1 Scope S13C2 Application S13C3 Metalpipe systems S13C4 Pipes penetrating sanitary compartments S13C5 Wires and cables S13C6 Electrical switches and outlets S13C7 Fire-stopping must be provided or applied in accordance with Specification S8C1.",1,1,"","","NCC 2022 Vol1","",0,"","","false","","NCC2022_Volume1_Tables_ClauseStyle.txt","2022"
"Vol1","C4","C","Table S9C2","table","Table S9C2","For the building, where Cavity barrier required FRL; and -/45/45 apply, -/60/60 must be provided or applied in accordance with Specification S9C2. For the building, where Timber, required minimum thickness; and 45 mm apply, 60 mm must be provided or applied in accordance with Specification S9C2.",1,1,"","","NCC 2022 Vol1","",0,"","","false","","NCC2022_Volume1_Tables_ClauseStyle.txt","2022"
"Vol1","C4","C","Table S9C2_2","table","Table S9C2_2","For the building, where Mineral wool, required minimum thickness; and 45 mm apply, 60 mm must be provided or applied in accordance with Specification S9C2.",1,1,"","","NCC 2022 Vol1","",0,"","","false","","NCC2022_Volume1_Tables_ClauseStyle.txt","2022"
"Vol1","C4","C","Table S10C3","table","Table S10C3","For fire-protected timber building elements, where the application is Inside a fire-isolated stairway or lift shaft and the time (minutes) without the timber interface exceeding 300 degC is 20, minimum thickness of fire-grade plasterboard of 13 mm must be provided in accordance with Specification S10C3. For fire-protected timber building elements, where the application is External wallswithin 1 m of an allotment boundary or 2 m of a building on the same allotment and the time (minutes) without the timber interface exceeding 300 degC is 45, minimum thickness of fire-grade plasterboard of 2 x 13 mm must be provided in accordance with Specification S10C3. For fire-protected timber building elements, where the application is All other applications and the time (minutes) without the timber interface exceeding 300 degC is 30, minimum thickness of fire-grade plasterboard of 16 mm must be provided in accordance with Specification S10C3.",1,1,"","","NCC 2022 Vol1","",0,"","","false","","NCC2022_Volume1_Tables_ClauseStyle.txt","2022"
"Vol1","D1","D","Table D1V3","table","Table D1V3","For the building, where 1: 14; and 1: 40; and 2 apply, P4/R11 must be provided or applied in accordance with Specification D1V3. For the building, where 1: 12; and 1: 50; and 2 apply, P5/R12 must be provided or applied in accordance with Specification D1V3. For the building, where 1: 10; and 1: 100; and 1 apply, P5/R12 must be provided or applied in accordance with Specification D1V3. For the building, where 1: 8; and 1: 100; and 0. 5 apply, P5/R12 must be provided or applied in accordance with Specification D1V3.",1,1,"","","NCC 2022 Vol1","",0,"","","false","","NCC2022_Volume1_Tables_ClauseStyle.txt","2022"
"Vol1","D2","D","Table D2D18","table","Table D2D18","For the building, where Art gallery, exhibition area, museum applies, 4 m2 must be provided or applied in accordance with Specification D2D18. For the building, where Bar - standing applies, 0. 5m2 must be provided or applied in accordance with Specification D2D18. For the building, where Bar - other applies, 1 m2 must be provided or applied in accordance with Specification D2D18. For the building, where Board room applies, 2 m2 must be provided or applied in accordance with Specification D2D18. For the building, where Boarding house applies, 15 m2 must be provided or applied in accordance with Specification D2D18. For the building, where Cafe, church, dining room applies, 1 m2 must be provided or applied in accordance with Specification D2D18. For the building, where Carpark applies, 30 m2 must be provided or applied in accordance with Specification D2D18. For the building, where Computer room applies, 25 m2 must be provided or applied in accordance with Specification D2D18. For the building, where Court room - judicial area applies, 10 m2 must be provided or applied in accordance with Specification D2D18. For the building, where Court room - public seating applies, 1 m2 must be provided or applied in accordance with Specification D2D18. For the building, where Dance floor applies, 0. 5 m2 must be provided or applied in accordance with Specification D2D18. For the building, where Dormitory applies, 5 m2 must be provided or applied in accordance with Specification D2D18. For the building, where Early childhood centre applies, 4 m2 must be provided or applied in accordance with Specification D2D18. For the building, where Factory - machine shop, fitting shop or like place for cutting, grading, finishing or fitting of metals or glass, except in the fabrication of structural steelwork or manufacture of vehicles or bulky products applies, 5 m2 must be provided or applied in accordance with Specification D2D18. For the building, where Factory - areas used for fabrication and processing other than a machine shop, fitting shop or the like. apply, 50 m2 must be provided or applied in accordance with Specification D2D18. For the building, where Factory - a space in which the layout and natural use of fixed plant or equipment determines the number of persons who will occupy the space during working hours apply, Area per person determined by the use of the plant or equipment must be provided or applied in accordance with Specification D2D18. For the building, where Gymnasium applies, 3 m2 must be provided or applied in accordance with Specification D2D18. For the building, where Hostel, hotel, motel, guest house applies, 15 m2 must be provided or applied in accordance with Specification D2D18. For the building, where Indoor sports stadium-arena applies, 10 m2 must be provided or applied in accordance with Specification D2D18. For the building, where Kiosk applies, 1 m2 must be provided or applied in accordance with Specification D2D18. For the building, where Kitchen, laboratory, laundry applies, 10 m2 must be provided or applied in accordance with Specification D2D18. For the building, where Library - reading space applies, 2 m2 must be provided or applied in accordance with Specification D2D18. For the building, where Library - storage space applies, 30 m2 must be provided or applied in accordance with Specification D2D18. For the building, where Office, including one for typewriting or document copying applies, 10 m2 must be provided or applied in accordance with Specification D2D18. For the building, where Patient care areas applies, 10 m2 must be provided or applied in accordance with Specification D2D18. For the building, where Plant room - ventilation, electrical or other service units applies, 30 m2 must be provided or applied in accordance with Specification D2D18. For the building, where Plant room - boilers or power plant applies, 50 m2 must be provided or applied in accordance with Specification D2D18. For the building, where Reading room applies, 2 m2 must be provided or applied in accordance with Specification D2D18. For the building, where Restaurant applies, 1 m2 must be provided or applied in accordance with Specification D2D18. For the building, where School- general classroom applies, 2 m2 must be provided or applied in accordance with Specification D2D18. For the building, where School- multi-purpose hall applies, 1 m2 must be provided or applied in accordance with Specification D2D18. For the building, where School - staff room applies, 10 m2 must be provided or applied in accordance with Specification D2D18. For the building, where School - trade and practical area - primary apply, 4 m2 must be provided or applied in accordance with Specification D2D18. For the building, where School - trade and practical area - secondary apply, As for workshop must be provided or applied in accordance with Specification D2D18. For the building, where Shop - space for sale of goods - at a level entered direct from the open air or any lower level applies, 3 m2 must be provided or applied in accordance with Specification D2D18. For the building, where Shop - space for sale of goods - all other levels applies, 5 m2 must be provided or applied in accordance with Specification D2D18.",1,1,"","","NCC 2022 Vol1","",0,"","","false","","NCC2022_Volume1_Tables_ClauseStyle.txt","2022"
"Vol1","D2","D","Table D2D18_2","table","Table D2D18_2","For the building, where Showroom - display area, covered mall or arcade applies, 5 m2 must be provided or applied in accordance with Specification D2D18. For the building, where Skating rink, based on rink area applies, 1. 5 m2 must be provided or applied in accordance with Specification D2D18. For the building, where Spectator stand, audience viewing area - standing viewing area applies, 0. 3 m2 must be provided or applied in accordance with Specification D2D18. For the building, where Spectator stand, audience viewing area - removable seating applies, 1 m2 must be provided or applied in accordance with Specification D2D18. For the building, where Spectator stand, audience viewing area - fixed seating applies, Per number of seats must be provided or applied in accordance with Specification D2D18. For the building, where Spectator stand, audience viewing area - bench seating applies, 450 mm/person must be provided or applied in accordance with Specification D2D18. For the building, where Storage space applies, 30 m2 must be provided or applied in accordance with Specification D2D18. For the building, where Swimming pool, based on pool area applies, 1. 5 m2 must be provided or applied in accordance with Specification D2D18. For the building, where Switch room, transformer room applies, 30 m2 must be provided or applied in accordance with Specification D2D18. For the building, where Telephone exchange - private applies, 30 m2 must be provided or applied in accordance with Specification D2D18. For the building, where Theatre and public hall apply, 1 m2 must be provided or applied in accordance with Specification D2D18. For the building, where Theatre dressing room applies, 4 m2 must be provided or applied in accordance with Specification D2D18. For the building, where Transport terminal applies, 2 m2 must be provided or applied in accordance with Specification D2D18. For the building, where Workshop - for maintenance staff applies, 30 m2 must be provided or applied in accordance with Specification D2D18. For the building, where Workshop - for manufacturing processes applies, As for factory must be provided or applied in accordance with Specification D2D18.",1,1,"","","NCC 2022 Vol1","",0,"","","false","","NCC2022_Volume1_Tables_ClauseStyle.txt","2022"
"Vol1","D2","D","Table D2D18_4","table","Table D2D18_4","For the building, where Entertainment venue - other than auditorium applies, 1. 2 m2 must be provided or applied in accordance with Specification D2D18. For the building, where Factory - machine shop, fitting shop or like place for cutting, grading, finishing or fitting of metals or glass, except in the fabrication of structural steelwork or manufacture of vehicles or bulky products applies, 5 m2 must be provided or applied in accordance with Specification D2D18. For the building, where Factory - areas used for fabrication and processing other than a machine shop, fitting shop or the like apply, 50 m2 must be provided or applied in accordance with Specification D2D18. For the building, where Factory - a space in which the layout and natural use of fixed plant or equipment determines the number of persons who will occupy the space during working hours apply, Area per person determined by the use of the plant or equipment must be provided or applied in accordance with Specification D2D18. For the building, where Gymnasium applies, 3 m2 must be provided or applied in accordance with Specification D2D18. For the building, where Hostel, hotel, motel, guest house applies, 15 m2 must be provided or applied in accordance with Specification D2D18. For the building, where Indoor sports stadium-arena applies, 10 m2 must be provided or applied in accordance with Specification D2D18. For the building, where Kiosk applies, 1 m2 must be provided or applied in accordance with Specification D2D18. For the building, where Kitchen, laboratory, laundry applies, 10 m2 must be provided or applied in accordance with Specification D2D18. For the building, where Library - reading space applies, 2 m2 must be provided or applied in accordance with Specification D2D18. For the building, where Library - storage space applies, 30 m2 must be provided or applied in accordance with Specification D2D18. For the building, where Office, including one for typewriting or document copying applies, 10 m2 must be provided or applied in accordance with Specification D2D18. For the building, where Patient care areas applies, 10 m2 must be provided or applied in accordance with Specification D2D18. For the building, where Plant room -ventilation, electrical or other service units applies, 30 m2 must be provided or applied in accordance with Specification D2D18. For the building, where Plant room - boilers or power plant applies, 50 m2 must be provided or applied in accordance with Specification D2D18. For the building, where Reading room applies, 2 m2 must be provided or applied in accordance with Specification D2D18. For the building, where Restaurant applies, 1 m2 must be provided or applied in accordance with Specification D2D18. For the building, where School- general classroom applies, 2 m2 must be provided or applied in accordance with Specification D2D18. For the building, where School- multi-purpose hall applies, 1 m2 must be provided or applied in accordance with Specification D2D18. For the building, where School - staff room applies, 10 m2 must be provided or applied in accordance with Specification D2D18. For the building, where School - trade and practical area - primary apply, 4 m2 must be provided or applied in accordance with Specification D2D18. For the building, where School - trade and practical area - secondary apply, As for workshop must be provided or applied in accordance with Specification D2D18. For the building, where Shop - space for sale of goods - at a level entered direct from the open air or any lower level applies, 3 m2 must be provided or applied in accordance with Specification D2D18. For the building, where Shop - space for sale of goods - all other levels applies, 5 m2 must be provided or applied in accordance with Specification D2D18. For the building, where Showroom - display area, covered mall or arcade applies, 5 m2 must be provided or applied in accordance with Specification D2D18. For the building, where Skating rink, based on rink area applies, 1. 5 m2 must be provided or applied in accordance with Specification D2D18. For the building, where Small live music or arts venue - dance floor applies, 0. 5 m2 must be provided or applied in accordance with Specification D2D18. For the building, where Small live music or arts venue - Information and education facility apply, 4 m2 must be provided or applied in accordance with Specification D2D18. For the building, where Small live music or arts venue - other applies, 1 m2 must be provided or applied in accordance with Specification D2D18. For the building, where Spectator stand, audience viewing area - standing viewing area applies, 0. 3 m2 must be provided or applied in accordance with Specification D2D18. For the building, where Spectator stand, audience viewing area - removable seating applies, 1 m2 must be provided or applied in accordance with Specification D2D18. For the building, where Spectator stand, audience viewing area - fixed seating applies, Per number of seats must be provided or applied in accordance with Specification D2D18. For the building, where Spectator stand, audience viewing area - bench seating applies, 450 mm/person must be provided or applied in accordance with Specification D2D18. For the building, where Storage space applies, 30 m2 must be provided or applied in accordance with Specification D2D18. For the building, where Swimming pool, based on pool area applies, 1. 5 m2 must be provided or applied in accordance with Specification D2D18. For the building, where Switch room, transformer room applies, 30 m2 must be provided or applied in accordance with Specification D2D18.",1,1,"","","NCC 2022 Vol1","",0,"","","false","","NCC2022_Volume1_Tables_ClauseStyle.txt","2022"
"Vol1","D2","D","Table D2D18_5","table","Table D2D18_5","For the building, where Telephone exchange - private applies, 30 m2 must be provided or applied in accordance with Specification D2D18. For the building, where Theatre dressing room applies, 4 m2 must be provided or applied in accordance with Specification D2D18. For the building, where Transport terminal applies, 2 m2 must be provided or applied in accordance with Specification D2D18. For the building, where Workshop - for maintenance staff applies, 30 m2 must be provided or applied in accordance with Specification D2D18. For the building, where Workshop - for manufacturing processes applies, As for factory must be provided or applied in accordance with Specification D2D18.",1,1,"","","NCC 2022 Vol1","",0,"","","false","","NCC2022_Volume1_Tables_ClauseStyle.txt","2022"
"Vol1","D3","D","Table D3D14","table","Table D3D14","For the building element, where Stairway location; and Max; and Min; and Max; and Min; and Max apply, Min must be provided or applied in accordance with Specification D3D14. For the building, where Public; and 190; and 115; and 355; and 250; and 700 apply, 550 must be provided or applied in accordance with Specification D3D14. For the building, where Private Note 1; and 190; and 115; and 355; and 240; and 700 apply, 550 must be provided or applied in accordance with Specification D3D14.",1,1,"","","NCC 2022 Vol1","",0,"","","false","","NCC2022_Volume1_Tables_ClauseStyle.txt","2022"
"Vol1","D3","D","Table D3D15","table","Table D3D15","For the building, where Ramp steeper than 1: 14; and P4 or R11 apply, P5 or R12 must be provided or applied in accordance with Specification D3D15. For the building, where Ramp steeper than 1: 20 but not steeper than 1: 14; and P3 or R10 apply, P4 or R11 must be provided or applied in accordance with Specification D3D15. For the building, where Tread or landing surface; and P3 or R10 apply, P4 or R11 must be provided or applied in accordance with Specification D3D15. For the building, where Nosing or landing edge strip; and P3 apply, P4 must be provided or applied in accordance with Specification D3D15.",1,1,"","","NCC 2022 Vol1","",0,"","","false","","NCC2022_Volume1_Tables_ClauseStyle.txt","2022"
"Vol1","D3","D","Table D3D21a","table","Table D3D21a","For the building, where Wire dia. (mm); and Lay; and Wire spacing (mm); and 600; and 800; and 900; and 1000; and 1200; and 1500; and 1800; and 2000 apply, 2500 must be provided or applied in accordance with Specification D3D21. For the building, where 2. 5; and 7x7; and 60; and 55; and 190; and 263; and 415; and 478; and 823; and 1080; and 1139 apply, X must be provided or applied in accordance with Specification D3D21. For the building, where 2. 5; and 7x7; and 80; and 382; and 630; and 730; and 824; and 1025; and 1288; and X; and X apply, X must be provided or applied in accordance with Specification D3D21. For the building, where 2. 5; and 7x7; and 100; and 869; and 1218; and 1368; and X; and X; and X; and X; and X apply, X must be provided or applied in accordance with Specification D3D21. For the building, where 2. 5; and 1x19; and 60; and 35; and 218; and 310; and 402; and 585; and 810; and 1125; and 1325 apply, X must be provided or applied in accordance with Specification D3D21. For the building, where 2. 5; and 1x19; and 80; and 420; and 630; and 735; and 840; and 1050; and 1400; and 1750; and X apply, X must be provided or applied in accordance with Specification D3D21. For the building, where 2. 5; and 1x19; and 100; and 1140; and 1565; and X; and X; and X; and X; and X; and X apply, X must be provided or applied in accordance with Specification D3D21. For the building, where 3. 0; and 7x7; and 60; and 15; and 178; and 270; and 314; and 506; and 660; and 965; and 1168 apply, 1491 must be provided or applied in accordance with Specification D3D21. For the building, where 3. 0; and 7x7; and 80; and 250; and 413; and 500; and 741; and 818; and 1083; and 1370; and 1565 apply, X must be provided or applied in accordance with Specification D3D21. For the building, where 3. 0; and 7x7; and 100; and 865; and 1278; and 1390; and 1639; and X; and X; and X; and X apply, X must be provided or applied in accordance with Specification D3D21. For the building, where 3. 0; and 1x19; and 60; and 25; and 183; and 261; and 340; and 520; and 790; and 1025; and 1180 apply, X must be provided or applied in accordance with Specification D3D21. For the building, where 3. 0; and 1x19; and 80; and 325; and 555; and 670; and 785; and 1015; and 1330; and 1725; and 1980 apply, X must be provided or applied in accordance with Specification D3D21. For the building, where 3. 0; and 1x19; and 100; and 1090; and 1500; and 1705; and 1910; and X; and X; and X; and X apply, X must be provided or applied in accordance with Specification D3D21. For the building, where 4. 0; and 7x7; and 60; and 5; and 73; and 97; and 122; and 235; and 440; and 664; and 813 apply, 1178 must be provided or applied in accordance with Specification D3D21. For the building, where 4. 0; and 7x7; and 80; and 196; and 422; and 480; and 524; and 760; and 1100; and 1358; and 1530 apply, 2130 must be provided or applied in accordance with Specification D3D21. For the building, where 4. 0; and 7x7; and 100; and 835; and 1182; and 1360; and 1528; and 1837; and 2381; and 2811; and 3098 apply, X must be provided or applied in accordance with Specification D3D21. For the building, where 4. 0; and 1x19; and 60; and 5; and 5; and 10; and 15; and 20; and 147; and 593; and 890 apply, 1280 must be provided or applied in accordance with Specification D3D21. For the building, where 4. 0; and 1x19; and 80; and 30; and 192; and 300; and 415; and 593; and 1105; and 1303; and 1435 apply, 1844 must be provided or applied in accordance with Specification D3D21. For the building, where 4. 0; and 1x19; and 100; and 853; and 1308; and 1487; and 1610; and 2048; and 2608; and 3094; and 3418 apply, 3849 must be provided or applied in accordance with Specification D3D21. For the building, where 4. 0; and 7x19; and 60; and 155; and 290; and 358; and 425; and 599; and 860; and 1080; and 1285 apply, 1540 must be provided or applied in accordance with Specification D3D21. For the building, where 4. 0; and 7x19; and 80; and 394; and 654; and 785; and 915; and 1143; and 1485; and 1860; and 2105 apply, 2615 must be provided or applied in accordance with Specification D3D21. For the building, where 4. 0; and 7x19; and 100; and 1038; and 1412; and 1598; and 1785; and 2165; and 2735; and X; and X apply, X must be provided or applied in accordance with Specification D3D21.",1,1,"","","NCC 2022 Vol1","",0,"","","false","","NCC2022_Volume1_Tables_ClauseStyle.txt","2022"
"Vol1","D3","D","Table D3D21b","table","Table D3D21b","For the building, where 2. 5; and 7x19; and 80 apply, 145 must be provided or applied in accordance with Specification D3D21. For the building, where 2. 5; and 7x19; and 100 apply, 310 must be provided or applied in accordance with Specification D3D21. For the building, where 2. 5; and 7x19; and 110 apply, 610 must be provided or applied in accordance with Specification D3D21. For the building, where 2. 5; and 7x7; and 80 apply, 130 must be provided or applied in accordance with Specification D3D21. For the building, where 2. 5; and 7x7; and 100 apply, 280 must be provided or applied in accordance with Specification D3D21. For the building, where 2. 5; and 7x7; and 110 apply, 500 must be provided or applied in accordance with Specification D3D21.",1,1,"","","NCC 2022 Vol1","",0,"","","false","","NCC2022_Volume1_Tables_ClauseStyle.txt","2022"
"Vol1","D3","D","Table D3D21c","table","Table D3D21c","For the building, where Wire dia. (mm); and Wire spacing (mm); and 600; and 900; and 1200; and 1500; and 1800 apply, 2000 must be provided or applied in accordance with Specification D3D21. For the building, where 2. 5; and 60; and 17; and 11; and 9; and 8; and 8 apply, 8 must be provided or applied in accordance with Specification D3D21. For the building, where 2. 5; and 80; and 7; and 5; and 5; and 5; and X apply, X must be provided or applied in accordance with Specification D3D21. For the building, where 3. 0; and 60; and 19; and 13; and 8; and 7; and 7 apply, 7 must be provided or applied in accordance with Specification D3D21. For the building, where 3. 0; and 80; and 8; and 6; and 6; and 5; and 5 apply, 5 must be provided or applied in accordance with Specification D3D21. For the building, where 4. 0; and 60; and 18; and 12; and 8; and 8; and 7 apply, 7 must be provided or applied in accordance with Specification D3D21. For the building, where 4. 0; and 80; and 8; and 6; and 4; and 4; and 4 apply, 4 must be provided or applied in accordance with Specification D3D21.",1,1,"","","NCC 2022 Vol1","",0,"","","false","","NCC2022_Volume1_Tables_ClauseStyle.txt","2022"
"Vol1","D4","D","Table D4D2a","table","Table D4D2a","For the building, where 4 to 10 applies, 1 must be provided or applied in accordance with Specification D4D2. For the building, where 11 to 40 applies, 2 must be provided or applied in accordance with Specification D4D2. For the building, where 41 to 60 applies, 3 must be provided or applied in accordance with Specification D4D2. For the building, where 61 to 80 applies, 4 must be provided or applied in accordance with Specification D4D2. For the building, where 81 to 100 applies, 5 must be provided or applied in accordance with Specification D4D2. For the building, where More than 100 applies, 5 dwellings plus 1 additional dwelling for each additional 30 dwellings or part thereof in excess of 100 dwellings must be provided or applied in accordance with Specification D4D2.",1,1,"","","NCC 2022 Vol1","",0,"","","false","","NCC2022_Volume1_Tables_ClauseStyle.txt","2022"
"Vol1","D4","D","Table D4D2b","table","Table D4D2b","For the building, where 1 to 10 applies, 1 must be provided or applied in accordance with Specification D4D2. For the building, where 11 to 40 applies, 2 must be provided or applied in accordance with Specification D4D2. For the building, where 41 to 60 applies, 3 must be provided or applied in accordance with Specification D4D2. For the building, where 61 to 80 applies, 4 must be provided or applied in accordance with Specification D4D2. For the building, where 81 to 100 applies, 5 must be provided or applied in accordance with Specification D4D2. For the building, where 101 to 200 applies, 5 sole-occupancy units plus 1 additional sole-occupancy unit for each additional 25 units or part thereof in excess of 100 must be provided or applied in accordance with Specification D4D2. For the building, where 201 to 500 applies, 9 sole-occupancy units plus 1 additional sole-occupancy unit for each additional 30 units or part thereof in excess of 200 must be provided or applied in accordance with Specification D4D2. For the building, where More than 500 applies, 19 sole-occupancy units plus 1 additional sole-occupancy unit for each additional 50 units or part thereof in excess of 500 must be provided or applied in accordance with Specification D4D2.",1,1,"","","NCC 2022 Vol1","",0,"","","false","","NCC2022_Volume1_Tables_ClauseStyle.txt","2022"
"Vol1","D4","D","Table D4D10","table","Table D4D10","For the building, where Fixed seats in a room or space; and Minimum spaces required; and 1 additional space required per Note 2; and Min. single spaces; and Min. groups of 2 spaces; and Max. spaces in any other group apply, the relevant requirement must be met in accordance with Specification D4D10. For the building, where Up to 150; and 3; and 1; and 1 apply, No must be provided or applied in accordance with Specification D4D10. For the building, where 151 to 800; and 3; and 50 seats in excess of 150 seats; and 1; and 1; and 5 apply, No must be provided or applied in accordance with Specification D4D10. For the building, where 801 to 10 000; and 16; and 100 seats in excess of 800 seats; and 2; and 2; and 5 apply, Yes must be provided or applied in accordance with Specification D4D10. For the building, where More than 10 000; and 108; and 200 seats in excess of 10 000 seats; and 5; and 5; and 10 apply, Yes must be provided or applied in accordance with Specification D4D10.",1,1,"","","NCC 2022 Vol1","",0,"","","false","","NCC2022_Volume1_Tables_ClauseStyle.txt","2022"
"Vol1","E3","E","Table E3D5","table","Table E3D5","For the building, where Minimum depth of car applies, 2280 must be provided or applied in accordance with Specification E3D5. For the building, where Minimum width of car applies, 1600 must be provided or applied in accordance with Specification E3D5. For the building, where Minimum floor to ceiling height applies, 2300 must be provided or applied in accordance with Specification E3D5.",1,1,"","","NCC 2022 Vol1","",0,"","","false","","NCC2022_Volume1_Tables_ClauseStyle.txt","2022"
"Vol1","E3","E","Table E3D5_2","table","Table E3D5_2","For the building, where Minimum door height applies, 2100 must be provided or applied in accordance with Specification E3D5. For the building, where Minimum door width applies, 1300 must be provided or applied in accordance with Specification E3D5.",1,1,"","","NCC 2022 Vol1","",0,"","","false","","NCC2022_Volume1_Tables_ClauseStyle.txt","2022"
"Vol1","E4","E","Table S21C2","table","Table S21C2","For Class 2, where Class 2, 3 or 5; and 5 apply, 1. 5 must be provided or applied in accordance with Specification S21C2. For Class 6, where Class 6; and 10 apply, 5 must be provided or applied in accordance with Specification S21C2. For Class 7 or 8, where Class 7 or 8; and 15 apply, 5 must be provided or applied in accordance with Specification S21C2. For Class 9, where Class 9 - generally; and 5 apply, 1. 5 must be provided or applied in accordance with Specification S21C2. For Class 9b, where Class 9b buildings covered by Part I1 (see Note) or exhibition halls; and 10 apply, 5 must be provided or applied in accordance with Specification S21C2.",1,1,"","","NCC 2022 Vol1","",0,"","","false","","NCC2022_Volume1_Tables_ClauseStyle.txt","2022"
"Vol1","F1","F","Table F1D8","table","Table F1D8","For the building, where A; and 2000; and 1000; and 150 apply, 400 must be provided or applied in accordance with Specification F1D8. For the building, where B; and 4000; and 2000; and 150 apply, 400 must be provided or applied in accordance with Specification F1D8. For the building, where C; and 6000; and 3000; and 150 apply, 400 must be provided or applied in accordance with Specification F1D8.",1,1,"","","NCC 2022 Vol1","",0,"","","false","","NCC2022_Volume1_Tables_ClauseStyle.txt","2022"
"Vol1","F3","F","Table F3V1a","table","Table F3V1a","For the building, where Wind region; and Region A0-5 (AS/NZS 1170. 2); and Low to medium apply, 0 must be provided or applied in accordance with Specification F3V1. For the building, where Wind region; and Region B1-2 (AS/NZS 1170. 2); and Low to medium apply, 0 must be provided or applied in accordance with Specification F3V1. For the building, where Wind region; and Region C (AS/NZS 1170. 2); and High apply, 1 must be provided or applied in accordance with Specification F3V1. For the building, where Wind region; and Region D (AS/NZS 1170. 2); and Very high apply, 2 must be provided or applied in accordance with Specification F3V1. For the building, where Number of storeys; and One storey; and Low apply, 0 must be provided or applied in accordance with Specification F3V1. For the building, where Number of storeys; and Two storeys in part; and Medium apply, 1 must be provided or applied in accordance with Specification F3V1. For the building, where Number of storeys; and Two storeys; and High apply, 2 must be provided or applied in accordance with Specification F3V1. For the building, where Number of storeys; and More than two storeys; and Very high apply, 4 must be provided or applied in accordance with Specification F3V1. For the building, where Roof/wall junctions; and Roof-to-wall junctions fully protected; and Low apply, 0 must be provided or applied in accordance with Specification F3V1. For the building, where Roof/wall junctions; and Roof-to-wall junctions partially exposed; and Medium apply, 1 must be provided or applied in accordance with Specification F3V1. For the building, where Roof/wall junctions; and Roof-to-wall junctions fully exposed; and High apply, 3 must be provided or applied in accordance with Specification F3V1. For the building, where Roof/wall junctions; and Roof elements finishing within the boundaries formed by the external walls; and Very high apply, 5 must be provided or applied in accordance with Specification F3V1. For the building, where Eaves width; and More than 600 mm for single storey; and Low apply, 0 must be provided or applied in accordance with Specification F3V1. For the building, where Eaves width; and 451-600 mm for single storey; and Medium apply, 1 must be provided or applied in accordance with Specification F3V1. For the building, where Eaves width; and More than 600 mm for two storey; and Medium apply, 1 must be provided or applied in accordance with Specification F3V1. For the building, where Eaves width; and 101-450 mm for single storey; and High apply, 2 must be provided or applied in accordance with Specification F3V1.",1,1,"","","NCC 2022 Vol1","",0,"","","false","","NCC2022_Volume1_Tables_ClauseStyle.txt","2022"
"Vol1","F3","F","Table F3V1_2","table","Table F3V1_2","For the building, where 451-600 mm for two storey applies, the relevant requirement must be met in accordance with Specification F3V1. For the building, where More than 600 mm for above two storey applies, the relevant requirement must be met in accordance with Specification F3V1. For the building, where 0-100 mm for single storey; and Very high apply, 5 must be provided or applied in accordance with Specification F3V1. For the building, where 0-450 mm for two storey; and Very high apply, 5 must be provided or applied in accordance with Specification F3V1. For the building, where Less than 600 mm for above two storey; and Very high apply, 5 must be provided or applied in accordance with Specification F3V1. For the building, where Envelope complexity; and Simple shape with single cladding type; and Low apply, 0 must be provided or applied in accordance with Specification F3V1. For the building, where Envelope complexity; and Complex shape with   two cladding types; and Medium apply, 1 must be provided or applied in accordance with Specification F3V1. For the building, where Envelope complexity; and Complex shape with more than two cladding types; and High apply, 3 must be provided or applied in accordance with Specification F3V1. For the building, where Envelope complexity; and As for high risk but with fully exposed roof-to- wall junctions; and Very high apply, 6 must be provided or applied in accordance with Specification F3V1. For the building, where Decks, porches and balconies; and None; and Low apply, 0 must be provided or applied in accordance with Specification F3V1. For the building, where Decks, porches and balconies; and Timber slat deck or porch at ground level; and Low apply, 0 must be provided or applied in accordance with Specification F3V1. For the building, where Decks, porches and balconies; and Fully covered in plan view by roof; and Medium apply, 2 must be provided or applied in accordance with Specification F3V1. For the building, where Decks, porches and balconies; and Timber slat deck attached at first or second floor level; and Medium apply, 2 must be provided or applied in accordance with Specification F3V1. For the building, where Decks, porches and balconies; and Balcony exposed in plan view at first floor level; and High apply, 4 must be provided or applied in accordance with Specification F3V1. For the building, where Decks, porches and balconies; and Balcony cantilevered at first floor level; and High apply, 4 must be provided or applied in accordance with Specification F3V1. For the building, where Decks, porches and balconies; and Balcony exposed in plan view at second floor level or above; and Very high apply, 6 must be provided or applied in accordance with Specification F3V1. For the building, where Decks, porches and balconies; and Balcony cantilevered at second floor level or above; and Very high apply, 6 must be provided or applied in accordance with Specification F3V1.",1,1,"","","NCC 2022 Vol1","",0,"","","false","","NCC2022_Volume1_Tables_ClauseStyle.txt","2022"
"Vol1","F3","F","Table F3V1b","table","Table F3V1b","For the building, where Stage number; and Min apply, Max must be provided or applied in accordance with Specification F3V1. For the building, where 1; and 15 apply, 30 must be provided or applied in accordance with Specification F3V1. For the building, where 2; and 20 apply, 40 must be provided or applied in accordance with Specification F3V1. For the building, where 3; and 30 apply, 60 must be provided or applied in accordance with Specification F3V1.",1,1,"","","NCC 2022 Vol1","",0,"","","false","","NCC2022_Volume1_Tables_ClauseStyle.txt","2022"
"Vol1","F4","F","Table F4D4a","table","Table F4D4a","For the building, where Male employees; and Closet pans; and 1 - 20 apply, 1 must be provided or applied in accordance with Specification F4D4. For the building, where Male employees; and Closet pans; and >20 apply, Add 1 per 20 must be provided or applied in accordance with Specification F4D4. For the building, where Male employees; and Urinals; and 1 - 10 apply, 0 must be provided or applied in accordance with Specification F4D4. For the building, where Male employees; and Urinals; and 11 - 25 apply, 1 must be provided or applied in accordance with Specification F4D4. For the building, where Male employees; and Urinals; and 26 - 50 apply, 2 must be provided or applied in accordance with Specification F4D4. For the building, where Male employees; and Urinals; and >50 apply, Add 1 per 50 must be provided or applied in accordance with Specification F4D4. For the building, where Male employees; and Washbasins; and 1 - 30 apply, 1 must be provided or applied in accordance with Specification F4D4. For the building, where Male employees; and Washbasins; and >30 apply, Add 1 per 30 must be provided or applied in accordance with Specification F4D4. For the building, where Female employees; and Closet pans; and 1 - 15 apply, 1 must be provided or applied in accordance with Specification F4D4. For the building, where Female employees; and Closet pans; and >15 apply, Add 1 per 15 must be provided or applied in accordance with Specification F4D4. For the building, where Female employees; and Washbasins; and 1 - 30 apply, 1 must be provided or applied in accordance with Specification F4D4. For the building, where Female employees; and Washbasins; and >30 apply, Add 1 per 30 must be provided or applied in accordance with Specification F4D4.",1,1,"","","NCC 2022 Vol1","",0,"","","false","","NCC2022_Volume1_Tables_ClauseStyle.txt","2022"
"Vol1","F4","F","Table F4D4b","table","Table F4D4b","For the building, where Male employees; and Closet pans; and 1 - 20 apply, 1 must be provided or applied in accordance with Specification F4D4. For the building, where Male employees; and Closet pans; and >20 apply, Add 1 per 20 must be provided or applied in accordance with Specification F4D4. For the building, where Male employees; and Urinals; and 1 - 10 apply, 0 must be provided or applied in accordance with Specification F4D4. For the building, where Male employees; and Urinals; and 11 - 25 apply, 1 must be provided or applied in accordance with Specification F4D4. For the building, where Male employees; and Urinals; and 26 - 50 apply, 2 must be provided or applied in accordance with Specification F4D4. For the building, where Male employees; and Urinals; and >50 apply, Add 1 per 50 must be provided or applied in accordance with Specification F4D4. For the building, where Male employees; and Washbasins; and 1 - 20 apply, 1 must be provided or applied in accordance with Specification F4D4. For the building, where Male employees; and Washbasins; and >20 apply, Add 1 per 20 must be provided or applied in accordance with Specification F4D4. For the building, where Female employees; and Closet pans; and 1 - 15 apply, 1 must be provided or applied in accordance with Specification F4D4. For the building, where Female employees; and Closet pans; and >15 apply, Add 1 per 15 must be provided or applied in accordance with Specification F4D4. For the building, where Female employees; and Washbasins; and 1 - 20 apply, 1 must be provided or applied in accordance with Specification F4D4. For the building, where Female employees; and Washbasins; and >20 apply, Add 1 per 20 must be provided or applied in accordance with Specification F4D4.",1,1,"","","NCC 2022 Vol1","",0,"","","false","","NCC2022_Volume1_Tables_ClauseStyle.txt","2022"
"Vol1","F4","F","Table F4D4c","table","Table F4D4c","For the building, where Male patrons; and Closet pans; and 1 - 1200 apply, 1 must be provided or applied in accordance with Specification F4D4. For the building, where Male patrons; and Closet pans; and >1200 apply, Add 1 per 1200 must be provided or applied in accordance with Specification F4D4. For the building, where Male patrons; and Urinals; and 1 - 600 apply, 1 must be provided or applied in accordance with Specification F4D4. For the building, where Male patrons; and Urinals; and >600 apply, Add 1 per 1200 must be provided or applied in accordance with Specification F4D4. For the building, where Male patrons; and Washbasins; and 1 - 600 apply, 1 must be provided or applied in accordance with Specification F4D4. For the building, where Male patrons; and Washbasins; and >600 apply, Add 1 per 1200 must be provided or applied in accordance with Specification F4D4. For the building, where Female patrons; and Closet pans; and 1 - 300 apply, 1 must be provided or applied in accordance with Specification F4D4. For the building, where Female patrons; and Closet pans; and 301 - 600 apply, 2 must be provided or applied in accordance with Specification F4D4. For the building, where Female patrons; and Closet pans; and >600 apply, Add 1 per 1200 must be provided or applied in accordance with Specification F4D4. For the building, where Female patrons; and Washbasins; and 1-600 apply, 1 must be provided or applied in accordance with Specification F4D4. For the building, where Female patrons; and Washbasins; and 601 - 1200 apply, 2 must be provided or applied in accordance with Specification F4D4. For the building, where Female patrons; and Washbasins; and >1200 apply, Add 1 per 1200 must be provided or applied in accordance with Specification F4D4.",1,1,"","","NCC 2022 Vol1","",0,"","","false","","NCC2022_Volume1_Tables_ClauseStyle.txt","2022"
"Vol1","F4","F","Table F4D4d","table","Table F4D4d","For the building, where Male patrons; and Closet pans; and 1 - 100 apply, 1 must be provided or applied in accordance with Specification F4D4. For the building, where Male patrons; and Closet pans; and 101 - 300 apply, 2 must be provided or applied in accordance with Specification F4D4. For the building, where Male patrons; and Closet pans; and >300 apply, Add 1 per 200 must be provided or applied in accordance with Specification F4D4. For the building, where Male patrons; and Urinals; and 1 - 50 apply, 1 must be provided or applied in accordance with Specification F4D4. For the building, where Male patrons; and Urinals; and 51 - 100 apply, 2 must be provided or applied in accordance with Specification F4D4. For the building, where Male patrons; and Urinals; and 101 - 150 apply, 3 must be provided or applied in accordance with Specification F4D4. For the building, where Male patrons; and Urinals; and 151 - 200 apply, 4 must be provided or applied in accordance with Specification F4D4. For the building, where Male patrons; and Urinals; and 201 - 250 apply, 5 must be provided or applied in accordance with Specification F4D4. For the building, where Male patrons; and Urinals; and >250 apply, Add 1 per 100 must be provided or applied in accordance with Specification F4D4. For the building, where Male patrons; and Washbasins; and 1 - 50 apply, 1 must be provided or applied in accordance with Specification F4D4. For the building, where Male patrons; and Washbasins; and 51 - 200 apply, 2 must be provided or applied in accordance with Specification F4D4. For the building, where Male patrons; and Washbasins; and >200 apply, Add 1 per 200 must be provided or applied in accordance with Specification F4D4. For the building, where Female patrons; and Closet pans; and 1 - 25 apply, 1 must be provided or applied in accordance with Specification F4D4. For the building, where Female patrons; and Closet pans; and 26 - 50 apply, 2 must be provided or applied in accordance with Specification F4D4. For the building, where Female patrons; and Closet pans; and 51 - 100 apply, 3 must be provided or applied in accordance with Specification F4D4. For the building, where Female patrons; and Closet pans; and 101 - 150 apply, 4 must be provided or applied in accordance with Specification F4D4. For the building, where Female patrons; and Closet pans; and 151 - 200 apply, 5 must be provided or applied in accordance with Specification F4D4. For the building, where Female patrons; and Closet pans; and 201 - 250 apply, 6 must be provided or applied in accordance with Specification F4D4. For the building, where Female patrons; and Closet pans; and >250 apply, Add 1 per 100 must be provided or applied in accordance with Specification F4D4. For the building, where Female patrons; and Washbasins; and 1 - 50 apply, 1 must be provided or applied in accordance with Specification F4D4. For the building, where Female patrons; and Washbasins; and 51 - 150 apply, 2 must be provided or applied in accordance with Specification F4D4. For the building, where Female patrons; and Washbasins; and >150 apply, Add 1 per 200 must be provided or applied in accordance with Specification F4D4.",1,1,"","","NCC 2022 Vol1","",0,"","","false","","NCC2022_Volume1_Tables_ClauseStyle.txt","2022"
"Vol1","F4","F","Table F4D4e","table","Table F4D4e","For the building, where Male patients; and Closet pans; and 1 - 16 apply, 2 must be provided or applied in accordance with Specification F4D4. For the building, where Male patients; and Closet pans; and >16 apply, Add 1 per 8 must be provided or applied in accordance with Specification F4D4. For the building, where Male patients; and Washbasins; and 1 - 8 apply, 1 must be provided or applied in accordance with Specification F4D4. For the building, where Male patients; and Washbasins; and >8 apply, Add 1 per 8 must be provided or applied in accordance with Specification F4D4. For the building, where Female patients; and Closet pans; and 1 - 16 apply, 2 must be provided or applied in accordance with Specification F4D4. For the building, where Female patients; and Closet pans; and >16 apply, Add 1 per 8 must be provided or applied in accordance with Specification F4D4. For the building, where Female patients; and Washbasins; and 1 - 8 apply, 1 must be provided or applied in accordance with Specification F4D4. For the building, where Female patients; and Washbasins; and >8 apply, Add 1 per 8 must be provided or applied in accordance with Specification F4D4.",1,1,"","","NCC 2022 Vol1","",0,"","","false","","NCC2022_Volume1_Tables_ClauseStyle.txt","2022"
"Vol1","F4","F","Table F4D4f","table","Table F4D4f","For the building, where Male employees; and Closet pans; and 1 - 20 apply, 1 must be provided or applied in accordance with Specification F4D4. For the building, where Male employees; and Closet pans; and >20 apply, Add 1 per 20 must be provided or applied in accordance with Specification F4D4. For the building, where Male employees; and Urinals; and 1 - 10 apply, 0 must be provided or applied in accordance with Specification F4D4. For the building, where Male employees; and Urinals; and 11 - 20 apply, 1 must be provided or applied in accordance with Specification F4D4. For the building, where Male employees; and Urinals; and 21 - 45 apply, 2 must be provided or applied in accordance with Specification F4D4. For the building, where Male employees; and Urinals; and >45 apply, Add 1 per 30 must be provided or applied in accordance with Specification F4D4. For the building, where Male employees; and Washbasins; and 1 -30 apply, 1 must be provided or applied in accordance with Specification F4D4. For the building, where Male employees; and Washbasins; and >30 apply, Add 1 per 30 must be provided or applied in accordance with Specification F4D4. For the building, where Female employees; and Closet pans; and 1 - 5 apply, 1 must be provided or applied in accordance with Specification F4D4. For the building, where Female employees; and Closet pans; and >5 apply, Add 1 per 15 must be provided or applied in accordance with Specification F4D4. For the building, where Female employees; and Washbasins; and 1 - 30 apply, 1 must be provided or applied in accordance with Specification F4D4. For the building, where Female employees; and Washbasins; and >30 apply, Add 1 per 30 must be provided or applied in accordance with Specification F4D4. For the building, where Male students; and Closet pans; and 1 - 25 apply, 1 must be provided or applied in accordance with Specification F4D4. For the building, where Male students; and Closet pans; and 26 - 75 apply, 2 must be provided or applied in accordance with Specification F4D4. For the building, where Male students; and Closet pans; and 76 - 150 apply, 3 must be provided or applied in accordance with Specification F4D4. For the building, where Male students; and Closet pans; and 151 - 200 apply, 4 must be provided or applied in accordance with Specification F4D4. For the building, where Male students; and Closet pans; and >200 apply, Add 1 per 100 must be provided or applied in accordance with Specification F4D4. For the building, where Male students; and Urinals; and 1 - 50 apply, 1 must be provided or applied in accordance with Specification F4D4. For the building, where Male students; and Urinals; and 51 - 100 apply, 2 must be provided or applied in accordance with Specification F4D4. For the building, where Male students; and Urinals; and >100 apply, Add 1 per 100 must be provided or applied in accordance with Specification F4D4. For the building, where Male students; and Washbasins; and 1 - 10 apply, 1 must be provided or applied in accordance with Specification F4D4. For the building, where Male students; and Washbasins; and 11 - 50 apply, 2 must be provided or applied in accordance with Specification F4D4. For the building, where Male students; and Washbasins; and 51 - 100 apply, 3 must be provided or applied in accordance with Specification F4D4. For the building, where Male students; and Washbasins; and >100 apply, Add 1 per 75 must be provided or applied in accordance with Specification F4D4. For the building, where Female students; and Closet pans; and 1 - 10 apply, 1 must be provided or applied in accordance with Specification F4D4.",1,1,"","","NCC 2022 Vol1","",0,"","","false","","NCC2022_Volume1_Tables_ClauseStyle.txt","2022"
"Vol1","F4","F","Table F4D4_7","table","Table F4D4_7","For the building, where 11 - 25 applies, 2 must be provided or applied in accordance with Specification F4D4. For the building, where 26 - 100 applies, Add 1 per 25 must be provided or applied in accordance with Specification F4D4. For the building, where >100 applies, Add 1 per 50 must be provided or applied in accordance with Specification F4D4. For the building, where Washbasins; and 1 - 10 apply, 1 must be provided or applied in accordance with Specification F4D4. For the building, where Washbasins; and 11 - 50 apply, 2 must be provided or applied in accordance with Specification F4D4. For the building, where Washbasins; and 51 - 100 apply, 3 must be provided or applied in accordance with Specification F4D4. For the building, where Washbasins; and >100 apply, Add 1 per 75 must be provided or applied in accordance with Specification F4D4.",1,1,"","","NCC 2022 Vol1","",0,"","","false","","NCC2022_Volume1_Tables_ClauseStyle.txt","2022"
"Vol1","F4","F","Table F4D4g","table","Table F4D4g","For the building, where Children; and Closet pans; and 1 - 30 apply, 2 must be provided or applied in accordance with Specification F4D4. For the building, where Children; and Closet pans; and >30 apply, Add 1 per 15 must be provided or applied in accordance with Specification F4D4. For the building, where Children; and Washbasins; and 1 - 30 apply, 2 must be provided or applied in accordance with Specification F4D4. For the building, where Children; and Washbasins; and >30 apply, Add 1 per 15 must be provided or applied in accordance with Specification F4D4.",1,1,"","","NCC 2022 Vol1","",0,"","","false","","NCC2022_Volume1_Tables_ClauseStyle.txt","2022"
"Vol1","F4","F","Table F4D4h","table","Table F4D4h","For the building, where Male participants; and Closet pans; and 1 - 20 apply, 1 must be provided or applied in accordance with Specification F4D4. For the building, where Male participants; and Closet pans; and >20 apply, Add 1 per 20 must be provided or applied in accordance with Specification F4D4. For the building, where Male participants; and Urinals; and 1 - 10 apply, 1 must be provided or applied in accordance with Specification F4D4. For the building, where Male participants; and Urinals; and >10 apply, Add 1 per 10 must be provided or applied in accordance with Specification F4D4. For the building, where Male participants; and Washbasins; and 1 - 10 apply, 1 must be provided or applied in accordance with Specification F4D4. For the building, where Male participants; and Washbasins; and >10 apply, Add 1 per 10 must be provided or applied in accordance with Specification F4D4. For the building, where Female participants; and Closet pans; and 1 - 10 apply, 1 must be provided or applied in accordance with Specification F4D4. For the building, where Female participants; and Closet pans; and >10 apply, Add 1 per 10 must be provided or applied in accordance with Specification F4D4. For the building, where Female participants; and Washbasins; and 1 - 10 apply, 1 must be provided or applied in accordance with Specification F4D4. For the building, where Female participants; and Washbasins; and >10 apply, Add 1 per 10 must be provided or applied in accordance with Specification F4D4. For the building, where Male spectators or patrons; and Closet pans; and 1 - 250 apply, 1 must be provided or applied in accordance with Specification F4D4. For the building, where Male spectators or patrons; and Closet pans; and 251 - 500 apply, 2 must be provided or applied in accordance with Specification F4D4. For the building, where Male spectators or patrons; and Closet pans; and >500 apply, Add 1 per 500 must be provided or applied in accordance with Specification F4D4. For the building, where Male spectators or patrons; and Urinals; and 1 - 100 apply, 1 must be provided or applied in accordance with Specification F4D4. For the building, where Male spectators or patrons; and Urinals; and >100 apply, Add 1 per 100 must be provided or applied in accordance with Specification F4D4. For the building, where Male spectators or patrons; and Washbasins; and 1 - 150 apply, 1 must be provided or applied in accordance with Specification F4D4. For the building, where Male spectators or patrons; and Washbasins; and >150 apply, Add 1 per 150 must be provided or applied in accordance with Specification F4D4.",1,1,"","","NCC 2022 Vol1","",0,"","","false","","NCC2022_Volume1_Tables_ClauseStyle.txt","2022"
"Vol1","F4","F","Table F4D4_10","table","Table F4D4_10","For the building, where Female spectators or patrons; and Closet pans; and 1 - 10 apply, 1 must be provided or applied in accordance with Specification F4D4. For the building, where Female spectators or patrons; and Closet pans; and 11 - 50 apply, 2 must be provided or applied in accordance with Specification F4D4. For the building, where Female spectators or patrons; and Closet pans; and >50 apply, Add 1 per 60 must be provided or applied in accordance with Specification F4D4. For the building, where Female spectators or patrons; and Washbasins; and 1 - 80 apply, 1 must be provided or applied in accordance with Specification F4D4. For the building, where Female spectators or patrons; and Washbasins; and 81 - 250 apply, 2 must be provided or applied in accordance with Specification F4D4. For the building, where Female spectators or patrons; and Washbasins; and 251 - 430 apply, 3 must be provided or applied in accordance with Specification F4D4. For the building, where Female spectators or patrons; and Washbasins; and >430 apply, Add 1 per 200 must be provided or applied in accordance with Specification F4D4.",1,1,"","","NCC 2022 Vol1","",0,"","","false","","NCC2022_Volume1_Tables_ClauseStyle.txt","2022"
"Vol1","F4","F","Table F4D4i","table","Table F4D4i","For the building, where Male patrons; and Closet pans; and 1 - 50 apply, 0 must be provided or applied in accordance with Specification F4D4. For the building, where Male patrons; and Closet pans; and 51 - 250 apply, 1 must be provided or applied in accordance with Specification F4D4. For the building, where Male patrons; and Closet pans; and 251 - 500 apply, 2 must be provided or applied in accordance with Specification F4D4. For the building, where Male patrons; and Closet pans; and >500 apply, Add 1 per 500 must be provided or applied in accordance with Specification F4D4. For the building, where Male patrons; and Urinals; and 1 - 50 apply, 0 must be provided or applied in accordance with Specification F4D4. For the building, where Male patrons; and Urinals; and 51 - 100 apply, 1 must be provided or applied in accordance with Specification F4D4. For the building, where Male patrons; and Urinals; and >100 apply, Add 1 per 100 must be provided or applied in accordance with Specification F4D4. For the building, where Male patrons; and Washbasins; and 1 - 50 apply, 0 must be provided or applied in accordance with Specification F4D4. For the building, where Male patrons; and Washbasins; and 51 - 150 apply, 1 must be provided or applied in accordance with Specification F4D4. For the building, where Male patrons; and Washbasins; and >150 apply, Add 1 per 150 must be provided or applied in accordance with Specification F4D4. For the building, where Female patrons; and Closet pans; and 1 - 50 apply, 0 must be provided or applied in accordance with Specification F4D4. For the building, where Female patrons; and Closet pans; and 51 - 110 apply, 3 must be provided or applied in accordance with Specification F4D4. For the building, where Female patrons; and Closet pans; and 111 - 170 apply, 4 must be provided or applied in accordance with Specification F4D4. For the building, where Female patrons; and Closet pans; and 171 - 230 apply, 5 must be provided or applied in accordance with Specification F4D4. For the building, where Female patrons; and Closet pans; and 231 - 250 apply, 6 must be provided or applied in accordance with Specification F4D4. For the building, where Female patrons; and Closet pans; and >250 apply, Add 1 per 80 must be provided or applied in accordance with Specification F4D4. For the building, where Female patrons; and Washbasins; and 1 - 50 apply, 0 must be provided or applied in accordance with Specification F4D4. For the building, where Female patrons; and Washbasins; and 51 - 150 apply, 1 must be provided or applied in accordance with Specification F4D4. For the building, where Female patrons; and Washbasins; and >150 apply, Add 1 per 150 must be provided or applied in accordance with Specification F4D4.",1,1,"","","NCC 2022 Vol1","",0,"","","false","","NCC2022_Volume1_Tables_ClauseStyle.txt","2022"
"Vol1","F4","F","Table F4D4j","table","Table F4D4j","For the building, where Male participants; and Closet pans; and 1 - 20 apply, 1 must be provided or applied in accordance with Specification F4D4. For the building, where Male participants; and Closet pans; and >20 apply, Add 1 per 20 must be provided or applied in accordance with Specification F4D4. For the building, where Male participants; and Urinals; and 1 - 10 apply, 1 must be provided or applied in accordance with Specification F4D4. For the building, where Male participants; and Urinals; and >10 apply, Add 1 per 10 must be provided or applied in accordance with Specification F4D4. For the building, where Male participants; and Washbasins; and 1 - 10 apply, 1 must be provided or applied in accordance with Specification F4D4. For the building, where Male participants; and Washbasins; and >10 apply, Add 1 per 10 must be provided or applied in accordance with Specification F4D4. For the building, where Female participants; and Closet pans; and 1 - 10 apply, 1 must be provided or applied in accordance with Specification F4D4. For the building, where Female participants; and Closet pans; and >10 apply, Add 1 per 10 must be provided or applied in accordance with Specification F4D4. For the building, where Female participants; and Washbasins; and 1 - 10 apply, 1 must be provided or applied in accordance with Specification F4D4. For the building, where Female participants; and Washbasins; and >10 apply, Add 1 per 10 must be provided or applied in accordance with Specification F4D4.",1,1,"","","NCC 2022 Vol1","",0,"","","false","","NCC2022_Volume1_Tables_ClauseStyle.txt","2022"
"Vol1","F4","F","Table F4D4_13","table","Table F4D4_13","For the building, where Male spectators or patrons; and Closet pans; and 1 - 250 apply, 1 must be provided or applied in accordance with Specification F4D4. For the building, where Male spectators or patrons; and Closet pans; and 251 - 500 apply, 2 must be provided or applied in accordance with Specification F4D4. For the building, where Male spectators or patrons; and Closet pans; and >500 apply, Add 1 per 500 must be provided or applied in accordance with Specification F4D4. For the building, where Male spectators or patrons; and Urinals; and 1 - 100 apply, 1 must be provided or applied in accordance with Specification F4D4. For the building, where Male spectators or patrons; and Urinals; and >100 apply, Add 1 per 100 must be provided or applied in accordance with Specification F4D4. For the building, where Male spectators or patrons; and Washbasins; and 1 - 150 apply, 1 must be provided or applied in accordance with Specification F4D4. For the building, where Male spectators or patrons; and Washbasins; and >150 apply, Add 1 per 150 must be provided or applied in accordance with Specification F4D4. For the building, where Female spectators or patrons; and Closet pans; and 1 - 15 apply, 1 must be provided or applied in accordance with Specification F4D4. For the building, where Female spectators or patrons; and Closet pans; and 16 - 60 apply, 2 must be provided or applied in accordance with Specification F4D4. For the building, where Female spectators or patrons; and Closet pans; and 61 - 120 apply, 3 must be provided or applied in accordance with Specification F4D4. For the building, where Female spectators or patrons; and Closet pans; and >120 apply, Add 1 per 70 must be provided or applied in accordance with Specification F4D4. For the building, where Female spectators or patrons; and Washbasins; and 1 - 60 apply, 1 must be provided or applied in accordance with Specification F4D4. For the building, where Female spectators or patrons; and Washbasins; and 61 - 200 apply, 2 must be provided or applied in accordance with Specification F4D4. For the building, where Female spectators or patrons; and Washbasins; and 201 - 350 apply, 3 must be provided or applied in accordance with Specification F4D4. For the building, where Female spectators or patrons; and Washbasins; and >350 apply, Add 1 per 150 must be provided or applied in accordance with Specification F4D4.",1,1,"","","NCC 2022 Vol1","",0,"","","false","","NCC2022_Volume1_Tables_ClauseStyle.txt","2022"
"Vol1","F4","F","Table F4D4k","table","Table F4D4k","For the building, where Male patrons; and Closet pans; and 1 - 300 apply, 1 must be provided or applied in accordance with Specification F4D4. For the building, where Male patrons; and Closet pans; and >300 apply, Add 1 per 500 must be provided or applied in accordance with Specification F4D4. For the building, where Male patrons; and Urinals; and 1 - 200 apply, 1 must be provided or applied in accordance with Specification F4D4. For the building, where Male patrons; and Urinals; and >200 apply, Add 1 per 200 must be provided or applied in accordance with Specification F4D4. For the building, where Male patrons; and Washbasins; and 1 - 250 apply, 1 must be provided or applied in accordance with Specification F4D4. For the building, where Male patrons; and Washbasins; and >250 apply, Add 1 per 250 must be provided or applied in accordance with Specification F4D4. For the building, where Female patrons; and Closet pans; and 1 - 150 apply, 1 must be provided or applied in accordance with Specification F4D4. For the building, where Female patrons; and Closet pans; and >150 apply, Add 1 per 150 must be provided or applied in accordance with Specification F4D4. For the building, where Female patrons; and Washbasins; and 1 - 250 apply, 1 must be provided or applied in accordance with Specification F4D4. For the building, where Female patrons; and Washbasins; and >250 apply, Add 1 per 250 must be provided or applied in accordance with Specification F4D4.",1,1,"","","NCC 2022 Vol1","",0,"","","false","","NCC2022_Volume1_Tables_ClauseStyle.txt","2022"
"Vol1","F4","F","Table F4D4l","table","Table F4D4l","For the building, where Male patrons; and Closet pans; and 1 - 100 apply, 1 must be provided or applied in accordance with Specification F4D4. For the building, where Male patrons; and Closet pans; and >100 apply, Add 1 per 200 must be provided or applied in accordance with Specification F4D4. For the building, where Male patrons; and Urinals; and 1 - 50 apply, 1 must be provided or applied in accordance with Specification F4D4. For the building, where Male patrons; and Urinals; and 51 - 100 apply, 2 must be provided or applied in accordance with Specification F4D4. For the building, where Male patrons; and Urinals; and 101 - 150 apply, 3 must be provided or applied in accordance with Specification F4D4. For the building, where Male patrons; and Urinals; and 151 - 200 apply, 4 must be provided or applied in accordance with Specification F4D4. For the building, where Male patrons; and Urinals; and 201 - 250 apply, 5 must be provided or applied in accordance with Specification F4D4. For the building, where Male patrons; and Urinals; and >250 apply, Add 1 per 100 must be provided or applied in accordance with Specification F4D4. For the building, where Male patrons; and Washbasins; and 1 - 50 apply, 1 must be provided or applied in accordance with Specification F4D4. For the building, where Male patrons; and Washbasins; and 51 - 200 apply, 2 must be provided or applied in accordance with Specification F4D4. For the building, where Male patrons; and Washbasins; and >200 apply, Add 1 per 200 must be provided or applied in accordance with Specification F4D4.",1,1,"","","NCC 2022 Vol1","",0,"","","false","","NCC2022_Volume1_Tables_ClauseStyle.txt","2022"
"Vol1","F4","F","Table F4D4_16","table","Table F4D4_16","For the building, where Female patrons; and Closet pans; and 1 - 25 apply, 1 must be provided or applied in accordance with Specification F4D4. For the building, where Female patrons; and Closet pans; and 26 - 50 apply, 2 must be provided or applied in accordance with Specification F4D4. For the building, where Female patrons; and Closet pans; and 51 - 100 apply, 3 must be provided or applied in accordance with Specification F4D4. For the building, where Female patrons; and Closet pans; and 101 - 150 apply, 4 must be provided or applied in accordance with Specification F4D4. For the building, where Female patrons; and Closet pans; and 151 - 200 apply, 5 must be provided or applied in accordance with Specification F4D4. For the building, where Female patrons; and Closet pans; and 201 - 250 apply, 6 must be provided or applied in accordance with Specification F4D4. For the building, where Female patrons; and Closet pans; and >250 apply, Add 1 per 100 must be provided or applied in accordance with Specification F4D4. For the building, where Female patrons; and Washbasins; and 1 - 50 apply, 1 must be provided or applied in accordance with Specification F4D4. For the building, where Female patrons; and Washbasins; and 51 - 150 apply, 2 must be provided or applied in accordance with Specification F4D4. For the building, where Female patrons; and Washbasins; and >150 apply, Add 1 per 200 must be provided or applied in accordance with Specification F4D4.",1,1,"","","NCC 2022 Vol1","",0,"","","false","","NCC2022_Volume1_Tables_ClauseStyle.txt","2022"
"Vol1","F6","F","Table F6V1","table","Table F6V1","For the building, where Carbon dioxide, CO2; and 8 hours apply, 850 ppm Note 1 must be provided or applied in accordance with Specification F6V1. For the building, where Carbon monoxide, CO; and 15 minutes apply, 90 ppm must be provided or applied in accordance with Specification F6V1. For the building, where Carbon monoxide, CO; and 30 minutes apply, 50 ppm must be provided or applied in accordance with Specification F6V1. For the building, where Carbon monoxide, CO; and 1 hour apply, 25 ppm must be provided or applied in accordance with Specification F6V1. For the building, where Carbon monoxide, CO; and 8 hours apply, 10 ppm must be provided or applied in accordance with Specification F6V1. For the building, where Formaldehyde, CH2O; and 30 minutes apply, 0. 1 mg/m3 must be provided or applied in accordance with Specification F6V1. For the building, where Nitrogen dioxide, NO2; and 1 year apply, 40 g/m3 (0. 0197 ppm) Note 2 must be provided or applied in accordance with Specification F6V1.",1,1,"","","NCC 2022 Vol1","",0,"","","false","","NCC2022_Volume1_Tables_ClauseStyle.txt","2022"
"Vol1","F6","F","Table F6V1_2","table","Table F6V1_2","For the building, where Nitrogen dioxide, NO2; and 1 hour apply, 200 g/m3 (0. 0987 ppm) must be provided or applied in accordance with Specification F6V1. For the building, where Ozone, O3; and 8 hour, daily maximum apply, 100 g/m3 (0. 0473 ppm) must be provided or applied in accordance with Specification F6V1. For the building, where Particulate matter, PM2. 5; and 1 year apply, 10 g/m3 must be provided or applied in accordance with Specification F6V1. For the building, where Particulate matter, PM2. 5; and 24 hour (99th percentile) apply, 25 g/m3 must be provided or applied in accordance with Specification F6V1. For the building, where Particulate matter, PM10; and 1 year apply, 20 g/m3 must be provided or applied in accordance with Specification F6V1. For the building, where Particulate matter, PM10; and 24 hour (99th percentile) apply, 50 g/m3 must be provided or applied in accordance with Specification F6V1. For the building, where Total volatile organic compounds; and 1 hour apply, 500 g/m3 must be provided or applied in accordance with Specification F6V1.",1,1,"","","NCC 2022 Vol1","",0,"","","false","","NCC2022_Volume1_Tables_ClauseStyle.txt","2022"
"Vol1","F8","F","Table F8D5","table","Table F8D5","For the building, where <10 deg applies, 25. 000 mm2/m provided at each of two opposing ends must be provided or applied in accordance with Specification F8D5. For the building, where 10 deg and <15 deg apply, 25. 000 mm2/m provided at the eaves and 5. 000 mm2/m at high level must be provided or applied in accordance with Specification F8D5. For the building, where 15 deg and <75 deg apply, 7. 000 mm2/m provided at the eaves and 5, 000 mm2/m at high level, plus an additional 18. 000 mm2/m at the eaves if the roof has a cathedral ceiling must be provided or applied in accordance with Specification F8D5.",1,1,"","","NCC 2022 Vol1","",0,"","","false","","NCC2022_Volume1_Tables_ClauseStyle.txt","2022"
"Vol1","F6","F","Table F6V2","table","Table F6V2","",1,1,"","","NCC 2022 Vol1","",0,"","","false","","NCC2022_Volume1_Tables_ClauseStyle.txt","2022"
"Vol1","G3","G","Table G4D5","table","Table G4D5","For the building, where Max; and Min; and Max; and Min; and Max apply, Min must be provided or applied in accordance with Specification G4D5. For the building, where 150; and 115; and 375; and 355; and 675 apply, 605 must be provided or applied in accordance with Specification G4D5.",1,1,"","","NCC 2022 Vol1","",0,"","","false","","NCC2022_Volume1_Tables_ClauseStyle.txt","2022"
"Vol1","G3","G","Table G5V1","table","Table G5V1","For the building, where 1; and No requirement apply, No requirement must be provided or applied in accordance with Specification G5V1. For the building, where 2; and 1: 500 apply, 1: 50 must be provided or applied in accordance with Specification G5V1. For the building, where 3; and 1: 1000 apply, 1: 100 must be provided or applied in accordance with Specification G5V1. For the building, where 4; and 1: 2000 apply, 1: 200 must be provided or applied in accordance with Specification G5V1.",1,1,"","","NCC 2022 Vol1","",0,"","","false","","NCC2022_Volume1_Tables_ClauseStyle.txt","2022"
"Vol1","G7","G","Table S30C2","table","Table S30C2","For the building, where Adjacent wall or ceiling/roof applies, 0. 4 (V/3) 1/3 or 0. 4 m, whichever is the greater must be provided or applied in accordance with Specification S30C2. For the building, where Two walls at right angles; or one wall and a ceiling/roof apply, 0. 6 (V/3) 1/3 or 0. 6 m, whichever is the greater must be provided or applied in accordance with Specification S30C2.",1,1,"","","NCC 2022 Vol1","",0,"","","false","","NCC2022_Volume1_Tables_ClauseStyle.txt","2022"
"Vol1","G7","G","Table S31C21_1","table","Table S31C21_1","For the building, where S43C2 applies, Separation from classified vegetation must be provided or applied in accordance with Specification S43C14. For the building, where S43C3 applies, Separation between buildings must be provided or applied in accordance with Specification S43C14. For the building, where S43C4 applies, Separation from allotment boundaries and carparking areas must be provided or applied in accordance with Specification S43C14. For the building, where S43C5 applies, Separation from hazards must be provided or applied in accordance with Specification S43C14. For the building, where S43C6 applies, Non-combustible path around building must be provided or applied in accordance with Specification S43C14. For the building, where S43C7 applies, Access pathways must be provided or applied in accordance with Specification S43C14. For the building, where S43C8 applies, Exposed external areas must be provided or applied in accordance with Specification S43C14. For the building, where S43C9 applies, Internal tenability must be provided or applied in accordance with Specification S43C14. For the building, where S43C10 applies, Building envelope must be provided or applied in accordance with Specification S43C14. For the building, where S43C11 applies, Supply of water for fire-fighting purposes must be provided or applied in accordance with Specification S43C14. For the building, where S43C12 applies, Emergency power supply must be provided or applied in accordance with Specification S43C14. For the building, where S43C13 applies, Signage must be provided or applied in accordance with Specification S43C14. For the building, where S43C14 applies, Vehicular access must be provided or applied in accordance with Specification S43C14.",1,1,"","","NCC 2022 Vol1","",0,"","","false","","NCC2022_Volume1_Tables_ClauseStyle.txt","2022"
"Vol1","G7","G","Table S43C2","table","Table S43C2","For the building, where High risk; and Upslope and flat land apply, 60 must be provided or applied in accordance with Specification S43C2. For the building, where High risk; and Downslope max 20 degrees apply, 110 must be provided or applied in accordance with Specification S43C2. For the building, where Medium risk; and Upslope and flat land apply, 40 must be provided or applied in accordance with Specification S43C2. For the building, where Medium risk; and Downslope max 20 degrees apply, 80 must be provided or applied in accordance with Specification S43C2. For the building, where Low risk; and Upslope and flat land apply, 30 must be provided or applied in accordance with Specification S43C2. For the building, where Low risk; and Downslope max 20 degrees apply, 50 must be provided or applied in accordance with Specification S43C2.",1,1,"","","NCC 2022 Vol1","",0,"","","false","","NCC2022_Volume1_Tables_ClauseStyle.txt","2022"
"Vol1","I3","J","Table J3D4","table","Table J3D4","For the building, where < 15; and 1 x 900 apply, 1 x 900 must be provided or applied in accordance with Specification J3D4.",1,1,"","","NCC 2022 Vol1","",0,"","","false","","NCC2022_Volume1_Tables_ClauseStyle.txt","2022"
"Vol1","I3","J","Table J3D4_2","table","Table J3D4_2","For the building, where 15 to < 20; and 1 x 1200 apply, 1 x 1200 must be provided or applied in accordance with Specification J3D4. For the building, where 20 to < 25; and 1 x 1200 apply, 1 x 1400 must be provided or applied in accordance with Specification J3D4. For the building, where 25 to < 30; and 1 x 1400 apply, 2 x 1200 must be provided or applied in accordance with Specification J3D4. For the building, where 30 to < 45; and 1 x 1400 apply, 2 x 1400 must be provided or applied in accordance with Specification J3D4. For the building, where 45 to < 50; and 2 x 1400 apply, 3 x 1200 must be provided or applied in accordance with Specification J3D4. For the building, where 50; and 2 x 1400 apply, 3 x 1400 must be provided or applied in accordance with Specification J3D4.",1,1,"","","NCC 2022 Vol1","",0,"","","false","","NCC2022_Volume1_Tables_ClauseStyle.txt","2022"
"Vol1","I3","J","Table J3D7a","table","Table J3D7a","For the building, where Yes; and 1. 0; and 1. 5; and 2. 0; and 2. 5 apply, 3. 0 must be provided or applied in accordance with Specification J3D7. For the building, where No; and 1. 5; and 2. 0; and 2. 5; and 3. 0 apply, 4. 0 must be provided or applied in accordance with Specification J3D7.",1,1,"","","NCC 2022 Vol1","",0,"","","false","","NCC2022_Volume1_Tables_ClauseStyle.txt","2022"
"Vol1","I3","J","Table J3D7b","table","Table J3D7b","For the building, where Vented; and Yes; and < 1. 0; and 1. 5; and 1. 5; and 1. 5; and 1. 5 apply, 2. 0 must be provided or applied in accordance with Specification J3D7. For the building, where Vented; and Yes; and 1. 0 to < 1. 5; and 1. 5; and 1. 5; and 1. 5; and 1. 5 apply, 1. 5 must be provided or applied in accordance with Specification J3D7. For the building, where Vented; and Yes; and 1. 5 to < 2. 0; and 1. 5; and 1. 5; and 1. 5; and 1. 5 apply, 1. 5 must be provided or applied in accordance with Specification J3D7. For the building, where Vented; and Yes; and 2. 0; and 1. 5; and 1. 5; and 1. 5; and 2. 0 apply, 2. 0 must be provided or applied in accordance with Specification J3D7. For the building, where Vented; and No; and < 1. 0; and 2. 0; and 2. 5; and 4. 0; and 5. 0 apply, X must be provided or applied in accordance with Specification J3D7. For the building, where Vented; and No; and 1. 0 to < 1. 5; and 1. 5; and 1. 5; and 1. 5; and 1. 5 apply, 2. 5 must be provided or applied in accordance with Specification J3D7. For the building, where Vented; and No; and 1. 5 to < 2. 0; and 1. 5; and 1. 5; and 1. 5; and 2. 0 apply, 2. 0 must be provided or applied in accordance with Specification J3D7. For the building, where Vented; and No; and 2. 0; and 1. 5; and 1. 5; and 1. 5; and 1. 5 apply, 1. 5 must be provided or applied in accordance with Specification J3D7. For the building, where Standard; and Yes; and < 1. 0; and 1. 5; and 1. 5; and 2. 0; and 3. 0 apply, 4. 0 must be provided or applied in accordance with Specification J3D7. For the building, where Standard; and Yes; and 1. 0 to < 1. 5; and 1. 5; and 1. 5; and 1. 5; and 1. 5 apply, 2. 5 must be provided or applied in accordance with Specification J3D7. For the building, where Standard; and Yes; and 1. 5 to < 2. 0; and 1. 5; and 1. 5; and 1. 5; and 1. 5 apply, 2. 0 must be provided or applied in accordance with Specification J3D7. For the building, where Standard; and Yes; and 2. 0; and 1. 5; and 1. 5; and 1. 5; and 1. 5 apply, 1. 5 must be provided or applied in accordance with Specification J3D7. For the building, where Standard; and No; and < 1. 0; and 2. 5; and 4. 0; and 6. 0; and X apply, X must be provided or applied in accordance with Specification J3D7. For the building, where Standard; and No; and 1. 0 to < 1. 5; and 1. 5; and 1. 5; and 1. 5; and 1. 5 apply, 4. 0 must be provided or applied in accordance with Specification J3D7. For the building, where Standard; and No; and 1. 5 to < 2. 0; and 1. 5; and 1. 5; and 2. 0; and 2. 0 apply, 2. 5 must be provided or applied in accordance with Specification J3D7. For the building, where Standard; and No; and 2. 0; and 1. 5; and 1. 5; and 1. 5; and 2. 0 apply, 2. 5 must be provided or applied in accordance with Specification J3D7.",1,1,"","","NCC 2022 Vol1","",0,"","","false","","NCC2022_Volume1_Tables_ClauseStyle.txt","2022"
"Vol1","I3","J","Table J3D7c","table","Table J3D7c","For the building, where Yes; and 1. 5; and 1. 5; and 2. 0; and 3. 0 apply, 4. 0 must be provided or applied in accordance with Specification J3D7. For the building, where No; and 1. 5; and 3. 5; and 5. 0; and X apply, X must be provided or applied in accordance with Specification J3D7.",1,1,"","","NCC 2022 Vol1","",0,"","","false","","NCC2022_Volume1_Tables_ClauseStyle.txt","2022"
"Vol1","I3","J","Table J3D7d","table","Table J3D7d","For the building, where Yes; and 2. 0; and 2. 5; and 2. 5; and 3. 0 apply, 3. 5 must be provided or applied in accordance with Specification J3D7. For the building, where No; and 3. 0; and 3. 0; and 3. 5; and 4. 0 apply, 4. 5 must be provided or applied in accordance with Specification J3D7.",1,1,"","","NCC 2022 Vol1","",0,"","","false","","NCC2022_Volume1_Tables_ClauseStyle.txt","2022"
"Vol1","I3","J","Table J3D7e","table","Table J3D7e","For the building, where Vented; and Yes; and Any; and 2. 5; and 2. 5; and 2. 5; and 2. 5 apply, 2. 5 must be provided or applied in accordance with Specification J3D7. For the building, where Vented; and No; and 0 to < 0. 5; and 2. 5; and 3. 0; and 3. 0; and 3. 5 apply, 3. 5 must be provided or applied in accordance with Specification J3D7. For the building, where Vented; and No; and 0. 5; and 2. 5; and 2. 5; and 2. 5; and 2. 5 apply, 2. 5 must be provided or applied in accordance with Specification J3D7. For the building, where Standard; and Yes; and Any; and 2. 5; and 2. 5; and 2. 5; and 2. 5 apply, 2. 5 must be provided or applied in accordance with Specification J3D7. For the building, where Standard; and No; and 0 to < 0. 5; and 3. 0; and 3. 0; and 3. 5; and 4. 0 apply, 4. 0 must be provided or applied in accordance with Specification J3D7. For the building, where Standard; and No; and 0. 5 to < 1. 0; and 2. 5; and 2. 5; and 2. 5; and 3. 0 apply, 3. 0 must be provided or applied in accordance with Specification J3D7. For the building, where Standard; and No; and 1. 0; and 2. 5; and 2. 5; and 2. 5; and 2. 5 apply, 2. 5 must be provided or applied in accordance with Specification J3D7.",1,1,"","","NCC 2022 Vol1","",0,"","","false","","NCC2022_Volume1_Tables_ClauseStyle.txt","2022"
"Vol1","I3","J","Table J3D7f","table","Table J3D7f","For the building, where Yes; and 2. 5; and 2. 5; and 2. 5; and 2. 5 apply, 2. 5 must be provided or applied in accordance with Specification J3D7. For the building, where No; and 3. 0; and 3. 0; and 3. 5; and 4. 0 apply, 4. 0 must be provided or applied in accordance with Specification J3D7.",1,1,"","","NCC 2022 Vol1","",0,"","","false","","NCC2022_Volume1_Tables_ClauseStyle.txt","2022"
"Vol1","I3","J","Table J3D7g","table","Table J3D7g","For the building, where Yes; and 2. 0; and 2. 0; and 2. 5; and 2. 5 apply, 3. 0 must be provided or applied in accordance with Specification J3D7. For the building, where No; and 3. 0; and 3. 5; and 4. 0; and 4. 5 apply, 5. 0 must be provided or applied in accordance with Specification J3D7.",1,1,"","","NCC 2022 Vol1","",0,"","","false","","NCC2022_Volume1_Tables_ClauseStyle.txt","2022"
"Vol1","I3","J","Table J3D7h","table","Table J3D7h","For the building, where Vented; and Yes; and < 0. 5; and 2. 5; and 2. 5; and 2. 5; and 2. 5 apply, 2. 5 must be provided or applied in accordance with Specification J3D7. For the building, where Vented; and Yes; and 0. 5 to < 1. 0; and 2. 0; and 2. 0; and 2. 0; and 2. 0 apply, 2. 0 must be provided or applied in accordance with Specification J3D7. For the building, where Vented; and Yes; and 1. 0 to < 1. 5; and 2. 5; and 2. 0; and 2. 0; and 2. 0 apply, 2. 0 must be provided or applied in accordance with Specification J3D7. For the building, where Vented; and Yes; and 1. 5 to < 2. 0; and 2. 0; and 2. 0; and 2. 5; and 2. 5 apply, 2. 5 must be provided or applied in accordance with Specification J3D7. For the building, where Vented; and Yes; and 2. 0; and 2. 5; and 2. 5; and 3. 0; and 3. 0 apply, 3. 0 must be provided or applied in accordance with Specification J3D7. For the building, where Vented; and No; and < 0. 5; and 3. 5; and 4. 0; and 4. 5; and 5. 0 apply, X must be provided or applied in accordance with Specification J3D7. For the building, where Vented; and No; and 0. 5 to < 1. 0; and 3. 0; and 3. 5; and 3. 5; and 4. 0 apply, 4. 5 must be provided or applied in accordance with Specification J3D7. For the building, where Vented; and No; and 1. 0 to < 1. 5; and 2. 5; and 3. 0; and 3. 0; and 3. 0 apply, 3. 5 must be provided or applied in accordance with Specification J3D7. For the building, where Vented; and No; and 1. 5 to < 2. 0; and 2. 5; and 3. 0; and 3. 0; and 3. 0 apply, 3. 0 must be provided or applied in accordance with Specification J3D7. For the building, where Vented; and No; and 2. 0; and 2. 5; and 2. 5; and 3. 0; and 3. 0 apply, 3. 0 must be provided or applied in accordance with Specification J3D7. For the building, where Standard; and Yes; and < 0. 5; and 2. 0; and 2. 0; and 2. 5; and 2. 5 apply, 2. 5 must be provided or applied in accordance with Specification J3D7. For the building, where Standard; and Yes; and 0. 5 to < 1. 0; and 2. 0; and 2. 0; and 2. 5; and 2. 5 apply, 2. 5 must be provided or applied in accordance with Specification J3D7. For the building, where Standard; and Yes; and 1. 0 to < 1. 5; and 2. 0; and 2. 0; and 2. 0; and 2. 0 apply, 2. 5 must be provided or applied in accordance with Specification J3D7. For the building, where Standard; and Yes; and 1. 5 to < 2. 0; and 2. 0; and 2. 5; and 2. 5; and 2. 5 apply, 3. 0 must be provided or applied in accordance with Specification J3D7. For the building, where Standard; and Yes; and 2. 0; and 2. 0; and 2. 0; and 2. 5; and 2. 5 apply, 2. 5 must be provided or applied in accordance with Specification J3D7. For the building, where Standard; and No; and < 0. 5; and 3. 5; and 4. 0; and 5. 0; and X apply, X must be provided or applied in accordance with Specification J3D7. For the building, where Standard; and No; and 0. 5 to < 1. 0; and 3. 0; and 3. 0; and 3. 5; and 4. 0 apply, 5. 0 must be provided or applied in accordance with Specification J3D7. For the building, where Standard; and No; and 1. 0 to < 1. 5; and 2. 5; and 2. 5; and 3. 0; and 3. 0 apply, 3. 5 must be provided or applied in accordance with Specification J3D7. For the building, where Standard; and No; and 1. 5 to < 2. 0; and 2. 0; and 2. 0; and 2. 5; and 2. 5 apply, 2. 5 must be provided or applied in accordance with Specification J3D7. For the building, where Standard; and No; and 2. 0; and 2. 0; and 2. 0; and 2. 5; and 2. 5 apply, 2. 5 must be provided or applied in accordance with Specification J3D7.",1,1,"","","NCC 2022 Vol1","",0,"","","false","","NCC2022_Volume1_Tables_ClauseStyle.txt","2022"
"Vol1","I3","J","Table J3D7i","table","Table J3D7i","For the building, where Yes; and 2. 0; and 2. 0; and 2. 5; and 2. 5 apply, 2. 5 must be provided or applied in accordance with Specification J3D7. For the building, where No; and 3. 5; and 4. 0; and 5. 0; and X apply, X must be provided or applied in accordance with Specification J3D7.",1,1,"","","NCC 2022 Vol1","",0,"","","false","","NCC2022_Volume1_Tables_ClauseStyle.txt","2022"
"Vol1","I3","J","Table J3D7j","table","Table J3D7j","For the building, where Yes applies, 2. 0 must be provided or applied in accordance with Specification J3D7. For the building, where No applies, 2. 5 must be provided or applied in accordance with Specification J3D7.",1,1,"","","NCC 2022 Vol1","",0,"","","false","","NCC2022_Volume1_Tables_ClauseStyle.txt","2022"
"Vol1","I3","J","Table J3D7k","table","Table J3D7k","For the building, where Vented; and Yes; and < 0. 5; and 3. 0 apply, 3. 5 must be provided or applied in accordance with Specification J3D7. For the building, where Vented; and Yes; and 0. 5; and 3. 0 apply, 3. 0 must be provided or applied in accordance with Specification J3D7. For the building, where Vented; and No; and Any; and 3. 5 apply, 3. 5 must be provided or applied in accordance with Specification J3D7. For the building, where Standard; and Yes; and Any; and 3. 0 apply, 3. 0 must be provided or applied in accordance with Specification J3D7. For the building, where Standard; and No; and < 0. 5; and 3. 5 apply, 3. 5 must be provided or applied in accordance with Specification J3D7. For the building, where Standard; and No; and 0. 5; and 3. 0 apply, 3. 0 must be provided or applied in accordance with Specification J3D7.",1,1,"","","NCC 2022 Vol1","",0,"","","false","","NCC2022_Volume1_Tables_ClauseStyle.txt","2022"
"Vol1","I3","J","Table J3D7l","table","Table J3D7l","For the building, where Yes applies, 3. 0 must be provided or applied in accordance with Specification J3D7. For the building, where No applies, 3. 5 must be provided or applied in accordance with Specification J3D7.",1,1,"","","NCC 2022 Vol1","",0,"","","false","","NCC2022_Volume1_Tables_ClauseStyle.txt","2022"
"Vol1","I3","J","Table J3D7m","table","Table J3D7m","For the building, where Yes; and 3. 0 apply, 3. 5 must be provided or applied in accordance with Specification J3D7. For the building, where No; and 4. 0 apply, 4. 0 must be provided or applied in accordance with Specification J3D7.",1,1,"","","NCC 2022 Vol1","",0,"","","false","","NCC2022_Volume1_Tables_ClauseStyle.txt","2022"
"Vol1","I3","J","Table J3D7n","table","Table J3D7n","For the building, where Vented; and Yes; and < 0. 5; and 3. 0 apply, 2. 5 must be provided or applied in accordance with Specification J3D7. For the building, where Vented; and Yes; and 0. 5; and 2. 5 apply, 2. 5 must be provided or applied in accordance with Specification J3D7. For the building, where Vented; and No; and 0 to < 2. 0; and 3. 0 apply, 3. 0 must be provided or applied in accordance with Specification J3D7. For the building, where Vented; and No; and 2. 0; and 2. 5 apply, 2. 5 must be provided or applied in accordance with Specification J3D7. For the building, where Standard; and Yes; and Any; and 2. 5 apply, 2. 5 must be provided or applied in accordance with Specification J3D7. For the building, where Standard; and No; and 0 to < 1. 0; and 3. 0 apply, 3. 0 must be provided or applied in accordance with Specification J3D7. For the building, where Standard; and No; and 1. 0 to < 2. 0; and 2. 5 apply, 2. 5 must be provided or applied in accordance with Specification J3D7. For the building, where Standard; and No; and 2. 0; and 3. 0 apply, 3. 0 must be provided or applied in accordance with Specification J3D7.",1,1,"","","NCC 2022 Vol1","",0,"","","false","","NCC2022_Volume1_Tables_ClauseStyle.txt","2022"
"Vol1","I3","J","Table J3D7o","table","Table J3D7o","For the building, where Yes applies, 2. 5 must be provided or applied in accordance with Specification J3D7. For the building, where No applies, 3. 0 must be provided or applied in accordance with Specification J3D7.",1,1,"","","NCC 2022 Vol1","",0,"","","false","","NCC2022_Volume1_Tables_ClauseStyle.txt","2022"
"Vol1","I3","J","Table J3D7p","table","Table J3D7p","For the building, where Yes; and 3. 5; and 3. 5; and 3. 5; and 3. 0; and 3. 0; and 3. 0 apply, 2. 5 must be provided or applied in accordance with Specification J3D7. For the building, where No; and 4. 0; and 3. 0; and 3. 0; and 2. 5; and 2. 5; and 2. 5 apply, 2. 0 must be provided or applied in accordance with Specification J3D7.",1,1,"","","NCC 2022 Vol1","",0,"","","false","","NCC2022_Volume1_Tables_ClauseStyle.txt","2022"
"Vol1","I3","J","Table J3D7q","table","Table J3D7q","For the building, where Standard; and Yes; and 0 to < 1. 0; and 4. 5; and 4. 5; and 4. 5; and 4. 0; and 4. 0; and 4. 0; and 4. 0 apply, 4. 0 must be provided or applied in accordance with Specification J3D7. For the building, where Standard; and Yes; and 1. 0; and 4. 0; and 4. 0; and 4. 0; and 4. 0; and 4. 0; and 4. 0; and 4. 0 apply, 4. 0 must be provided or applied in accordance with Specification J3D7. For the building, where Standard; and No; and 0 to < 1. 0; and 5. 0; and 4. 5; and 4. 5; and 4. 0; and 4. 0; and 3. 5; and 3. 5 apply, 3. 5 must be provided or applied in accordance with Specification J3D7. For the building, where Standard; and No; and 1. 0 to < 1. 5; and 4. 5; and 4. 5; and 4. 0; and 4. 0; and 4. 0; and 4. 0; and 3. 5 apply, 3. 5 must be provided or applied in accordance with Specification J3D7. For the building, where Standard; and No; and 1. 5; and 4. 0; and 4. 0; and 4. 0; and 4. 0; and 4. 0; and 4. 0; and 4. 0 apply, 4. 0 must be provided or applied in accordance with Specification J3D7. For the building, where Vented; and Yes; and 0 to < 1. 0; and 4. 5; and 4. 5; and 4. 5; and 4. 5; and 4. 5; and 4. 0; and 4. 0 apply, 4. 0 must be provided or applied in accordance with Specification J3D7. For the building, where Vented; and Yes; and 1. 0; and 4. 5; and 4. 5; and 4. 5; and 4. 5; and 4. 0; and 4. 0; and 4. 0 apply, 4. 0 must be provided or applied in accordance with Specification J3D7. For the building, where Vented; and No; and 0 to < 1. 0; and 5. 0; and 4. 5; and 4. 5; and 4. 5; and 4. 0; and 4. 0; and 3. 5 apply, 3. 5 must be provided or applied in accordance with Specification J3D7. For the building, where Vented; and No; and 1. 0 to < 1. 5; and 4. 5; and 4. 5; and 4. 5; and 4. 5; and 4. 0; and 4. 0; and 4. 0 apply, 4. 0 must be provided or applied in accordance with Specification J3D7. For the building, where Vented; and No; and 1. 5; and 4. 5; and 4. 5; and 4. 5; and 4. 5; and 4. 5; and 4. 0; and 4. 0 apply, 4. 0 must be provided or applied in accordance with Specification J3D7.",1,1,"","","NCC 2022 Vol1","",0,"","","false","","NCC2022_Volume1_Tables_ClauseStyle.txt","2022"
"Vol1","I3","J","Table J3D7r","table","Table J3D7r","For the building, where Yes; and 4. 5; and 4. 5; and 4. 5; and 4. 0; and 4. 0; and 4. 0; and 4. 0 apply, 4. 0 must be provided or applied in accordance with Specification J3D7. For the building, where No; and 5. 0; and 4. 5; and 4. 5; and 4. 0; and 4. 0; and 3. 5; and 3. 5 apply, 3. 5 must be provided or applied in accordance with Specification J3D7.",1,1,"","","NCC 2022 Vol1","",0,"","","false","","NCC2022_Volume1_Tables_ClauseStyle.txt","2022"
"Vol1","I3","J","Table J3D7s","table","Table J3D7s","For the building, where 1. 5 applies, 1. 38 must be provided or applied in accordance with Specification J3D7. For the building, where 2. 0 applies, 1. 74 must be provided or applied in accordance with Specification J3D7. For the building, where 2. 5 applies, 2. 09 must be provided or applied in accordance with Specification J3D7. For the building, where 3. 0 applies, 2. 43 must be provided or applied in accordance with Specification J3D7. For the building, where 3. 5 applies, 2. 63 must be provided or applied in accordance with Specification J3D7. For the building, where 4. 0 applies, 2. 95 must be provided or applied in accordance with Specification J3D7. For the building, where 4. 5 applies, 3. 27 must be provided or applied in accordance with Specification J3D7. For the building, where 5. 0 applies, 3. 59 must be provided or applied in accordance with Specification J3D7. For the building, where 5. 5 applies, 3. 91 must be provided or applied in accordance with Specification J3D7. For the building, where 6. 0 applies, 4. 23 must be provided or applied in accordance with Specification J3D7.",1,1,"","","NCC 2022 Vol1","",0,"","","false","","NCC2022_Volume1_Tables_ClauseStyle.txt","2022"
"Vol1","I3","J","Table J3D7t","table","Table J3D7t","For the building, where 1. 0; and 1. 40 apply, 1. 32 must be provided or applied in accordance with Specification J3D7. For the building, where 1. 5; and 1. 86 apply, 1. 78 must be provided or applied in accordance with Specification J3D7. For the building, where 2. 0; and 2. 29 apply, 2. 21 must be provided or applied in accordance with Specification J3D7. For the building, where 2. 5; and 2. 71 apply, 2. 63 must be provided or applied in accordance with Specification J3D7. For the building, where 3. 0; and 3. 11 apply, 3. 02 must be provided or applied in accordance with Specification J3D7. For the building, where 3. 5; and 3. 31 apply, 3. 22 must be provided or applied in accordance with Specification J3D7. For the building, where 4. 0; and 3. 66 apply, 3. 57 must be provided or applied in accordance with Specification J3D7. For the building, where 4. 5; and 3. 98 apply, 3. 90 must be provided or applied in accordance with Specification J3D7. For the building, where 5. 0; and 4. 32 apply, 4. 22 must be provided or applied in accordance with Specification J3D7. For the building, where 5. 5; and 4. 63 apply, 4. 53 must be provided or applied in accordance with Specification J3D7. For the building, where 6. 0; and 4. 93 apply, 4. 82 must be provided or applied in accordance with Specification J3D7.",1,1,"","","NCC 2022 Vol1","",0,"","","false","","NCC2022_Volume1_Tables_ClauseStyle.txt","2022"
"Vol1","I3","J","Table J3D7u","table","Table J3D7u","For the building, where 1. 0; and 1. 5 apply, 0. 13 must be provided or applied in accordance with Specification J3D7. For the building, where 1. 5; and 2. 5 apply, 0. 30 must be provided or applied in accordance with Specification J3D7. For the building, where 2. 0; and 3. 5 apply, 0. 30 must be provided or applied in accordance with Specification J3D7. For the building, where 2. 5; and 5. 0 apply, 0. 40 must be provided or applied in accordance with Specification J3D7. For the building, where 3. 0; and 6. 0 apply, 0. 60 must be provided or applied in accordance with Specification J3D7. For the building, where 3. 5; and X apply, 0. 60 must be provided or applied in accordance with Specification J3D7. For the building, where 4. 0; and X apply, 0. 60 must be provided or applied in accordance with Specification J3D7. For the building, where 4. 5; and X apply, 0. 60 must be provided or applied in accordance with Specification J3D7. For the building, where 5. 0; and X apply, 0. 60 must be provided or applied in accordance with Specification J3D7. For the building, where 5. 5; and X apply, 0. 60 must be provided or applied in accordance with Specification J3D7. For the building, where 6. 0; and X apply, 0. 60 must be provided or applied in accordance with Specification J3D7.",1,1,"","","NCC 2022 Vol1","",0,"","","false","","NCC2022_Volume1_Tables_ClauseStyle.txt","2022"
"Vol1","I3","J","Table J3D7v","table","Table J3D7v","For the building, where 2 - altitude less than 300 m applies, Down must be provided or applied in accordance with Specification J3D7. For the building, where 2 - altitude 300 m or more applies, Down and up must be provided or applied in accordance with Specification J3D7.",1,1,"","","NCC 2022 Vol1","",0,"","","false","","NCC2022_Volume1_Tables_ClauseStyle.txt","2022"
"Vol1","I3","J","Table J3D7_23","table","Table J3D7_23","",1,1,"","","NCC 2022 Vol1","",0,"","","false","","NCC2022_Volume1_Tables_ClauseStyle.txt","2022"
"Vol1","I3","J","Table J3D7w","table","Table J3D7w","For the building, where Percentage of ceiling area uninsulated; and 1. 0; and 1. 5; and 2. 0; and 2. 5; and 3. 0; and 3. 5; and 4. 0; and 4. 5; and 5. 0 apply, 5. 5 must be provided or applied in accordance with Specification J3D7. For the building, where 0. 5% to less than 1. 0%; and 1. 0; and 1. 6; and 2. 2; and 2. 8; and 3. 4; and 4. 0; and 4. 7; and 5. 4; and 6. 2 apply, 6. 9 must be provided or applied in accordance with Specification J3D7. For the building, where 1. 0% to less than 1. 5%; and 1. 1; and 1. 7; and 2. 3; and 2. 9; and 3. 6; and 4. 4; and 5. 2; and 6. 1; and 7. 0 apply, X must be provided or applied in accordance with Specification J3D7. For the building, where 1. 5% to less than 2. 0%; and 1. 1; and 1. 7; and 2. 4; and 3. 1; and 3. 9; and 4. 8; and 5. 8; and 6. 8; and X apply, X must be provided or applied in accordance with Specification J3D7. For the building, where 2. 0% to less than 2. 5%; and 1. 1; and 1. 8; and 2. 5; and 3. 3; and 4. 2; and 5. 3; and 6. 5; and X; and X apply, X must be provided or applied in accordance with Specification J3D7. For the building, where 2. 5% to less than 3. 0%; and 1. 2; and 1. 9; and 2. 6; and 3. 6; and 4. 6; and 5. 9; and X; and X; and X apply, X must be provided or applied in accordance with Specification J3D7. For the building, where 3. 0% to less than 4. 0%; and 1. 2; and 2. 0; and 3. 0; and 4. 2; and 5. 7; and X; and X; and X; and X apply, X must be provided or applied in accordance with Specification J3D7. For the building, where 4. 0% to less than 5. 0%; and 1. 3; and 2. 2; and 3. 4; and 5. 0; and X; and X; and X; and X; and X apply, X must be provided or applied in accordance with Specification J3D7.",1,1,"","","NCC 2022 Vol1","",0,"","","false","","NCC2022_Volume1_Tables_ClauseStyle.txt","2022"
"Vol1","I3","J","Table J3D7x","table","Table J3D7x","For the building, where 1; and 1. 86; and 3. 31; and 4. 32; and X; and X; and X; and X apply, X must be provided or applied in accordance with Specification J3D7. For the building, where 2 - heat flow down; and 3. 11; and 3. 11; and 3. 31; and 3. 66; and 3. 66; and X; and X apply, X must be provided or applied in accordance with Specification J3D7. For the building, where 2 - heat flow up; and 3. 02; and 3. 02; and 3. 22; and 3. 57; and 3. 57; and X; and X apply, X must be provided or applied in accordance with Specification J3D7. For the building, where 3 - heat flow down; and 3. 31; and 3. 66; and 4. 32; and X; and X; and X; and X apply, X must be provided or applied in accordance with Specification J3D7. For the building, where 3 - heat flow up; and 3. 22; and 3. 57; and 4. 22; and X; and X; and X; and X apply, X must be provided or applied in accordance with Specification J3D7. For the building, where 4; and 3. 22; and 3. 22; and 3. 22; and 3. 22; and 3. 22; and X; and X apply, X must be provided or applied in accordance with Specification J3D7. For the building, where 5; and 3. 02; and 3. 02; and 3. 02; and 3. 02; and 3. 02; and X; and X apply, X must be provided or applied in accordance with Specification J3D7. For the building, where 6; and 3. 57; and 3. 57; and 3. 57; and 3. 57; and 3. 57; and 3. 57; and 3. 57 apply, 3. 57 must be provided or applied in accordance with Specification J3D7. For the building, where 7; and 4. 22; and 3. 90; and 3. 90; and 3. 57; and 3. 57; and 3. 22; and 3. 22 apply, 3. 22 must be provided or applied in accordance with Specification J3D7. For the building, where 8; and 3. 90; and 3. 57; and 3. 57; and 3. 22; and 3. 22; and 3. 02; and 3. 02 apply, 3. 02 must be provided or applied in accordance with Specification J3D7.",1,1,"","","NCC 2022 Vol1","",0,"","","false","","NCC2022_Volume1_Tables_ClauseStyle.txt","2022"
"Vol1","I3","J","Table J3D8a","table","Table J3D8a","For the building, where 1 and 3; and < 45% apply, 0. 8 must be provided or applied in accordance with Specification J3D8. For the building, where 1 and 3; and 45% apply, 0. 35 must be provided or applied in accordance with Specification J3D8. For the building, where 2; and < 35% apply, Any must be provided or applied in accordance with Specification J3D8. For the building, where 2; and 35% apply, Any, or 0. 35, if shading device overhang is < 300 mm must be provided or applied in accordance with Specification J3D8. For the building, where 4 and 5; and < 45% apply, Any must be provided or applied in accordance with Specification J3D8. For the building, where 4 and 5; and 45% apply, 0. 35, if shading device overhang is < 1500 mm must be provided or applied in accordance with Specification J3D8. For the building, where 6; and Any apply, Any must be provided or applied in accordance with Specification J3D8.",1,1,"","","NCC 2022 Vol1","",0,"","","false","","NCC2022_Volume1_Tables_ClauseStyle.txt","2022"
"Vol1","I3","J","Table J3D8b","table","Table J3D8b","For the building, where Opaque external wall to net floor area ratio; and 0 to < 600; and 600 to < 900; and 900 to < 1200 apply, 1200 must be provided or applied in accordance with Specification J3D8. For the building, where < 20%; and Any; and Any; and 0. 4 apply, X must be provided or applied in accordance with Specification J3D8. For the building, where 20% to < 35%; and Any; and Any; and X apply, X must be provided or applied in accordance with Specification J3D8. For the building, where 35% to < 45%; and Any; and 0. 4; and X apply, X must be provided or applied in accordance with Specification J3D8. For the building, where 45%; and Any; and 0. 6; and X apply, X must be provided or applied in accordance with Specification J3D8.",1,1,"","","NCC 2022 Vol1","",0,"","","false","","NCC2022_Volume1_Tables_ClauseStyle.txt","2022"
"Vol1","I3","J","Table J3D9","table","Table J3D9","For the building, where 1; and 0. 10; and 0. 10; and 0. 14 apply, 0. 10 must be provided or applied in accordance with Specification J3D9. For the building, where 2; and 0. 10; and 0. 10; and 0. 10 apply, 0. 10 must be provided or applied in accordance with Specification J3D9. For the building, where 3; and 0. 11; and 0. 11; and 0. 11 apply, 0. 11 must be provided or applied in accordance with Specification J3D9. For the building, where 4; and 0. 11; and 0. 11; and 0. 11 apply, 0. 11 must be provided or applied in accordance with Specification J3D9. For the building, where 5; and 0. 13; and 0. 13; and 0. 13 apply, 0. 13 must be provided or applied in accordance with Specification J3D9. For the building, where 6; and 0. 14; and 0. 14; and 0. 14 apply, 0. 14 must be provided or applied in accordance with Specification J3D9. For the building, where 7 applies, the relevant requirement must be met in accordance with Specification J3D9. For the building, where 8 applies, the relevant requirement must be met in accordance with Specification J3D9.",1,1,"","","NCC 2022 Vol1","",0,"","","false","","NCC2022_Volume1_Tables_ClauseStyle.txt","2022"
"Vol1","I3","J","Table J3D11a","table","Table J3D11a","",1,1,"","","NCC 2022 Vol1","",0,"","","false","","NCC2022_Volume1_Tables_ClauseStyle.txt","2022"
"Vol1","I3","J","Table J3D11_2","table","Table J3D11_2","",1,1,"","","NCC 2022 Vol1","",0,"","","false","","NCC2022_Volume1_Tables_ClauseStyle.txt","2022"
"Vol1","I3","J","Table J3D11b","table","Table J3D11b","For the building, where 0. 00; and 1. 49; and 1. 61; and 1. 23; and 0. 96; and 0. 68; and 1. 03; and 1. 37 apply, 1. 71 must be provided or applied in accordance with Specification J3D11. For the building, where 0. 05; and 1. 44; and 1. 53; and 1. 14; and 0. 81; and 0. 57; and 0. 90; and 1. 27 apply, 1. 64 must be provided or applied in accordance with Specification J3D11. For the building, where 0. 10; and 1. 38; and 1. 48; and 1. 09; and 0. 76; and 0. 53; and 0. 85; and 1. 22 apply, 1. 55 must be provided or applied in accordance with Specification J3D11. For the building, where 0. 20; and 1. 21; and 1. 32; and 0. 97; and 0. 69; and 0. 50; and 0. 75; and 1. 10 apply, 1. 39 must be provided or applied in accordance with Specification J3D11. For the building, where 0. 40; and 1. 00; and 1. 06; and 0. 77; and 0. 57; and 0. 42; and 0. 63; and 0. 92 apply, 1. 14 must be provided or applied in accordance with Specification J3D11. For the building, where 0. 60; and 0. 83; and 0. 87; and 0. 69; and 0. 50; and 0. 37; and 0. 55; and 0. 77 apply, 0. 96 must be provided or applied in accordance with Specification J3D11. For the building, where 0. 80; and 0. 62; and 0. 69; and 0. 56; and 0. 43; and 0. 35; and 0. 50; and 0. 66 apply, 0. 79 must be provided or applied in accordance with Specification J3D11. For the building, where 1. 00; and 0. 43; and 0. 59; and 0. 46; and 0. 41; and 0. 33; and 0. 43; and 0. 56 apply, 0. 65 must be provided or applied in accordance with Specification J3D11. For the building, where 1. 20; and 0. 26; and 0. 47; and 0. 40; and 0. 36; and 0. 31; and 0. 40; and 0. 53 apply, 0. 53 must be provided or applied in accordance with Specification J3D11. For the building, where 1. 40; and 0. 22; and 0. 40; and 0. 33; and 0. 33; and 0. 29; and 0. 38; and 0. 47 apply, 0. 44 must be provided or applied in accordance with Specification J3D11. For the building, where 1. 60; and 0. 18; and 0. 32; and 0. 31; and 0. 33; and 0. 28; and 0. 35; and 0. 39 apply, 0. 39 must be provided or applied in accordance with Specification J3D11. For the building, where 1. 80; and 0. 15; and 0. 28; and 0. 27; and 0. 31; and 0. 26; and 0. 33; and 0. 35 apply, 0. 32 must be provided or applied in accordance with Specification J3D11. For the building, where 2. 00; and 0. 12; and 0. 21; and 0. 24; and 0. 29; and 0. 26; and 0. 33; and 0. 33 apply, 0. 31 must be provided or applied in accordance with Specification J3D11.",1,1,"","","NCC 2022 Vol1","",0,"","","false","","NCC2022_Volume1_Tables_ClauseStyle.txt","2022"
"Vol1","I3","J","Table J3D11c","table","Table J3D11c","For the building, where 0. 00; and 0. 90; and 1. 10; and 0. 88; and 0. 69; and 0. 50; and 0. 58; and 0. 67 apply, 0. 91 must be provided or applied in accordance with Specification J3D11. For the building, where 0. 05; and 0. 89; and 1. 06; and 0. 82; and 0. 60; and 0. 44; and 0. 51; and 0. 64 apply, 0. 89 must be provided or applied in accordance with Specification J3D11. For the building, where 0. 10; and 0. 83; and 1. 01; and 0. 78; and 0. 58; and 0. 42; and 0. 49; and 0. 61 apply, 0. 84 must be provided or applied in accordance with Specification J3D11. For the building, where 0. 20; and 0. 74; and 0. 90; and 0. 70; and 0. 52; and 0. 40; and 0. 44; and 0. 55 apply, 0. 76 must be provided or applied in accordance with Specification J3D11. For the building, where 0. 40; and 0. 59; and 0. 74; and 0. 60; and 0. 43; and 0. 36; and 0. 37; and 0. 47 apply, 0. 63 must be provided or applied in accordance with Specification J3D11. For the building, where 0. 60; and 0. 44; and 0. 57; and 0. 48; and 0. 39; and 0. 34; and 0. 32; and 0. 38 apply, 0. 51 must be provided or applied in accordance with Specification J3D11. For the building, where 0. 80; and 0. 30; and 0. 45; and 0. 43; and 0. 34; and 0. 30; and 0. 30; and 0. 32 apply, 0. 41 must be provided or applied in accordance with Specification J3D11. For the building, where 1. 00; and 0. 20; and 0. 38; and 0. 35; and 0. 30; and 0. 28; and 0. 28; and 0. 29 apply, 0. 33 must be provided or applied in accordance with Specification J3D11. For the building, where 1. 20; and 0. 14; and 0. 29; and 0. 31; and 0. 28; and 0. 28; and 0. 25; and 0. 24 apply, 0. 28 must be provided or applied in accordance with Specification J3D11. For the building, where 1. 40; and 0. 11; and 0. 26; and 0. 25; and 0. 26; and 0. 26; and 0. 23; and 0. 21 apply, 0. 24 must be provided or applied in accordance with Specification J3D11. For the building, where 1. 60; and 0. 08; and 0. 23; and 0. 24; and 0. 24; and 0. 24; and 0. 21; and 0. 20 apply, 0. 20 must be provided or applied in accordance with Specification J3D11. For the building, where 1. 80; and 0. 07; and 0. 16; and 0. 19; and 0. 24; and 0. 24; and 0. 19; and 0. 17 apply, 0. 18 must be provided or applied in accordance with Specification J3D11. For the building, where 2. 00; and 0. 06; and 0. 16; and 0. 18; and 0. 21; and 0. 24; and 0. 19; and 0. 15 apply, 0. 16 must be provided or applied in accordance with Specification J3D11.",1,1,"","","NCC 2022 Vol1","",0,"","","false","","NCC2022_Volume1_Tables_ClauseStyle.txt","2022"
"Vol1","I3","J","Table J3D11d","table","Table J3D11d","For the building, where 0. 00; and 1. 58; and 1. 66; and 1. 16; and 0. 93; and 0. 70; and 0. 78; and 0. 85 apply, 1. 38 must be provided or applied in accordance with Specification J3D11. For the building, where 0. 05; and 1. 54; and 1. 60; and 1. 06; and 0. 79; and 0. 58; and 0. 66; and 0. 79 apply, 1. 32 must be provided or applied in accordance with Specification J3D11. For the building, where 0. 10; and 1. 53; and 1. 54; and 1. 04; and 0. 74; and 0. 56; and 0. 62; and 0. 75 apply, 1. 28 must be provided or applied in accordance with Specification J3D11. For the building, where 0. 20; and 1. 30; and 1. 41; and 0. 94; and 0. 67; and 0. 50; and 0. 56; and 0. 68 apply, 1. 15 must be provided or applied in accordance with Specification J3D11. For the building, where 0. 40; and 1. 18; and 1. 20; and 0. 78; and 0. 57; and 0. 44; and 0. 48; and 0. 58 apply, 0. 99 must be provided or applied in accordance with Specification J3D11. For the building, where 0. 60; and 0. 98; and 0. 99; and 0. 69; and 0. 50; and 0. 38; and 0. 42; and 0. 49 apply, 0. 81 must be provided or applied in accordance with Specification J3D11. For the building, where 0. 80; and 0. 85; and 0. 81; and 0. 60; and 0. 45; and 0. 36; and 0. 38; and 0. 44 apply, 0. 68 must be provided or applied in accordance with Specification J3D11.",1,1,"","","NCC 2022 Vol1","",0,"","","false","","NCC2022_Volume1_Tables_ClauseStyle.txt","2022"
"Vol1","I3","J","Table J3D11_6","table","Table J3D11_6","For the building, where 1. 00; and 0. 68; and 0. 73; and 0. 52; and 0. 41; and 0. 32; and 0. 34; and 0. 37 apply, 0. 58 must be provided or applied in accordance with Specification J3D11. For the building, where 1. 20; and 0. 49; and 0. 56; and 0. 46; and 0. 36; and 0. 32; and 0. 32; and 0. 34 apply, 0. 50 must be provided or applied in accordance with Specification J3D11. For the building, where 1. 40; and 0. 38; and 0. 52; and 0. 42; and 0. 33; and 0. 30; and 0. 30; and 0. 30 apply, 0. 42 must be provided or applied in accordance with Specification J3D11. For the building, where 1. 60; and 0. 27; and 0. 45; and 0. 39; and 0. 33; and 0. 28; and 0. 28; and 0. 26 apply, 0. 37 must be provided or applied in accordance with Specification J3D11. For the building, where 1. 80; and 0. 21; and 0. 39; and 0. 35; and 0. 31; and 0. 28; and 0. 26; and 0. 24 apply, 0. 32 must be provided or applied in accordance with Specification J3D11. For the building, where 2. 00; and 0. 19; and 0. 35; and 0. 31; and 0. 29; and 0. 26; and 0. 24; and 0. 22 apply, 0. 26 must be provided or applied in accordance with Specification J3D11.",1,1,"","","NCC 2022 Vol1","",0,"","","false","","NCC2022_Volume1_Tables_ClauseStyle.txt","2022"
"Vol1","I3","J","Table J3D11e","table","Table J3D11e","For the building, where 0. 00; and 1. 61; and 1. 34; and 1. 08; and 0. 87; and 0. 67; and 0. 76; and 0. 85 apply, 1. 23 must be provided or applied in accordance with Specification J3D11. For the building, where 0. 05; and 1. 56; and 1. 29; and 0. 98; and 0. 74; and 0. 56; and 0. 64; and 0. 78 apply, 1. 17 must be provided or applied in accordance with Specification J3D11. For the building, where 0. 10; and 1. 56; and 1. 23; and 0. 92; and 0. 69; and 0. 54; and 0. 62; and 0. 75 apply, 1. 14 must be provided or applied in accordance with Specification J3D11. For the building, where 0. 20; and 1. 30; and 1. 10; and 0. 83; and 0. 63; and 0. 49; and 0. 54; and 0. 67 apply, 1. 03 must be provided or applied in accordance with Specification J3D11. For the building, where 0. 40; and 1. 19; and 0. 91; and 0. 69; and 0. 54; and 0. 41; and 0. 47; and 0. 55 apply, 0. 86 must be provided or applied in accordance with Specification J3D11. For the building, where 0. 60; and 0. 97; and 0. 75; and 0. 56; and 0. 47; and 0. 38; and 0. 41; and 0. 47 apply, 0. 70 must be provided or applied in accordance with Specification J3D11. For the building, where 0. 80; and 0. 78; and 0. 62; and 0. 49; and 0. 42; and 0. 34; and 0. 37; and 0. 42 apply, 0. 57 must be provided or applied in accordance with Specification J3D11. For the building, where 1. 00; and 0. 64; and 0. 47; and 0. 39; and 0. 38; and 0. 32; and 0. 33; and 0. 36 apply, 0. 49 must be provided or applied in accordance with Specification J3D11. For the building, where 1. 20; and 0. 43; and 0. 42; and 0. 35; and 0. 36; and 0. 31; and 0. 31; and 0. 29 apply, 0. 39 must be provided or applied in accordance with Specification J3D11. For the building, where 1. 40; and 0. 32; and 0. 31; and 0. 29; and 0. 34; and 0. 29; and 0. 29; and 0. 28 apply, 0. 33 must be provided or applied in accordance with Specification J3D11. For the building, where 1. 60; and 0. 22; and 0. 27; and 0. 27; and 0. 31; and 0. 25; and 0. 25; and 0. 23 apply, 0. 28 must be provided or applied in accordance with Specification J3D11. For the building, where 1. 80; and 0. 18; and 0. 23; and 0. 22; and 0. 29; and 0. 25; and 0. 25; and 0. 20 apply, 0. 25 must be provided or applied in accordance with Specification J3D11. For the building, where 2. 00; and 0. 14; and 0. 17; and 0. 21; and 0. 27; and 0. 25; and 0. 23; and 0. 19 apply, 0. 19 must be provided or applied in accordance with Specification J3D11.",1,1,"","","NCC 2022 Vol1","",0,"","","false","","NCC2022_Volume1_Tables_ClauseStyle.txt","2022"
"Vol1","I3","J","Table J3D11f","table","Table J3D11f","For the building, where 0. 00; and 3. 04; and 2. 50; and 1. 52; and 1. 51; and 1. 51; and 1. 63; and 1. 76 apply, 2. 75 must be provided or applied in accordance with Specification J3D11. For the building, where 0. 05; and 2. 94; and 2. 36; and 1. 39; and 1. 28; and 1. 26; and 1. 38; and 1. 62 apply, 2. 61 must be provided or applied in accordance with Specification J3D11. For the building, where 0. 10; and 2. 91; and 2. 28; and 1. 33; and 1. 21; and 1. 19; and 1. 30; and 1. 52 apply, 2. 55 must be provided or applied in accordance with Specification J3D11. For the building, where 0. 20; and 2. 50; and 2. 05; and 1. 18; and 1. 08; and 1. 05; and 1. 16; and 1. 40 apply, 2. 34 must be provided or applied in accordance with Specification J3D11. For the building, where 0. 40; and 2. 29; and 1. 77; and 1. 01; and 0. 91; and 0. 91; and 0. 98; and 1. 20 apply, 1. 98 must be provided or applied in accordance with Specification J3D11. For the building, where 0. 60; and 1. 95; and 1. 51; and 0. 86; and 0. 77; and 0. 81; and 0. 83; and 1. 04 apply, 1. 71 must be provided or applied in accordance with Specification J3D11. For the building, where 0. 80; and 1. 73; and 1. 28; and 0. 72; and 0. 71; and 0. 74; and 0. 80; and 0. 92 apply, 1. 42 must be provided or applied in accordance with Specification J3D11. For the building, where 1. 00; and 1. 38; and 1. 02; and 0. 65; and 0. 64; and 0. 67; and 0. 69; and 0. 78 apply, 1. 24 must be provided or applied in accordance with Specification J3D11. For the building, where 1. 20; and 1. 12; and 0. 95; and 0. 55; and 0. 61; and 0. 60; and 0. 65; and 0. 72 apply, 1. 04 must be provided or applied in accordance with Specification J3D11. For the building, where 1. 40; and 0. 85; and 0. 72; and 0. 49; and 0. 54; and 0. 60; and 0. 62; and 0. 64 apply, 0. 93 must be provided or applied in accordance with Specification J3D11. For the building, where 1. 60; and 0. 70; and 0. 65; and 0. 42; and 0. 50; and 0. 56; and 0. 54; and 0. 56 apply, 0. 79 must be provided or applied in accordance with Specification J3D11. For the building, where 1. 80; and 0. 51; and 0. 53; and 0. 40; and 0. 47; and 0. 53; and 0. 51; and 0. 54 apply, 0. 72 must be provided or applied in accordance with Specification J3D11. For the building, where 2. 00; and 0. 40; and 0. 47; and 0. 38; and 0. 44; and 0. 49; and 0. 51; and 0. 48 apply, 0. 58 must be provided or applied in accordance with Specification J3D11.",1,1,"","","NCC 2022 Vol1","",0,"","","false","","NCC2022_Volume1_Tables_ClauseStyle.txt","2022"
"Vol1","I3","J","Table J3D11g","table","Table J3D11g","For the building, where 0. 00; and 1. 66; and 1. 53; and 0. 90; and 0. 82; and 0. 74; and 0. 78; and 0. 83 apply, 1. 43 must be provided or applied in accordance with Specification J3D11. For the building, where 0. 05; and 1. 61; and 1. 47; and 0. 83; and 0. 69; and 0. 61; and 0. 66; and 0. 76 apply, 1. 37 must be provided or applied in accordance with Specification J3D11.",1,1,"","","NCC 2022 Vol1","",0,"","","false","","NCC2022_Volume1_Tables_ClauseStyle.txt","2022"
"Vol1","I3","J","Table J3D11_10","table","Table J3D11_10","For the building, where 0. 10; and 1. 61; and 1. 44; and 0. 79; and 0. 64; and 0. 59; and 0. 62; and 0. 73 apply, 1. 34 must be provided or applied in accordance with Specification J3D11. For the building, where 0. 20; and 1. 51; and 1. 34; and 0. 73; and 0. 58; and 0. 53; and 0. 55; and 0. 66 apply, 1. 22 must be provided or applied in accordance with Specification J3D11. For the building, where 0. 40; and 1. 30; and 1. 17; and 0. 63; and 0. 49; and 0. 44; and 0. 47; and 0. 55 apply, 1. 07 must be provided or applied in accordance with Specification J3D11. For the building, where 0. 60; and 1. 19; and 1. 02; and 0. 54; and 0. 43; and 0. 40; and 0. 41; and 0. 48 apply, 0. 91 must be provided or applied in accordance with Specification J3D11. For the building, where 0. 80; and 1. 02; and 0. 88; and 0. 48; and 0. 39; and 0. 36; and 0. 37; and 0. 43 apply, 0. 79 must be provided or applied in accordance with Specification J3D11. For the building, where 1. 00; and 0. 93; and 0. 78; and 0. 44; and 0. 34; and 0. 34; and 0. 33; and 0. 37 apply, 0. 67 must be provided or applied in accordance with Specification J3D11. For the building, where 1. 20; and 0. 73; and 0. 66; and 0. 37; and 0. 32; and 0. 32; and 0. 31; and 0. 33 apply, 0. 60 must be provided or applied in accordance with Specification J3D11. For the building, where 1. 40; and 0. 66; and 0. 64; and 0. 36; and 0. 30; and 0. 29; and 0. 29; and 0. 30 apply, 0. 46 must be provided or applied in accordance with Specification J3D11. For the building, where 1. 60; and 0. 51; and 0. 46; and 0. 32; and 0. 28; and 0. 27; and 0. 25; and 0. 28 apply, 0. 43 must be provided or applied in accordance with Specification J3D11. For the building, where 1. 80; and 0. 42; and 0. 44; and 0. 26; and 0. 26; and 0. 27; and 0. 25; and 0. 25 apply, 0. 37 must be provided or applied in accordance with Specification J3D11. For the building, where 2. 00; and 0. 31; and 0. 37; and 0. 26; and 0. 24; and 0. 25; and 0. 25; and 0. 22 apply, 0. 31 must be provided or applied in accordance with Specification J3D11.",1,1,"","","NCC 2022 Vol1","",0,"","","false","","NCC2022_Volume1_Tables_ClauseStyle.txt","2022"
"Vol1","I3","J","Table J3D11h","table","Table J3D11h","For the building, where Bedroom conduction weighting factor(BC) applies, 0. 43 must be provided or applied in accordance with Specification J3D11. For the building, where Room type multiplier (for bedroom and unconditioned areas) (RW) apply, 1. 00 must be provided or applied in accordance with Specification J3D11. For the building, where Bedroom solar heat gain weighting factor (BSW) applies, 0. 40 must be provided or applied in accordance with Specification J3D11. For the building, where Floor factor for tiled or vinyl covered floors (HW) applies, 1. 02 must be provided or applied in accordance with Specification J3D11. For the building, where Floor factor for other than tiled or vinyl covered floors (HW) applies, 0. 96 must be provided or applied in accordance with Specification J3D11.",1,1,"","","NCC 2022 Vol1","",0,"","","false","","NCC2022_Volume1_Tables_ClauseStyle.txt","2022"
"Vol1","I3","J","Table J3D11i","table","Table J3D11i","For the building, where Bedroom conduction weighting factor(BC) applies, 0. 42 must be provided or applied in accordance with Specification J3D11. For the building, where Room type multiplier (for bedroom and unconditioned areas) (RW) apply, 1. 00 must be provided or applied in accordance with Specification J3D11. For the building, where Bedroom solar heat gain weighting factor (BSW) applies, 1. 28 must be provided or applied in accordance with Specification J3D11. For the building, where Floor factor for tiled or vinyl covered floors (HW) applies, 1. 02 must be provided or applied in accordance with Specification J3D11. For the building, where Floor factor for other than tiled or vinyl covered floors (HW) applies, 0. 97 must be provided or applied in accordance with Specification J3D11.",1,1,"","","NCC 2022 Vol1","",0,"","","false","","NCC2022_Volume1_Tables_ClauseStyle.txt","2022"
"Vol1","I3","J","Table J3D11j","table","Table J3D11j","For the building, where Bedroom conduction weighting factor(BC) applies, 0. 70 must be provided or applied in accordance with Specification J3D11. For the building, where Room type multiplier (for bedroom and unconditioned areas) (RW) apply, 1. 00 must be provided or applied in accordance with Specification J3D11. For the building, where Bedroom solar heat gain weighting factor (BSW) applies, 0. 60 must be provided or applied in accordance with Specification J3D11. For the building, where Floor factor for tiled or vinyl covered floors (HW) applies, 1. 04 must be provided or applied in accordance with Specification J3D11. For the building, where Floor factor for other than tiled or vinyl covered floors (HW) applies, 0. 92 must be provided or applied in accordance with Specification J3D11.",1,1,"","","NCC 2022 Vol1","",0,"","","false","","NCC2022_Volume1_Tables_ClauseStyle.txt","2022"
"Vol1","I3","J","Table J3D11k","table","Table J3D11k","For the building, where Bedroom conduction weighting factor(BC) applies, 0. 63 must be provided or applied in accordance with Specification J3D11. For the building, where Room type multiplier (for bedroom and unconditioned areas) (RW) apply, 1. 10 must be provided or applied in accordance with Specification J3D11. For the building, where Bedroom solar heat gain weighting factor (BSW) applies, 0. 81 must be provided or applied in accordance with Specification J3D11. For the building, where Floor factor for tiled or vinyl covered floors (HW) applies, 1. 03 must be provided or applied in accordance with Specification J3D11. For the building, where Floor factor for other than tiled or vinyl covered floors (HW) applies, 0. 93 must be provided or applied in accordance with Specification J3D11.",1,1,"","","NCC 2022 Vol1","",0,"","","false","","NCC2022_Volume1_Tables_ClauseStyle.txt","2022"
"Vol1","I3","J","Table J3D11l","table","Table J3D11l","For the building, where Bedroom conduction weighting factor(BC) applies, 0. 81 must be provided or applied in accordance with Specification J3D11. For the building, where Room type multiplier (for bedroom and unconditioned areas) (RW) apply, 1. 00 must be provided or applied in accordance with Specification J3D11. For the building, where Bedroom solar heat gain weighting factor (BSW) applies, 0. 65 must be provided or applied in accordance with Specification J3D11. For the building, where Floor factor for tiled or vinyl covered floors (HW) applies, 1. 02 must be provided or applied in accordance with Specification J3D11. For the building, where Floor factor for other than tiled or vinyl covered floors (HW) applies, 0. 98 must be provided or applied in accordance with Specification J3D11.",1,1,"","","NCC 2022 Vol1","",0,"","","false","","NCC2022_Volume1_Tables_ClauseStyle.txt","2022"
"Vol1","I3","J","Table J3D11m","table","Table J3D11m","For the building, where Bedroom conduction weighting factor(BC) applies, 0. 60 must be provided or applied in accordance with Specification J3D11. For the building, where Room type multiplier (for bedroom and unconditioned areas) (RW) apply, 1. 00 must be provided or applied in accordance with Specification J3D11. For the building, where Bedroom solar heat gain weighting factor (BSW) applies, 0. 51 must be provided or applied in accordance with Specification J3D11. For the building, where Floor factor for tiled or vinyl covered floors (HW) applies, 1. 03 must be provided or applied in accordance with Specification J3D11. For the building, where Floor factor for other than tiled or vinyl covered floors (HW) applies, 0. 93 must be provided or applied in accordance with Specification J3D11.",1,1,"","","NCC 2022 Vol1","",0,"","","false","","NCC2022_Volume1_Tables_ClauseStyle.txt","2022"
"Vol1","I3","J","Table J3D11n","table","Table J3D11n","For the building, where 2; and 1. 70; and 1. 34; and 0. 98; and 0. 84; and 0. 70; and 0. 90; and 1. 10 apply, 1. 40 must be provided or applied in accordance with Specification J3D11. For the building, where 3; and 1. 30; and 1. 10; and 0. 90; and 0. 95; and 1. 00; and 0. 95; and 0. 90 apply, 1. 10 must be provided or applied in accordance with Specification J3D11. For the building, where 4; and 1. 30; and 1. 25; and 1. 20; and 1. 03; and 0. 85; and 0. 92; and 0. 99 apply, 1. 15 must be provided or applied in accordance with Specification J3D11. For the building, where 5; and 1. 20; and 1. 15; and 1. 10; and 1. 05; and 1. 00; and 1. 05; and 1. 10 apply, 1. 15 must be provided or applied in accordance with Specification J3D11. For the building, where 6; and 1. 23; and 1. 13; and 1. 00; and 1. 00; and 1. 02; and 1. 00; and 1. 00 apply, 1. 16 must be provided or applied in accordance with Specification J3D11. For the building, where 7 and 8; and 1. 40; and 1. 25; and 1. 10; and 1. 00; and 0. 90; and 0. 95; and 1. 00 apply, 1. 20 must be provided or applied in accordance with Specification J3D11.",1,1,"","","NCC 2022 Vol1","",0,"","","false","","NCC2022_Volume1_Tables_ClauseStyle.txt","2022"
"Vol1","I3","J","Table J3D11o","table","Table J3D11o","For the building, where 0. 40 applies, 0. 97 must be provided or applied in accordance with Specification J3D11. For the building, where > 0. 40 to < 0. 68 applies, 1. 00 must be provided or applied in accordance with Specification J3D11. For the building, where 0. 68 applies, 1. 08 must be provided or applied in accordance with Specification J3D11.",1,1,"","","NCC 2022 Vol1","",0,"","","false","","NCC2022_Volume1_Tables_ClauseStyle.txt","2022"
"Vol1","I3","J","Table J3D11p","table","Table J3D11p","For the building, where 0. 40 applies, 0. 98 must be provided or applied in accordance with Specification J3D11. For the building, where > 0. 40 to < 0. 68 applies, 1. 00 must be provided or applied in accordance with Specification J3D11. For the building, where 0. 68 applies, 1. 05 must be provided or applied in accordance with Specification J3D11.",1,1,"","","NCC 2022 Vol1","",0,"","","false","","NCC2022_Volume1_Tables_ClauseStyle.txt","2022"
"Vol1","I3","J","Table J3D11q","table","Table J3D11q","For the building, where 0. 40 applies, 0. 99 must be provided or applied in accordance with Specification J3D11. For the building, where > 0. 40 to < 0. 68 applies, 1. 00 must be provided or applied in accordance with Specification J3D11. For the building, where 0. 68 applies, 1. 01 must be provided or applied in accordance with Specification J3D11.",1,1,"","","NCC 2022 Vol1","",0,"","","false","","NCC2022_Volume1_Tables_ClauseStyle.txt","2022"
"Vol1","I3","J","Table J3D11r","table","Table J3D11r","For the building, where 0. 40 applies, 1. 00 must be provided or applied in accordance with Specification J3D11. For the building, where > 0. 40 to < 0. 68 applies, 1. 00 must be provided or applied in accordance with Specification J3D11. For the building, where 0. 68 applies, 1. 01 must be provided or applied in accordance with Specification J3D11.",1,1,"","","NCC 2022 Vol1","",0,"","","false","","NCC2022_Volume1_Tables_ClauseStyle.txt","2022"
"Vol1","I3","J","Table J3D11s","table","Table J3D11s","For the building, where 0. 40 applies, 0. 92 must be provided or applied in accordance with Specification J3D11. For the building, where > 0. 40 to < 0. 68 applies, 1. 00 must be provided or applied in accordance with Specification J3D11. For the building, where 0. 68 applies, 1. 13 must be provided or applied in accordance with Specification J3D11.",1,1,"","","NCC 2022 Vol1","",0,"","","false","","NCC2022_Volume1_Tables_ClauseStyle.txt","2022"
"Vol1","I3","J","Table J3D11t","table","Table J3D11t","For the building, where 0. 40 applies, 0. 97 must be provided or applied in accordance with Specification J3D11. For the building, where > 0. 40 to < 0. 68 applies, 1. 00 must be provided or applied in accordance with Specification J3D11. For the building, where 0. 68 applies, 1. 01 must be provided or applied in accordance with Specification J3D11.",1,1,"","","NCC 2022 Vol1","",0,"","","false","","NCC2022_Volume1_Tables_ClauseStyle.txt","2022"
"Vol1","I3","J","Table J6D3","table","Table J6D3","",1,1,"","","NCC 2022 Vol1","",0,"","","false","","NCC2022_Volume1_Tables_ClauseStyle.txt","2022"
"Vol1","I3","J","Table J6D4","table","Table J6D4","For the building, where 1; and >500 apply, Modulating control must be provided or applied in accordance with Specification J6D4. For the building, where 2; and Not applicable apply, No required measure must be provided or applied in accordance with Specification J6D4. For the building, where 3; and >1000 apply, Modulating control must be provided or applied in accordance with Specification J6D4. For the building, where 4 and 6; and >500 apply, Modulating control or energy reclaiming system must be provided or applied in accordance with Specification J6D4. For the building, where 5; and >1000 apply, Modulating control or energy reclaiming system must be provided or applied in accordance with Specification J6D4. For the building, where 7 and 8; and >250 apply, Modulating control or energy reclaiming system must be provided or applied in accordance with Specification J6D4.",1,1,"","","NCC 2022 Vol1","",0,"","","false","","NCC2022_Volume1_Tables_ClauseStyle.txt","2022"
"Vol1","I3","J","Table J6D5a","table","Table J6D5a","For the building, where Axial - as a component of an air handling unit or fan coil unit; and 46. 0 apply, 51. 5 must be provided or applied in accordance with Specification J6D5. For the building, where Axial - other; and 42. 0 apply, 61. 0 must be provided or applied in accordance with Specification J6D5. For the building, where Mixed flow - as a component of an air handling unit or fan coil unit; and 46. 0 apply, 51. 5 must be provided or applied in accordance with Specification J6D5. For the building, where Mixed flow - other; and 52. 5 apply, 65. 0 must be provided or applied in accordance with Specification J6D5. For the building, where Centrifugal forward - curved; and 46. 0 apply, 51. 5 must be provided or applied in accordance with Specification J6D5. For the building, where Centrifugal radial bladed; and 46. 0 apply, 51. 5 must be provided or applied in accordance with Specification J6D5. For the building, where Centrifugal backward-curved; and 64. 0 apply, 64. 0 must be provided or applied in accordance with Specification J6D5.",1,1,"","","NCC 2022 Vol1","",0,"","","false","","NCC2022_Volume1_Tables_ClauseStyle.txt","2022"
"Vol1","I3","J","Table J6D5b","table","Table J6D5b","For the building, where Axial; and 2. 74 apply, 0. 78 must be provided or applied in accordance with Specification J6D5. For the building, where Mixed flow; and 4. 56 apply, 1. 1 must be provided or applied in accordance with Specification J6D5. For the building, where Centrifugal forward-curved; and 2. 74 apply, 0. 78 must be provided or applied in accordance with Specification J6D5. For the building, where Centrifugal radial bladed; and 2. 74 apply, 0. 78 must be provided or applied in accordance with Specification J6D5. For the building, where Centrifugal backward-curved; and 4. 56 apply, 1. 1 must be provided or applied in accordance with Specification J6D5.",1,1,"","","NCC 2022 Vol1","",0,"","","false","","NCC2022_Volume1_Tables_ClauseStyle.txt","2022"
"Vol1","I3","J","Table J6D5c","table","Table J6D5c","For the building, where Axial; and 6. 33 apply, 1. 88 must be provided or applied in accordance with Specification J6D5. For the building, where Mixed flow; and 10. 5 apply, 2. 6 must be provided or applied in accordance with Specification J6D5. For the building, where Centrifugal forward-curved; and 6. 33 apply, 1. 88 must be provided or applied in accordance with Specification J6D5. For the building, where Centrifugal radial bladed; and 6. 33 apply, 1. 88 must be provided or applied in accordance with Specification J6D5. For the building, where Centrifugal backward-curved; and 10. 5 apply, 2. 6 must be provided or applied in accordance with Specification J6D5.",1,1,"","","NCC 2022 Vol1","",0,"","","false","","NCC2022_Volume1_Tables_ClauseStyle.txt","2022"
"Vol1","I3","J","Table J6D5d","table","Table J6D5d","",1,1,"","","NCC 2022 Vol1","",0,"","","false","","NCC2022_Volume1_Tables_ClauseStyle.txt","2022"
"Vol1","I3","J","Table J6D5_5","table","Table J6D5_5","",1,1,"","","NCC 2022 Vol1","",0,"","","false","","NCC2022_Volume1_Tables_ClauseStyle.txt","2022"
"Vol1","I3","J","Table J6D5e","table","Table J6D5e","",1,1,"","","NCC 2022 Vol1","",0,"","","false","","NCC2022_Volume1_Tables_ClauseStyle.txt","2022"
"Vol1","I3","J","Table J6D6","table","Table J6D6","For the building, where Within a conditioned space; and 1. 2 apply, 2. 0 must be provided or applied in accordance with Specification J6D6. For the building, where Where exposed to direct sunlight; and 3. 0 apply, 3. 0 must be provided or applied in accordance with Specification J6D6. For the building, where All other locations; and 2. 0 apply, 3. 0 must be provided or applied in accordance with Specification J6D6.",1,1,"","","NCC 2022 Vol1","",0,"","","false","","NCC2022_Volume1_Tables_ClauseStyle.txt","2022"
"Vol1","I3","J","Table J6D8a","table","Table J6D8a","For the building, where   20; and 400 apply, 400 must be provided or applied in accordance with Specification J6D8. For the building, where 25; and 400 apply, 400 must be provided or applied in accordance with Specification J6D8. For the building, where 32; and 400 apply, 400 must be provided or applied in accordance with Specification J6D8.",1,1,"","","NCC 2022 Vol1","",0,"","","false","","NCC2022_Volume1_Tables_ClauseStyle.txt","2022"
"Vol1","I3","J","Table J6D8_2","table","Table J6D8_2","For the building, where 40; and 400 apply, 400 must be provided or applied in accordance with Specification J6D8. For the building, where 50; and 400 apply, 350 must be provided or applied in accordance with Specification J6D8. For the building, where 65; and 400 apply, 350 must be provided or applied in accordance with Specification J6D8. For the building, where 80; and 400 apply, 350 must be provided or applied in accordance with Specification J6D8. For the building, where 100; and 400 apply, 200 must be provided or applied in accordance with Specification J6D8. For the building, where 125; and 400 apply, 200 must be provided or applied in accordance with Specification J6D8. For the building, where 150 or more; and 400 apply, 200 must be provided or applied in accordance with Specification J6D8.",1,1,"","","NCC 2022 Vol1","",0,"","","false","","NCC2022_Volume1_Tables_ClauseStyle.txt","2022"
"Vol1","I3","J","Table J6D8b","table","Table J6D8b","For the building, where   20; and 400 apply, 400 must be provided or applied in accordance with Specification J6D8. For the building, where 25; and 400 apply, 400 must be provided or applied in accordance with Specification J6D8. For the building, where 32; and 400 apply, 400 must be provided or applied in accordance with Specification J6D8. For the building, where 40; and 400 apply, 400 must be provided or applied in accordance with Specification J6D8. For the building, where 50; and 400 apply, 400 must be provided or applied in accordance with Specification J6D8. For the building, where 65; and 400 apply, 400 must be provided or applied in accordance with Specification J6D8. For the building, where 80; and 400 apply, 400 must be provided or applied in accordance with Specification J6D8. For the building, where 100; and 400 apply, 300 must be provided or applied in accordance with Specification J6D8. For the building, where 125; and 400 apply, 300 must be provided or applied in accordance with Specification J6D8. For the building, where 150 or more; and 400 apply, 300 must be provided or applied in accordance with Specification J6D8.",1,1,"","","NCC 2022 Vol1","",0,"","","false","","NCC2022_Volume1_Tables_ClauseStyle.txt","2022"
"Vol1","I3","J","Table J6D8c","table","Table J6D8c","For the building, where   20; and 400; and 300 apply, 150 must be provided or applied in accordance with Specification J6D8. For the building, where 25; and 400; and 220 apply, 100 must be provided or applied in accordance with Specification J6D8. For the building, where 32; and 400; and 220 apply, 100 must be provided or applied in accordance with Specification J6D8. For the building, where 40; and 400; and 220 apply, 100 must be provided or applied in accordance with Specification J6D8. For the building, where 50; and 400; and 220 apply, 100 must be provided or applied in accordance with Specification J6D8. For the building, where 65; and 400; and 400 apply, 170 must be provided or applied in accordance with Specification J6D8. For the building, where 80; and 400; and 400 apply, 170 must be provided or applied in accordance with Specification J6D8. For the building, where 100; and 400; and 400 apply, 170 must be provided or applied in accordance with Specification J6D8. For the building, where 125; and 400; and 400 apply, 170 must be provided or applied in accordance with Specification J6D8. For the building, where 150 or more; and 400; and 400 apply, 170 must be provided or applied in accordance with Specification J6D8.",1,1,"","","NCC 2022 Vol1","",0,"","","false","","NCC2022_Volume1_Tables_ClauseStyle.txt","2022"
"Vol1","I3","J","Table J6D8d","table","Table J6D8d","For the building, where   20; and 400 apply, 250 must be provided or applied in accordance with Specification J6D8. For the building, where 25; and 400 apply, 180 must be provided or applied in accordance with Specification J6D8. For the building, where 32; and 400 apply, 180 must be provided or applied in accordance with Specification J6D8. For the building, where 40; and 400 apply, 180 must be provided or applied in accordance with Specification J6D8. For the building, where 50; and 400 apply, 180 must be provided or applied in accordance with Specification J6D8. For the building, where 65; and 400 apply, 300 must be provided or applied in accordance with Specification J6D8. For the building, where 80; and 400 apply, 300 must be provided or applied in accordance with Specification J6D8. For the building, where 100; and 400 apply, 300 must be provided or applied in accordance with Specification J6D8. For the building, where 125; and 400 apply, 300 must be provided or applied in accordance with Specification J6D8. For the building, where 150 or more; and 400 apply, 300 must be provided or applied in accordance with Specification J6D8.",1,1,"","","NCC 2022 Vol1","",0,"","","false","","NCC2022_Volume1_Tables_ClauseStyle.txt","2022"
"Vol1","I3","J","Table J6D9a","table","Table J6D9a","For the building, where Low temperature chilled - 2 degC; and 1. 3; and 1. 7; and 2. 0 apply, 2. 7 must be provided or applied in accordance with Specification J6D9. For the building, where Chilled - > 2 degC but 20 degC; and 1. 0; and 1. 5; and 2. 0 apply, 2. 0 must be provided or applied in accordance with Specification J6D9. For the building, where Heated - > 30 degC but 85 degC; and 1. 7; and 1. 7; and 1. 7 apply, 1. 7 must be provided or applied in accordance with Specification J6D9. For the building, where High Temperature heated - > 85 degC; and 2. 7; and 2. 7; and 2. 7 apply, 2. 7 must be provided or applied in accordance with Specification J6D9.",1,1,"","","NCC 2022 Vol1","",0,"","","false","","NCC2022_Volume1_Tables_ClauseStyle.txt","2022"
"Vol1","I3","J","Table J6D9b","table","Table J6D9b","For the building, where Low temperature chilled - 2 degC applies, 2. 7 must be provided or applied in accordance with Specification J6D9. For the building, where Chilled - > 2 degC but 20 degC applies, 1. 8 must be provided or applied in accordance with Specification J6D9. For the building, where Heated - > 30 degC but 85 degC applies, 3. 0 must be provided or applied in accordance with Specification J6D9. For the building, where High temperature heated - > 85 degC applies, 3. 0 must be provided or applied in accordance with Specification J6D9.",1,1,"","","NCC 2022 Vol1","",0,"","","false","","NCC2022_Volume1_Tables_ClauseStyle.txt","2022"
"Vol1","I3","J","Table J6D10","table","Table J6D10","For the building, where 500 m2; and 50; and 60; and 55; and 65 apply, 70 must be provided or applied in accordance with Specification J6D10. For the building, where > 500 m2; and 40; and 50; and 45; and 55 apply, 60 must be provided or applied in accordance with Specification J6D10.",1,1,"","","NCC 2022 Vol1","",0,"","","false","","NCC2022_Volume1_Tables_ClauseStyle.txt","2022"
"Vol1","I3","J","Table J6D10_2","table","Table J6D10_2","For the building, where J7D1 applies, Deemed-to-Satisfy Provisions [2019: J6. 0] must be provided or applied in accordance with Specification J7D1.",1,1,"","","NCC 2022 Vol1","",0,"","","false","","NCC2022_Volume1_Tables_ClauseStyle.txt","2022"
"Vol1","I3","J","Table J6D11a","table","Table J6D11a","For the building, where Air-cooled chiller with a capacity 528 kWr; and 2. 985 apply, 4. 048 must be provided or applied in accordance with Specification J6D11. For the building, where Air-cooled chiller with a capacity > 528 kWr; and 2. 985 apply, 4. 137 must be provided or applied in accordance with Specification J6D11. For the building, where Water-cooled positive displacement chiller with a capacity 264 kWr; and 4. 694 apply, 5. 867 must be provided or applied in accordance with Specification J6D11. For the building, where Water-cooled positive displacement chiller with a capacity > 264 kWr but 528 kWr; and 4. 889 apply, 6. 286 must be provided or applied in accordance with Specification J6D11. For the building, where Water-cooled positive displacement chiller with a capacity > 528 kWr but 1055 kWr; and 5. 334 apply, 6. 519 must be provided or applied in accordance with Specification J6D11. For the building, where Water-cooled positive displacement chiller with a capacity > 1055 kWr but 2110 kWr; and 5. 800 apply, 6. 770 must be provided or applied in accordance with Specification J6D11. For the building, where Water-cooled positive displacement chiller with a capacity > 2110 kWr; and 6. 286 apply, 7. 041 must be provided or applied in accordance with Specification J6D11. For the building, where Water-cooled centrifugal chiller with a capacity 528 kWr; and 5. 771 apply, 6. 401 must be provided or applied in accordance with Specification J6D11. For the building, where Water-cooled centrifugal chiller with a capacity > 528 kWr but 1055 kWr; and 5. 771 apply, 6. 519 must be provided or applied in accordance with Specification J6D11. For the building, where Water-cooled centrifugal chiller with a capacity > 1055 kWr but 1407 kWr; and 6. 286 apply, 6. 770 must be provided or applied in accordance with Specification J6D11. For the building, where Water-cooled centrifugal chiller with a capacity > 1407 kWr; and 6. 286 apply, 7. 041 must be provided or applied in accordance with Specification J6D11.",1,1,"","","NCC 2022 Vol1","",0,"","","false","","NCC2022_Volume1_Tables_ClauseStyle.txt","2022"
"Vol1","I3","J","Table J6D11b","table","Table J6D11b","For the building, where Air-cooled chiller with a capacity 528 kWr; and 2. 866 apply, 4. 669 must be provided or applied in accordance with Specification J6D11. For the building, where Air-cooled chiller with a capacity > 528 kWr; and 2. 866 apply, 4. 758 must be provided or applied in accordance with Specification J6D11. For the building, where Water-cooled positive displacement chiller with a capacity 264 kWr; and 4. 513 apply, 7. 041 must be provided or applied in accordance with Specification J6D11. For the building, where Water-cooled positive displacement chiller with a capacity > 264 kWr but 528 kWr; and 4. 694 apply, 7. 184 must be provided or applied in accordance with Specification J6D11. For the building, where Water-cooled positive displacement chiller with a capacity > 528 kWr but 1055 kWr; and 5. 177 apply, 8. 001 must be provided or applied in accordance with Specification J6D11. For the building, where Water-cooled positive displacement chiller with a capacity > 1055 kWr but 2110 kWr; and 5. 633 apply, 8. 586 must be provided or applied in accordance with Specification J6D11. For the building, where Water-cooled positive displacement chiller with a capacity > 2110 kWr; and 6. 018 apply, 9. 264 must be provided or applied in accordance with Specification J6D11. For the building, where Water-cooled centrifugal chiller with a capacity 528 kWr; and 5. 065 apply, 8. 001 must be provided or applied in accordance with Specification J6D11. For the building, where Water-cooled centrifugal chiller with a capacity > 528 kWr but 1055 kWr; and 5. 544 apply, 8. 001 must be provided or applied in accordance with Specification J6D11. For the building, where Water-cooled centrifugal chiller with a capacity > 1055 kWr but 1407 kWr; and 5. 917 apply, 9. 027 must be provided or applied in accordance with Specification J6D11. For the building, where Water-cooled centrifugal chiller with a capacity > 1407 kWr; and 6. 018 apply, 9. 264 must be provided or applied in accordance with Specification J6D11.",1,1,"","","NCC 2022 Vol1","",0,"","","false","","NCC2022_Volume1_Tables_ClauseStyle.txt","2022"
"Vol1","I3","J","Table J6D12_1","table","Table J6D12_1","For the building, where Part J7 applies, Artificial lighting and power Deemed-to-Satisfy Provisions J7D1 Deemed-to-Satisfy Provisions J7D2 Application of Part J7D3 Artificiallighting J7D4 Interior artificial and controllightingpower J7D5 Interior decorative anddisplay lighting J7D6 Exterior artificiallighting J7D7 water and chilled water units Boilingstorage J7D8 Lifts J7D9 Escalators andmoving walkways must be provided or applied in accordance with Specification J6D12. For the building, where Part J8 applies, Heated water supply and swimming pool and spa pool plant Deemed-to-Satisfy Provisions J8D1 Deemed-to-Satisfy Provisions J8D2 Heated watersupply J8D3 and Swimmingpoolheating pumping J8D4 and Spapoolheating pumping must be provided or applied in accordance with Specification J6D12. For the building, where Part J9 applies, Energy monitoring and on-site distributed energy resources Deemed-to-Satisfy Provisions J9D1 Deemed-to-Satisfy Provisions J9D2 Application of Part J9D3 Facilities forenergy monitoring J9D4 Facilities for electric vehiclecharging equipment J9D5 Facilities for solar andphotovoltaic battery systems must be provided or applied in accordance with Specification J6D12. For the building, where Specification 33 applies, Additional requirements S33C1 Scope S33C2 Additional requirements - general S33C3 Additional - Green Starrequirements must be provided or applied in accordance with Specification J6D12. For the building, where Specification 34 applies, Modelling parameters for J1V3S34C1 Scope S34C2 Referencebuilding S34C3 and reference Proposedbuilding building S34C4 and reference Services-proposed building must be provided or applied in accordance with Specification J6D12. For the building, where Specification 35 applies, Modelling profiles for J1V3S35C1 Scope S35C2 Modelling profiles must be provided or applied in accordance with Specification J6D12. For the building, where Specification 36 applies, Material properties S36C1 Scope S36C2 Construction Deemed-to-Satisfy must be provided or applied in accordance with Specification J6D12. For the building, where Specification 37 applies, Calculation of U-Value and solar admittance S37C1 Scope S37C2 General S37C3 U-Value - Method 1(Single Aspect) must be provided or applied in accordance with Specification J6D12.",1,1,"","","NCC 2022 Vol1","",0,"","","false","","NCC2022_Volume1_Tables_ClauseStyle.txt","2022"
"Vol1","I3","J","Table J6D12_2","table","Table J6D12_2","For the building, where Specification 38 applies, Spandrel panel thermal performance must be provided or applied in accordance with Specification J6D12. For the building, where Specification 39 applies, Sub-floor and soil thermal performance S39C1 Scope S39C2 Sub-floor and soil thermalspace performance must be provided or applied in accordance with Specification J6D12. For the building, where Specification 40 applies, Lighting and power control devices S40C1 Scope S40C2 Lighting timers S40C3 Time switch S40C4 Motion detectors S40C5 sensor and control device Daylightdynamiclighting must be provided or applied in accordance with Specification J6D12. For the building, where Specification 44 applies, Calculation of heating load limit, cooling load limit and thermal energy load limit S44C1 Scope S44C2 load limit Heating S44C3 load limit Cooling S44C4 Thermal load limitenergy must be provided or applied in accordance with Specification J6D12. For the building, where Specification 45 applies, Modelling profiles for J1V5S45C1 Scope must be provided or applied in accordance with Specification J6D12.",1,1,"","","NCC 2022 Vol1","",0,"","","false","","NCC2022_Volume1_Tables_ClauseStyle.txt","2022"
"Vol1","J2","J","Table J3D12a","table","Table J3D12a","For the building, where 5% to <10%; and 0. 0191; and 0. 0245; and 0. 0547; and 0. 0506; and 0. 0674; and 0. 1472 apply, 0. 0930 must be provided or applied in accordance with Specification J3D12. For the building, where 10% to <15%; and 0. 0237; and 0. 0532; and 0. 0745; and 0. 0946; and 0. 1111; and 0. 2969 apply, 0. 2405 must be provided or applied in accordance with Specification J3D12. For the building, where 15% to <20%; and 0. 0294; and 0. 0700; and 0. 0861; and 0. 1203; and 0. 1367; and 0. 3845 apply, 0. 3267 must be provided or applied in accordance with Specification J3D12. For the building, where 20% to 90%; and 0. 0364; and 0. 0819; and 0. 0943; and 0. 1385; and 0. 1548; and 0. 4466 apply, 0. 3879 must be provided or applied in accordance with Specification J3D12.",1,1,"","","NCC 2022 Vol1","",0,"","","false","","NCC2022_Volume1_Tables_ClauseStyle.txt","2022"
"Vol1","J2","J","Table J3D12b","table","Table J3D12b","For the building, where 0. 00; and 0. 62; and 0. 76; and 0. 79; and 0. 75; and 0. 52; and 0. 89; and 1. 06 apply, 0. 85 must be provided or applied in accordance with Specification J3D12. For the building, where 0. 05; and 0. 52; and 0. 67; and 0. 73; and 0. 68; and 0. 45; and 0. 82; and 0. 98 apply, 0. 75 must be provided or applied in accordance with Specification J3D12. For the building, where 0. 10; and 0. 49; and 0. 61; and 0. 68; and 0. 65; and 0. 41; and 0. 76; and 0. 92 apply, 0. 69 must be provided or applied in accordance with Specification J3D12. For the building, where 0. 20; and 0. 44; and 0. 53; and 0. 62; and 0. 57; and 0. 33; and 0. 66; and 0. 80 apply, 0. 60 must be provided or applied in accordance with Specification J3D12. For the building, where 0. 40; and 0. 36; and 0. 41; and 0. 48; and 0. 42; and 0. 25; and 0. 53; and 0. 66 apply, 0. 47 must be provided or applied in accordance with Specification J3D12. For the building, where 0. 60; and 0. 30; and 0. 33; and 0. 40; and 0. 36; and 0. 20; and 0. 42; and 0. 53 apply, 0. 38 must be provided or applied in accordance with Specification J3D12. For the building, where 0. 80; and 0. 26; and 0. 28; and 0. 32; and 0. 28; and 0. 18; and 0. 36; and 0. 46 apply, 0. 32 must be provided or applied in accordance with Specification J3D12. For the building, where 1. 00; and 0. 23; and 0. 23; and 0. 27; and 0. 25; and 0. 15; and 0. 30; and 0. 38 apply, 0. 28 must be provided or applied in accordance with Specification J3D12. For the building, where 1. 20; and 0. 21; and 0. 21; and 0. 23; and 0. 20; and 0. 13; and 0. 27; and 0. 34 apply, 0. 26 must be provided or applied in accordance with Specification J3D12. For the building, where 1. 40; and 0. 20; and 0. 19; and 0. 20; and 0. 18; and 0. 13; and 0. 22; and 0. 30 apply, 0. 22 must be provided or applied in accordance with Specification J3D12. For the building, where 1. 60; and 0. 18; and 0. 16; and 0. 17; and 0. 16; and 0. 11; and 0. 20; and 0. 27 apply, 0. 21 must be provided or applied in accordance with Specification J3D12. For the building, where 1. 80; and 0. 15; and 0. 16; and 0. 16; and 0. 13; and 0. 10; and 0. 20; and 0. 24 apply, 0. 18 must be provided or applied in accordance with Specification J3D12. For the building, where 2. 00; and 0. 14; and 0. 15; and 0. 14; and 0. 13; and 0. 10; and 0. 17; and 0. 22 apply, 0. 17 must be provided or applied in accordance with Specification J3D12.",1,1,"","","NCC 2022 Vol1","",0,"","","false","","NCC2022_Volume1_Tables_ClauseStyle.txt","2022"
"Vol1","J2","J","Table J3D12c","table","Table J3D12c","For the building, where 0. 00; and 0. 65; and 1. 16; and 1. 59; and 1. 20; and 0. 73; and 1. 30; and 1. 77 apply, 1. 23 must be provided or applied in accordance with Specification J3D12. For the building, where 0. 05; and 0. 54; and 1. 01; and 1. 43; and 1. 06; and 0. 61; and 1. 18; and 1. 62 apply, 1. 10 must be provided or applied in accordance with Specification J3D12. For the building, where 0. 10; and 0. 50; and 0. 94; and 1. 35; and 0. 99; and 0. 58; and 1. 10; and 1. 50 apply, 1. 00 must be provided or applied in accordance with Specification J3D12. For the building, where 0. 20; and 0. 42; and 0. 81; and 1. 20; and 0. 88; and 0. 51; and 0. 98; and 1. 32 apply, 0. 87 must be provided or applied in accordance with Specification J3D12. For the building, where 0. 40; and 0. 35; and 0. 62; and 0. 95; and 0. 70; and 0. 40; and 0. 78; and 1. 10 apply, 0. 67 must be provided or applied in accordance with Specification J3D12. For the building, where 0. 60; and 0. 30; and 0. 48; and 0. 78; and 0. 57; and 0. 33; and 0. 64; and 0. 88 apply, 0. 50 must be provided or applied in accordance with Specification J3D12. For the building, where 0. 80; and 0. 26; and 0. 41; and 0. 65; and 0. 47; and 0. 29; and 0. 54; and 0. 77 apply, 0. 43 must be provided or applied in accordance with Specification J3D12. For the building, where 1. 00; and 0. 23; and 0. 33; and 0. 56; and 0. 40; and 0. 24; and 0. 47; and 0. 62 apply, 0. 36 must be provided or applied in accordance with Specification J3D12. For the building, where 1. 20; and 0. 21; and 0. 30; and 0. 46; and 0. 35; and 0. 22; and 0. 40; and 0. 54 apply, 0. 31 must be provided or applied in accordance with Specification J3D12. For the building, where 1. 40; and 0. 19; and 0. 26; and 0. 42; and 0. 32; and 0. 21; and 0. 35; and 0. 48 apply, 0. 27 must be provided or applied in accordance with Specification J3D12. For the building, where 1. 60; and 0. 17; and 0. 25; and 0. 36; and 0. 29; and 0. 19; and 0. 31; and 0. 41 apply, 0. 24 must be provided or applied in accordance with Specification J3D12. For the building, where 1. 80; and 0. 15; and 0. 22; and 0. 31; and 0. 25; and 0. 17; and 0. 30; and 0. 37 apply, 0. 22 must be provided or applied in accordance with Specification J3D12. For the building, where 2. 00; and 0. 15; and 0. 21; and 0. 29; and 0. 24; and 0. 16; and 0. 26; and 0. 36 apply, 0. 21 must be provided or applied in accordance with Specification J3D12.",1,1,"","","NCC 2022 Vol1","",0,"","","false","","NCC2022_Volume1_Tables_ClauseStyle.txt","2022"
"Vol1","J2","J","Table J3D12d","table","Table J3D12d","For the building, where 0. 00; and 0. 80; and 1. 26; and 1. 41; and 1. 38; and 0. 89; and 1. 33; and 1. 29 apply, 1. 20 must be provided or applied in accordance with Specification J3D12. For the building, where 0. 05; and 0. 67; and 1. 14; and 1. 31; and 1. 26; and 0. 77; and 1. 21; and 1. 20 apply, 1. 07 must be provided or applied in accordance with Specification J3D12. For the building, where 0. 10; and 0. 63; and 1. 03; and 1. 24; and 1. 19; and 0. 73; and 1. 14; and 1. 13 apply, 0. 99 must be provided or applied in accordance with Specification J3D12. For the building, where 0. 20; and 0. 54; and 0. 88; and 1. 09; and 1. 05; and 0. 62; and 1. 00; and 1. 01 apply, 0. 87 must be provided or applied in accordance with Specification J3D12. For the building, where 0. 40; and 0. 46; and 0. 68; and 0. 87; and 0. 83; and 0. 51; and 0. 83; and 0. 80 apply, 0. 67 must be provided or applied in accordance with Specification J3D12. For the building, where 0. 60; and 0. 40; and 0. 52; and 0. 73; and 0. 68; and 0. 42; and 0. 66; and 0. 67 apply, 0. 52 must be provided or applied in accordance with Specification J3D12. For the building, where 0. 80; and 0. 34; and 0. 42; and 0. 58; and 0. 55; and 0. 36; and 0. 58; and 0. 57 apply, 0. 42 must be provided or applied in accordance with Specification J3D12. For the building, where 1. 00; and 0. 29; and 0. 35; and 0. 50; and 0. 47; and 0. 32; and 0. 49; and 0. 50 apply, 0. 35 must be provided or applied in accordance with Specification J3D12. For the building, where 1. 20; and 0. 27; and 0. 31; and 0. 42; and 0. 40; and 0. 28; and 0. 43; and 0. 41 apply, 0. 31 must be provided or applied in accordance with Specification J3D12. For the building, where 1. 40; and 0. 24; and 0. 27; and 0. 35; and 0. 36; and 0. 27; and 0. 37; and 0. 39 apply, 0. 27 must be provided or applied in accordance with Specification J3D12.",1,1,"","","NCC 2022 Vol1","",0,"","","false","","NCC2022_Volume1_Tables_ClauseStyle.txt","2022"
"Vol1","J2","J","Table J3D12_5","table","Table J3D12_5","For the building, where 1. 60; and 0. 24; and 0. 24; and 0. 33; and 0. 32; and 0. 22; and 0. 36; and 0. 33 apply, 0. 25 must be provided or applied in accordance with Specification J3D12. For the building, where 1. 80; and 0. 21; and 0. 23; and 0. 30; and 0. 28; and 0. 22; and 0. 32; and 0. 31 apply, 0. 23 must be provided or applied in accordance with Specification J3D12. For the building, where 2. 00; and 0. 21; and 0. 22; and 0. 25; and 0. 28; and 0. 20; and 0. 28; and 0. 26 apply, 0. 20 must be provided or applied in accordance with Specification J3D12.",1,1,"","","NCC 2022 Vol1","",0,"","","false","","NCC2022_Volume1_Tables_ClauseStyle.txt","2022"
"Vol1","J2","J","Table J3D12e","table","Table J3D12e","For the building, where 0. 00; and 0. 79; and 1. 13; and 1. 12; and 1. 05; and 0. 68; and 1. 14; and 1. 44 apply, 1. 23 must be provided or applied in accordance with Specification J3D12. For the building, where 0. 05; and 0. 67; and 1. 05; and 1. 05; and 0. 97; and 0. 59; and 1. 05; and 1. 34 apply, 1. 12 must be provided or applied in accordance with Specification J3D12. For the building, where 0. 10; and 0. 62; and 0. 95; and 0. 99; and 0. 91; and 0. 55; and 0. 98; and 1. 29 apply, 1. 03 must be provided or applied in accordance with Specification J3D12. For the building, where 0. 20; and 0. 47; and 0. 83; and 0. 90; and 0. 82; and 0. 49; and 0. 87; and 1. 16 apply, 0. 89 must be provided or applied in accordance with Specification J3D12. For the building, where 0. 40; and 0. 33; and 0. 63; and 0. 74; and 0. 67; and 0. 41; and 0. 71; and 0. 94 apply, 0. 68 must be provided or applied in accordance with Specification J3D12. For the building, where 0. 60; and 0. 30; and 0. 48; and 0. 59; and 0. 56; and 0. 35; and 0. 61; and 0. 79 apply, 0. 50 must be provided or applied in accordance with Specification J3D12. For the building, where 0. 80; and 0. 26; and 0. 36; and 0. 50; and 0. 49; and 0. 30; and 0. 52; and 0. 65 apply, 0. 40 must be provided or applied in accordance with Specification J3D12. For the building, where 1. 00; and 0. 22; and 0. 29; and 0. 44; and 0. 42; and 0. 26; and 0. 45; and 0. 56 apply, 0. 33 must be provided or applied in accordance with Specification J3D12. For the building, where 1. 20; and 0. 21; and 0. 25; and 0. 37; and 0. 37; and 0. 24; and 0. 40; and 0. 50 apply, 0. 28 must be provided or applied in accordance with Specification J3D12. For the building, where 1. 40; and 0. 18; and 0. 22; and 0. 31; and 0. 34; and 0. 20; and 0. 38; and 0. 42 apply, 0. 23 must be provided or applied in accordance with Specification J3D12. For the building, where 1. 60; and 0. 18; and 0. 19; and 0. 30; and 0. 30; and 0. 19; and 0. 33; and 0. 36 apply, 0. 22 must be provided or applied in accordance with Specification J3D12. For the building, where 1. 80; and 0. 15; and 0. 17; and 0. 26; and 0. 27; and 0. 17; and 0. 29; and 0. 35 apply, 0. 19 must be provided or applied in accordance with Specification J3D12. For the building, where 2. 00; and 0. 14; and 0. 16; and 0. 22; and 0. 23; and 0. 17; and 0. 28; and 0. 29 apply, 0. 18 must be provided or applied in accordance with Specification J3D12.",1,1,"","","NCC 2022 Vol1","",0,"","","false","","NCC2022_Volume1_Tables_ClauseStyle.txt","2022"
"Vol1","J2","J","Table J3D12f","table","Table J3D12f","For the building, where 0. 00; and 0. 82; and 1. 20; and 1. 31; and 1. 06; and 0. 82; and 1. 04; and 1. 30 apply, 1. 16 must be provided or applied in accordance with Specification J3D12. For the building, where 0. 05; and 0. 69; and 1. 06; and 1. 18; and 0. 94; and 0. 68; and 0. 92; and 1. 19 apply, 1. 04 must be provided or applied in accordance with Specification J3D12. For the building, where 0. 10; and 0. 63; and 0. 97; and 1. 11; and 0. 87; and 0. 65; and 0. 86; and 1. 11 apply, 0. 94 must be provided or applied in accordance with Specification J3D12. For the building, where 0. 20; and 0. 51; and 0. 84; and 0. 98; and 0. 77; and 0. 58; and 0. 76; and 0. 99 apply, 0. 83 must be provided or applied in accordance with Specification J3D12. For the building, where 0. 40; and 0. 39; and 0. 64; and 0. 78; and 0. 63; and 0. 46; and 0. 62; and 0. 81 apply, 0. 62 must be provided or applied in accordance with Specification J3D12. For the building, where 0. 60; and 0. 35; and 0. 51; and 0. 64; and 0. 52; and 0. 40; and 0. 51; and 0. 65 apply, 0. 48 must be provided or applied in accordance with Specification J3D12. For the building, where 0. 80; and 0. 30; and 0. 41; and 0. 55; and 0. 44; and 0. 34; and 0. 43; and 0. 52 apply, 0. 40 must be provided or applied in accordance with Specification J3D12. For the building, where 1. 00; and 0. 26; and 0. 34; and 0. 46; and 0. 37; and 0. 30; and 0. 37; and 0. 46 apply, 0. 31 must be provided or applied in accordance with Specification J3D12. For the building, where 1. 20; and 0. 24; and 0. 29; and 0. 40; and 0. 33; and 0. 26; and 0. 33; and 0. 40 apply, 0. 27 must be provided or applied in accordance with Specification J3D12. For the building, where 1. 40; and 0. 21; and 0. 25; and 0. 35; and 0. 30; and 0. 24; and 0. 29; and 0. 34 apply, 0. 24 must be provided or applied in accordance with Specification J3D12. For the building, where 1. 60; and 0. 20; and 0. 24; and 0. 32; and 0. 25; and 0. 22; and 0. 27; and 0. 30 apply, 0. 21 must be provided or applied in accordance with Specification J3D12. For the building, where 1. 80; and 0. 18; and 0. 22; and 0. 28; and 0. 23; and 0. 20; and 0. 23; and 0. 27 apply, 0. 20 must be provided or applied in accordance with Specification J3D12. For the building, where 2. 00; and 0. 17; and 0. 19; and 0. 26; and 0. 23; and 0. 19; and 0. 21; and 0. 25 apply, 0. 19 must be provided or applied in accordance with Specification J3D12.",1,1,"","","NCC 2022 Vol1","",0,"","","false","","NCC2022_Volume1_Tables_ClauseStyle.txt","2022"
"Vol1","J2","J","Table J3D12g","table","Table J3D12g","For the building, where 0. 00; and 2. 18; and 2. 75; and 2. 88; and 2. 22; and 1. 59; and 2. 46; and 2. 91 apply, 2. 90 must be provided or applied in accordance with Specification J3D12. For the building, where 0. 05; and 1. 85; and 2. 47; and 2. 63; and 1. 99; and 1. 35; and 2. 25; and 2. 70 apply, 2. 64 must be provided or applied in accordance with Specification J3D12. For the building, where 0. 10; and 1. 69; and 2. 30; and 2. 48; and 1. 89; and 1. 27; and 2. 13; and 2. 60 apply, 2. 43 must be provided or applied in accordance with Specification J3D12. For the building, where 0. 20; and 1. 35; and 1. 96; and 2. 20; and 1. 66; and 1. 14; and 1. 92; and 2. 33 apply, 2. 13 must be provided or applied in accordance with Specification J3D12. For the building, where 0. 40; and 0. 94; and 1. 48; and 1. 78; and 1. 38; and 0. 94; and 1. 57; and 1. 87 apply, 1. 61 must be provided or applied in accordance with Specification J3D12.",1,1,"","","NCC 2022 Vol1","",0,"","","false","","NCC2022_Volume1_Tables_ClauseStyle.txt","2022"
"Vol1","J2","J","Table J3D12_9","table","Table J3D12_9","For the building, where 0. 60; and 0. 78; and 1. 10; and 1. 53; and 1. 15; and 0. 81; and 1. 36; and 1. 58 apply, 1. 19 must be provided or applied in accordance with Specification J3D12. For the building, where 0. 80; and 0. 68; and 0. 89; and 1. 25; and 0. 97; and 0. 68; and 1. 17; and 1. 37 apply, 0. 94 must be provided or applied in accordance with Specification J3D12. For the building, where 1. 00; and 0. 57; and 0. 74; and 1. 05; and 0. 82; and 0. 60; and 0. 98; and 1. 16 apply, 0. 84 must be provided or applied in accordance with Specification J3D12. For the building, where 1. 20; and 0. 52; and 0. 61; and 0. 93; and 0. 74; and 0. 60; and 0. 91; and 1. 00 apply, 0. 68 must be provided or applied in accordance with Specification J3D12. For the building, where 1. 40; and 0. 47; and 0. 56; and 0. 80; and 0. 66; and 0. 49; and 0. 80; and 0. 87 apply, 0. 61 must be provided or applied in accordance with Specification J3D12. For the building, where 1. 60; and 0. 42; and 0. 48; and 0. 70; and 0. 61; and 0. 47; and 0. 73; and 0. 79 apply, 0. 49 must be provided or applied in accordance with Specification J3D12. For the building, where 1. 80; and 0. 39; and 0. 46; and 0. 65; and 0. 56; and 0. 44; and 0. 66; and 0. 71 apply, 0. 47 must be provided or applied in accordance with Specification J3D12. For the building, where 2. 00; and 0. 36; and 0. 43; and 0. 60; and 0. 54; and 0. 44; and 0. 61; and 0. 64 apply, 0. 40 must be provided or applied in accordance with Specification J3D12.",1,1,"","","NCC 2022 Vol1","",0,"","","false","","NCC2022_Volume1_Tables_ClauseStyle.txt","2022"
"Vol1","J2","J","Table J3D12h","table","Table J3D12h","For the building, where 0. 00; and 0. 89; and 1. 06; and 1. 06; and 0. 93; and 0. 70; and 0. 91; and 1. 06 apply, 1. 07 must be provided or applied in accordance with Specification J3D12. For the building, where 0. 05; and 0. 77; and 0. 95; and 0. 97; and 0. 82; and 0. 59; and 0. 81; and 0. 97 apply, 0. 97 must be provided or applied in accordance with Specification J3D12. For the building, where 0. 10; and 0. 71; and 0. 88; and 0. 92; and 0. 79; and 0. 56; and 0. 76; and 0. 92 apply, 0. 89 must be provided or applied in accordance with Specification J3D12. For the building, where 0. 20; and 0. 58; and 0. 77; and 0. 82; and 0. 69; and 0. 50; and 0. 68; and 0. 81 apply, 0. 78 must be provided or applied in accordance with Specification J3D12. For the building, where 0. 40; and 0. 37; and 0. 59; and 0. 67; and 0. 57; and 0. 42; and 0. 55; and 0. 66 apply, 0. 58 must be provided or applied in accordance with Specification J3D12. For the building, where 0. 60; and 0. 30; and 0. 46; and 0. 57; and 0. 50; and 0. 36; and 0. 47; and 0. 56 apply, 0. 46 must be provided or applied in accordance with Specification J3D12. For the building, where 0. 80; and 0. 26; and 0. 36; and 0. 48; and 0. 44; and 0. 31; and 0. 41; and 0. 47 apply, 0. 36 must be provided or applied in accordance with Specification J3D12. For the building, where 1. 00; and 0. 23; and 0. 30; and 0. 42; and 0. 37; and 0. 28; and 0. 35; and 0. 39 apply, 0. 29 must be provided or applied in accordance with Specification J3D12. For the building, where 1. 20; and 0. 20; and 0. 25; and 0. 36; and 0. 34; and 0. 25; and 0. 31; and 0. 34 apply, 0. 25 must be provided or applied in accordance with Specification J3D12. For the building, where 1. 40; and 0. 18; and 0. 21; and 0. 32; and 0. 30; and 0. 23; and 0. 28; and 0. 29 apply, 0. 22 must be provided or applied in accordance with Specification J3D12. For the building, where 1. 60; and 0. 17; and 0. 19; and 0. 29; and 0. 27; and 0. 22; and 0. 26; and 0. 28 apply, 0. 19 must be provided or applied in accordance with Specification J3D12. For the building, where 1. 80; and 0. 16; and 0. 18; and 0. 25; and 0. 24; and 0. 20; and 0. 24; and 0. 24 apply, 0. 17 must be provided or applied in accordance with Specification J3D12. For the building, where 2. 00; and 0. 15; and 0. 17; and 0. 24; and 0. 23; and 0. 20; and 0. 21; and 0. 22 apply, 0. 16 must be provided or applied in accordance with Specification J3D12.",1,1,"","","NCC 2022 Vol1","",0,"","","false","","NCC2022_Volume1_Tables_ClauseStyle.txt","2022"
"Vol1","J2","J","Table J3D12i","table","Table J3D12i","For the building, where Room type multiplier (for bedroom and unconditioned areas) (RS) apply, 0. 32 must be provided or applied in accordance with Specification J3D12. For the building, where Frame solar absorptance multiplier Frame SA = 0. 3 up to 0. 4 (FS) applies, 0. 83 must be provided or applied in accordance with Specification J3D12. For the building, where Frame solar absorptance multiplier Frame SA = 0. 4 up to 0. 5 (FS) applies, 1. 00 must be provided or applied in accordance with Specification J3D12. For the building, where Frame solar absorptance multiplier Frame SA = 0. 5 or more (FS) applies, 1. 20 must be provided or applied in accordance with Specification J3D12. For the building, where Floor factor for tiled or vinyl covered floors (HS) applies, 1. 00 must be provided or applied in accordance with Specification J3D12. For the building, where Floor factor for other than tiled or vinyl covered floors (HS) applies, 1. 00 must be provided or applied in accordance with Specification J3D12.",1,1,"","","NCC 2022 Vol1","",0,"","","false","","NCC2022_Volume1_Tables_ClauseStyle.txt","2022"
"Vol1","J2","J","Table J3D12j","table","Table J3D12j","For the building, where Room type multiplier (for bedroom and unconditioned areas) (RS); and 0. 40; and 0. 56; and 0. 71; and 0. 91; and 0. 87 apply, 1. 11 must be provided or applied in accordance with Specification J3D12. For the building, where Frame solar absorptance multiplier (for metal frame windows) (FS) SA 0. 40; and 1. 00; and 0. 89; and 0. 87; and 0. 85; and 0. 74 apply, 0. 86 must be provided or applied in accordance with Specification J3D12. For the building, where Frame solar absorptance multiplier (for metal frame windows) (FS) SA > 0. 40 to < 0. 68; and 1. 06; and 1. 00; and 1. 00; and 1. 00; and 1. 00 apply, 1. 00 must be provided or applied in accordance with Specification J3D12. For the building, where Frame solar absorptance multiplier (for metal frame windows) (FS) SA 0. 68; and 1. 22; and 1. 18; and 1. 22; and 1. 24; and 1. 22 apply, 1. 32 must be provided or applied in accordance with Specification J3D12. For the building, where Floor factor for tiled or vinyl covered floors (HS); and 1. 06; and 1. 06; and 1. 13; and 1. 13; and 1. 04 apply, 1. 21 must be provided or applied in accordance with Specification J3D12. For the building, where Floor factor for other than tiled or vinyl covered floors (HS); and 0. 97; and 0. 97; and 0. 94; and 0. 94; and 0. 94 apply, 0. 90 must be provided or applied in accordance with Specification J3D12.",1,1,"","","NCC 2022 Vol1","",0,"","","false","","NCC2022_Volume1_Tables_ClauseStyle.txt","2022"
"Vol1","J2","J","Table J3D14a","table","Table J3D14a","For the building, where < 50; and 0. 0123; and 160-169; and 0. 0097; and 280-289; and 0. 0087; and 400-409 apply, 0. 0080 must be provided or applied in accordance with Specification J3D14. For the building, where 50-59; and 0. 0119; and 170-179; and 0. 0096; and 290-299; and 0. 0086; and 410-419 apply, 0. 0079 must be provided or applied in accordance with Specification J3D14. For the building, where 60-69; and 0. 0116; and 180-189; and 0. 0095; and 300-309; and 0. 0085; and 420-429 apply, 0. 0079 must be provided or applied in accordance with Specification J3D14. For the building, where 70-79; and 0. 0113; and 190-199; and 0. 0094; and 310-319; and 0. 0085; and 430-439 apply, 0. 0078 must be provided or applied in accordance with Specification J3D14.",1,1,"","","NCC 2022 Vol1","",0,"","","false","","NCC2022_Volume1_Tables_ClauseStyle.txt","2022"
"Vol1","J2","J","Table J3D14_2","table","Table J3D14_2","For the building, where 80-89; and 0. 0111; and 200-209; and 0. 0093; and 320-329; and 0. 0084; and 440-449 apply, 0. 0078 must be provided or applied in accordance with Specification J3D14. For the building, where 90-99; and 0. 0108; and 210-219; and 0. 0092; and 330-339; and 0. 0083; and 450-459 apply, 0. 0077 must be provided or applied in accordance with Specification J3D14. For the building, where 100-109; and 0. 0106; and 220-229; and 0. 0091; and 340-349; and 0. 0083; and 460-469 apply, 0. 0077 must be provided or applied in accordance with Specification J3D14. For the building, where 110-119; and 0. 0105; and 230-239; and 0. 0090; and 350-359; and 0. 0082; and 470-479 apply, 0. 0077 must be provided or applied in accordance with Specification J3D14. For the building, where 120-129; and 0. 0103; and 240-249; and 0. 0090; and 360-369; and 0. 0082; and 480-489 apply, 0. 0076 must be provided or applied in accordance with Specification J3D14. For the building, where 130-139; and 0. 0101; and 250-259; and 0. 0089; and 370-379; and 0. 0081; and 490-499 apply, 0. 0076 must be provided or applied in accordance with Specification J3D14. For the building, where 140-149; and 0. 0100; and 260-269; and 0. 0088; and 380-389; and 0. 0081; and 500 apply, 0. 0075 must be provided or applied in accordance with Specification J3D14. For the building, where 150-159; and 0. 0099; and 270-279; and 0. 0087; and 390-399; and 0. 0080 apply, the relevant requirement must be met in accordance with Specification J3D14.",1,1,"","","NCC 2022 Vol1","",0,"","","false","","NCC2022_Volume1_Tables_ClauseStyle.txt","2022"
"Vol1","J2","J","Table J3D14b","table","Table J3D14b","For the building, where 1; and 2. 73; and 3. 95 apply, 4. 64 must be provided or applied in accordance with Specification J3D14. For the building, where 2; and 1. 88; and 2. 54 apply, the relevant requirement must be met in accordance with Specification J3D14. For the building, where 3; and 1. 76; and 3. 52 apply, 4. 10 must be provided or applied in accordance with Specification J3D14. For the building, where 4; and 2. 57; and 2. 65; and 1. 79 apply, 3. 34 must be provided or applied in accordance with Specification J3D14. For the building, where 5; and 2. 50; and 3. 26; and 2. 56 apply, 3. 36 must be provided or applied in accordance with Specification J3D14. For the building, where 6; and 3. 43; and 3. 58; and 2. 32 apply, 4. 58 must be provided or applied in accordance with Specification J3D14. For the building, where 7; and 3. 66; and 3. 32; and 4. 41; and 2. 32 apply, the relevant requirement must be met in accordance with Specification J3D14. For the building, where 8; and 5. 70; and 5. 60; and 4. 02 apply, the relevant requirement must be met in accordance with Specification J3D14.",1,1,"","","NCC 2022 Vol1","",0,"","","false","","NCC2022_Volume1_Tables_ClauseStyle.txt","2022"
"Vol1","J4","J","Table J4D5","table","Table J4D5","For the building, where <1. 0; and 0. 45 apply, 0. 29 must be provided or applied in accordance with Specification J4D5. For the building, where 1. 0 to < 2. 5; and 0. 51 apply, 0. 33 must be provided or applied in accordance with Specification J4D5. For the building, where 2. 5; and 0. 76 apply, 0. 49 must be provided or applied in accordance with Specification J4D5.",1,1,"","","NCC 2022 Vol1","",0,"","","false","","NCC2022_Volume1_Tables_ClauseStyle.txt","2022"
"Vol1","J4","J","Table J4D6a","table","Table J4D6a","For the building, where 1; and 2. 4 apply, 3. 3 must be provided or applied in accordance with Specification J4D6. For the building, where 2; and 1. 4 apply, 1. 4 must be provided or applied in accordance with Specification J4D6. For the building, where 3; and 1. 4 apply, 3. 3 must be provided or applied in accordance with Specification J4D6. For the building, where 4; and 1. 4 apply, 2. 8 must be provided or applied in accordance with Specification J4D6. For the building, where 5; and 1. 4 apply, 1. 4 must be provided or applied in accordance with Specification J4D6. For the building, where 6; and 1. 4 apply, 2. 8 must be provided or applied in accordance with Specification J4D6. For the building, where 7; and 1. 4 apply, 2. 8 must be provided or applied in accordance with Specification J4D6. For the building, where 8; and 1. 4 apply, 3. 8 must be provided or applied in accordance with Specification J4D6.",1,1,"","","NCC 2022 Vol1","",0,"","","false","","NCC2022_Volume1_Tables_ClauseStyle.txt","2022"
"Vol1","J4","J","Table J4D6b","table","Table J4D6b","For the building, where 1; and 0. 12; and 0. 12; and 0. 12 apply, 0. 12 must be provided or applied in accordance with Specification J4D6. For the building, where 2; and 0. 13; and 0. 13; and 0. 13 apply, 0. 13 must be provided or applied in accordance with Specification J4D6. For the building, where 3; and 0. 16; and 0. 16; and 0. 16 apply, 0. 16 must be provided or applied in accordance with Specification J4D6. For the building, where 4; and 0. 13; and 0. 13; and 0. 13 apply, 0. 13 must be provided or applied in accordance with Specification J4D6. For the building, where 5; and 0. 13; and 0. 13; and 0. 13 apply, 0. 13 must be provided or applied in accordance with Specification J4D6. For the building, where 6; and 0. 13; and 0. 13; and 0. 13 apply, 0. 13 must be provided or applied in accordance with Specification J4D6. For the building, where 7; and 0. 13; and 0. 13; and 0. 13 apply, 0. 13 must be provided or applied in accordance with Specification J4D6. For the building, where 8; and 0. 2; and 0. 2; and 0. 42 apply, 0. 36 must be provided or applied in accordance with Specification J4D6.",1,1,"","","NCC 2022 Vol1","",0,"","","false","","NCC2022_Volume1_Tables_ClauseStyle.txt","2022"
"Vol1","J4","J","Table J4D6c","table","Table J4D6c","For the building, where 1; and 0. 07; and 0. 07; and 0. 10 apply, 0. 07 must be provided or applied in accordance with Specification J4D6. For the building, where 2; and 0. 10; and 0. 10; and 0. 10 apply, 0. 10 must be provided or applied in accordance with Specification J4D6. For the building, where 3; and 0. 07; and 0. 07; and 0. 07 apply, 0. 07 must be provided or applied in accordance with Specification J4D6. For the building, where 4; and 0. 07; and 0. 07; and 0. 07 apply, 0. 07 must be provided or applied in accordance with Specification J4D6. For the building, where 5; and 0. 10; and 0. 10; and 0. 10 apply, 0. 10 must be provided or applied in accordance with Specification J4D6. For the building, where 6; and 0. 07; and 0. 07; and 0. 07 apply, 0. 07 must be provided or applied in accordance with Specification J4D6.",1,1,"","","NCC 2022 Vol1","",0,"","","false","","NCC2022_Volume1_Tables_ClauseStyle.txt","2022"
"Vol1","J4","J","Table J4D6_4","table","Table J4D6_4","For the building, where 7; and 0. 07; and 0. 07; and 0. 08 apply, 0. 07 must be provided or applied in accordance with Specification J4D6. For the building, where 8; and 0. 08; and 0. 08; and 0. 08 apply, 0. 08 must be provided or applied in accordance with Specification J4D6.",1,1,"","","NCC 2022 Vol1","",0,"","","false","","NCC2022_Volume1_Tables_ClauseStyle.txt","2022"
"Vol1","J4","J","Table J4D7","table","Table J4D7","For the building, where A floor without an in- slab heating or cooling system; and 2. 0; and 2. 0; and 2. 0 apply, 3. 5 must be provided or applied in accordance with Specification J4D7. For the building, where A floor with an in-slab heating or cooling system; and 3. 25; and 3. 25; and 3. 25 apply, 4. 75 must be provided or applied in accordance with Specification J4D7.",1,1,"","","NCC 2022 Vol1","",0,"","","false","","NCC2022_Volume1_Tables_ClauseStyle.txt","2022"
"Vol1","J6","J","Table J6D13","table","Table J6D13","For the building, where Induced draft; and 10. 4; and 16. 9 apply, 11. 0 must be provided or applied in accordance with Specification J6D13. For the building, where Forced draft; and 19. 5; and Note apply, 11. 0 must be provided or applied in accordance with Specification J6D13.",1,1,"","","NCC 2022 Vol1","",0,"","","false","","NCC2022_Volume1_Tables_ClauseStyle.txt","2022"
"Vol1","J7","J","Table J7D3a","table","Table J7D3a","For the building, where Auditorium, church and public hall apply, 8 must be provided or applied in accordance with Specification J7D3. For the building, where Board room and conference room apply, 5 must be provided or applied in accordance with Specification J7D3. For the building, where Carpark - general applies, 2 must be provided or applied in accordance with Specification J7D3. For the building, where Carpark - entry zone (first 15 m of travel) during the daytime applies, 11. 5 must be provided or applied in accordance with Specification J7D3. For the building, where Carpark - entry zone (next 4 m of travel) during the day applies, 2. 5 must be provided or applied in accordance with Specification J7D3. For the building, where Carpark - entry zone (first 20 m of travel) during night time applies, 2. 5 must be provided or applied in accordance with Specification J7D3. For Class 2 b, where Common rooms, spaces and corridors in a Class 2 building apply, 4. 5 must be provided or applied in accordance with Specification J7D3. For the building, where Control room, switch room and the like - intermittent monitoring apply, 3 must be provided or applied in accordance with Specification J7D3. For the building, where Control room, switch room and the like - constant monitoring apply, 4. 5 must be provided or applied in accordance with Specification J7D3. For the building, where Corridors applies, 5 must be provided or applied in accordance with Specification J7D3. For the building, where Courtroom applies, 4. 5 must be provided or applied in accordance with Specification J7D3. For Class 3 b, where Dormitory of a Class 3 building used for sleeping only applies, 3 must be provided or applied in accordance with Specification J7D3. For Class 3 b, where Dormitory of a Class 3 building used for sleeping and study apply, 4 must be provided or applied in accordance with Specification J7D3. For the building, where Entry lobby from outside the building applies, 9 must be provided or applied in accordance with Specification J7D3. For the building, where Health-care - infants and childrens wards and emergency department apply, 4 must be provided or applied in accordance with Specification J7D3. For the building, where Health-care - examination room applies, 4. 5 must be provided or applied in accordance with Specification J7D3. For the building, where Health-care - examination room in intensive care and high dependency ward apply, 6 must be provided or applied in accordance with Specification J7D3. For the building, where Health-care - all other patient care areas including wards and corridors apply, 2. 5 must be provided or applied in accordance with Specification J7D3. For the building, where Kitchen and food preparation area apply, 4 must be provided or applied in accordance with Specification J7D3. For the building, where Laboratory - artificially lit to an ambient level of 400 lx or more applies, 6 must be provided or applied in accordance with Specification J7D3. For the building, where Library - stack and shelving area apply, 2. 5 must be provided or applied in accordance with Specification J7D3. For the building, where Library - reading room and general areas apply, 4. 5 must be provided or applied in accordance with Specification J7D3. For Class 3 or 9c, where Lounge area for communal use in a Class 3 or 9c building applies, 4. 5 must be provided or applied in accordance with Specification J7D3. For the building, where Museum and gallery - circulation, cleaning and service lighting apply, 2. 5 must be provided or applied in accordance with Specification J7D3. For the building, where Office - artificially lit to an ambient level of 200 lx or more applies, 4. 5 must be provided or applied in accordance with Specification J7D3. For the building, where Office - artificially lit to an ambient level of less than 200 lx applies, 2. 5 must be provided or applied in accordance with Specification J7D3.",1,1,"","","NCC 2022 Vol1","",0,"","","false","","NCC2022_Volume1_Tables_ClauseStyle.txt","2022"
"Vol1","J7","J","Table J7D3_2","table","Table J7D3_2","For the building, where Plant room where an average of 160 lx vertical illuminance is required on a vertical panel such as in switch rooms applies, 4 must be provided or applied in accordance with Specification J7D3. For the building, where Plant rooms with a horizontal illuminance target of 80 lx applies, 2 must be provided or applied in accordance with Specification J7D3. For the building, where Restaurant, caf, bar, hotel lounge and a space for the serving and consumption of food or drinks apply, 14 must be provided or applied in accordance with Specification J7D3. For the building, where Retail space including a museum and gallery whose purpose is the sale of objects apply, 14 must be provided or applied in accordance with Specification J7D3. For the building, where School - general purpose learning areas and tutorial rooms apply, 4. 5 must be provided or applied in accordance with Specification J7D3. For Class 3 or 9c, where Sole-occupancy unit of a Class 3 or 9c building applies, 5 must be provided or applied in accordance with Specification J7D3. For the building, where Storage applies, 1. 5 must be provided or applied in accordance with Specification J7D3. For the building, where Service area, cleaners room and the like apply, 1. 5 must be provided or applied in accordance with Specification J7D3. For the building, where Toilet, locker room, staff room, rest room and the like apply, 3 must be provided or applied in accordance with Specification J7D3. For the building, where Wholesale storage area with a vertical illuminance target of 160 lx applies, 4 must be provided or applied in accordance with Specification J7D3. For the building element, where Stairways, including fire-isolated stairways applies, 2 must be provided or applied in accordance with Specification J7D3. For the building, where Lift cars applies, 3 must be provided or applied in accordance with Specification J7D3.",1,1,"","","NCC 2022 Vol1","",0,"","","false","","NCC2022_Volume1_Tables_ClauseStyle.txt","2022"
"Vol1","J7","J","Table J7D3b","table","Table J7D3b","For Class 6 b, where Motion detector; and In a toilet or change room, other than a public toilet, in a Class 6 building apply, 0. 4 must be provided or applied in accordance with Specification J7D3. For the building, where Motion detector; and Where a group of light fittings serving less than 100 m2 is controlled by one or more detectors apply, 0. 6 must be provided or applied in accordance with Specification J7D3.",1,1,"","","NCC 2022 Vol1","",0,"","","false","","NCC2022_Volume1_Tables_ClauseStyle.txt","2022"
"Vol1","J7","J","Table J7D3_4","table","Table J7D3_4","For the building, where Motion detector; and Where a group of light fittings serving 100 m2 or more is controlled by one or more detectors apply, 0. 7 must be provided or applied in accordance with Specification J7D3. For the building, where Programmable dimming system Note 3; and Where   75% of the area of a space is controlled by programmable dimmers apply, 0. 85 must be provided or applied in accordance with Specification J7D3. For the building, where Fixed dimming Notes 3 and 4; and All fittings with fixed dimming apply, Whichever is greater of (a) 0. 5; or (b) 0. 2+0. 8L where L = the illuminance turndown for the fixed dimming must be provided or applied in accordance with Specification J7D3. For the building, where Lumen depreciation dimming Note 3; and All fittings with lumen depreciation dimming apply, 0. 85 must be provided or applied in accordance with Specification J7D3. For the building, where Two stage sensor - equipped lights with minimum power of 30 % of peak power or less; and Fire stairs and other spaces not used for regular transit apply, 0. 4 must be provided or applied in accordance with Specification J7D3. For the building, where Two stage sensor - equipped lights with minimum power of 30% of peak power or less; and Transitory spaces in regular use or in a carpark apply, 0. 7 must be provided or applied in accordance with Specification J7D3. For Class 5, where Daylight sensor and dynamic lighting control device - dimmed or stepped switching of lights adjacent windows Notes 3 and 5; and In a Class 5, 6, 7, 8 or 9b building or a Class 9a building, other than a ward area, where the lights are adjacent windows, other than roof lights, for a distance from the window equal to the depth of the floor to window head height apply, 0. 5 Note 3 must be provided or applied in accordance with Specification J7D3. For Class 3 or 9c, where Daylight sensor and dynamic lighting control device - dimmed or stepped switching of lights adjacent windows Notes 3 and 5; and Serving a Class 3 or 9c building, or a Class 9a ward area, where the lights are adjacent windows, other than roof lights, for a distance from the window equal to the depth of the floor to window head height apply, 0. 75 Note 3 must be provided or applied in accordance with Specification J7D3. For Class 5, where Daylight sensor and dynamic lighting control device - dimmed or stepped switching of lights adjacent windows Notes 3 and 5; and In a Class 5, 6, 7, 8 or 9b building or a Class 9a building, other than a ward area, where the lights are adjacent roof lights apply, 0. 6 Note 3 must be provided or applied in accordance with Specification J7D3. For Class 3 or 9c, where Daylight sensor and dynamic lighting control device - dimmed or stepped switching of lights adjacent windows Notes 3 and 5; and In a Class 3 or 9c building, or a Class 9a ward area, where the lights are adjacent roof lights apply, 0. 8 Note 3 must be provided or applied in accordance with Specification J7D3.",1,1,"","","NCC 2022 Vol1","",0,"","","false","","NCC2022_Volume1_Tables_ClauseStyle.txt","2022"
"Vol1","J7","J","Table J7D3c","table","Table J7D3c","For the building, where CRI 90; and Where lighting with good colour rendering is used apply, 0. 9 must be provided or applied in accordance with Specification J7D3. For the building, where CCT 3500 K Note; and Where lighting with a warm appearance is used apply, 0. 8 must be provided or applied in accordance with Specification J7D3. For the building, where CCT 4500 K; and Where lighting with a cool appearance is used apply, 1. 1 must be provided or applied in accordance with Specification J7D3.",1,1,"","","NCC 2022 Vol1","",0,"","","false","","NCC2022_Volume1_Tables_ClauseStyle.txt","2022"
"Vol1","J7","J","Table J7D8a","table","Table J7D8a","For the building, where Less than or equal to 800 kg applies, 2 must be provided or applied in accordance with Specification J7D8. For the building, where 801 kg to less than or equal to 2000 kg applies, 3 must be provided or applied in accordance with Specification J7D8. For the building, where 2001 kg to less than or equal to 4000 kg applies, 4 must be provided or applied in accordance with Specification J7D8. For the building, where > 4000 kg applies, 5 must be provided or applied in accordance with Specification J7D8. For the building, where Table Notes Applies to the standby power used after 30 minutes. applies, Table Notes Applies to the standby power used after 30 minutes must be provided or applied in accordance with Specification J7D8. For the building, where Table J7D8b: Lift energy efficiency class applies, Table J7D8b: Lift energy efficiency class must be provided or applied in accordance with Specification J7D8. For the building, where Usage category in accordance with ISO 25745-2 applies, Energy efficiency class in accordance with ISO 25745-2 must be provided or applied in accordance with Specification J7D8. For the building, where 1-4 applies, C must be provided or applied in accordance with Specification J7D8. For the building, where > 5 applies, D must be provided or applied in accordance with Specification J7D8.",1,1,"","","NCC 2022 Vol1","",0,"","","false","","NCC2022_Volume1_Tables_ClauseStyle.txt","2022"
"Vol1","J9","J","Table J9D4","table","Table J9D4","For the building, where 0 - 9 applies, 0 must be provided or applied in accordance with Specification J9D4. For the building, where 10 - 24 applies, 1 must be provided or applied in accordance with Specification J9D4. For the building, where 25 - 48 applies, 2 must be provided or applied in accordance with Specification J9D4. For the building, where 49 - 72 applies, 3 must be provided or applied in accordance with Specification J9D4. For the building, where 73 - 96 applies, 4 must be provided or applied in accordance with Specification J9D4. For the building, where 97 - 120 applies, 5 must be provided or applied in accordance with Specification J9D4. For the building, where 121 - 144 applies, 6 must be provided or applied in accordance with Specification J9D4. For the building, where 145 - 168 applies, 7 must be provided or applied in accordance with Specification J9D4.",1,1,"","","NCC 2022 Vol1","",0,"","","false","","NCC2022_Volume1_Tables_ClauseStyle.txt","2022"
"Vol1","J9","J","Table S34C3","table","Table S34C3","For the building, where Electricity; and -; and 236; and 162; and 254; and 101; and 44; and 279 apply, 191 must be provided or applied in accordance with Specification S34C3. For the building, where Gas; and -; and 51. 53; and 51. 53; and 51. 53; and 51. 53; and 51. 53; and 51. 53 apply, 51. 53 must be provided or applied in accordance with Specification S34C3.",1,1,"","","NCC 2022 Vol1","",0,"","","false","","NCC2022_Volume1_Tables_ClauseStyle.txt","2022"
"Vol1","J9","J","Table S35C2a","table","Table S35C2a","For the building, where 12: 00am to 1: 00am; and 0%; and 30%; and 0% apply, On must be provided or applied in accordance with Specification S35C2. For the building, where 1: 00am to 2: 00am; and 0%; and 30%; and 0% apply, On must be provided or applied in accordance with Specification S35C2. For the building, where 2: 00am to 3: 00am; and 0%; and 30%; and 0% apply, On must be provided or applied in accordance with Specification S35C2. For the building, where 3: 00am to 4: 00am; and 0%; and 30%; and 0% apply, On must be provided or applied in accordance with Specification S35C2. For the building, where 4: 00am to 5: 00am; and 0%; and 30%; and 0% apply, On must be provided or applied in accordance with Specification S35C2. For the building, where 5: 00am to 6: 00am; and 0%; and 30%; and 0% apply, On must be provided or applied in accordance with Specification S35C2. For the building, where 6: 00am to 7: 00am; and 0%; and 50%; and 0% apply, On must be provided or applied in accordance with Specification S35C2. For the building, where 7: 00am to 8: 00am; and 0%; and 50%; and 0% apply, On must be provided or applied in accordance with Specification S35C2. For the building, where 8: 00am to 9: 00am; and 0%; and 50%; and 0% apply, On must be provided or applied in accordance with Specification S35C2. For the building, where 9: 00am to 10: 00am; and 0%; and 50%; and 0% apply, On must be provided or applied in accordance with Specification S35C2. For the building, where 10: 00am to 11: 00am; and 0%; and 50%; and 0% apply, On must be provided or applied in accordance with Specification S35C2. For the building, where 11: 00am to 12: 00pm; and 0%; and 50%; and 0% apply, On must be provided or applied in accordance with Specification S35C2. For the building, where 12: 00pm to 1: 00pm; and 0%; and 50%; and 0% apply, On must be provided or applied in accordance with Specification S35C2. For the building, where 1: 00pm to 2: 00pm; and 0%; and 50%; and 0% apply, On must be provided or applied in accordance with Specification S35C2. For the building, where 2: 00pm to 3: 00pm; and 0%; and 50%; and 0% apply, On must be provided or applied in accordance with Specification S35C2. For the building, where 3: 00pm to 4: 00pm; and 0%; and 50%; and 0% apply, On must be provided or applied in accordance with Specification S35C2. For the building, where 4: 00pm to 5: 00pm; and 0%; and 50%; and 0% apply, On must be provided or applied in accordance with Specification S35C2. For the building, where 5: 00pm to 6: 00pm; and 0%; and 50%; and 0% apply, On must be provided or applied in accordance with Specification S35C2. For the building, where 6: 00pm to 7: 00pm; and 0%; and 50%; and 0% apply, On must be provided or applied in accordance with Specification S35C2.",1,1,"","","NCC 2022 Vol1","",0,"","","false","","NCC2022_Volume1_Tables_ClauseStyle.txt","2022"
"Vol1","J9","J","Table S35C2_2","table","Table S35C2_2","For the building, where 7: 00pm to 8: 00pm; and 0%; and 50%; and 0% apply, On must be provided or applied in accordance with Specification S35C2. For the building, where 8: 00pm to 9: 00pm; and 0%; and 50%; and 0% apply, On must be provided or applied in accordance with Specification S35C2. For the building, where 9: 00pm to 10: 00pm; and 0%; and 50%; and 0% apply, On must be provided or applied in accordance with Specification S35C2. For the building, where 10: 00pm to 11: 00pm; and 0%; and 50%; and 0% apply, On must be provided or applied in accordance with Specification S35C2. For the building, where 11: 00pm to 12: 00am; and 0%; and 30%; and 0% apply, On must be provided or applied in accordance with Specification S35C2.",1,1,"","","NCC 2022 Vol1","",0,"","","false","","NCC2022_Volume1_Tables_ClauseStyle.txt","2022"
"Vol1","J9","J","Table S35C2b","table","Table S35C2b","For the building, where 12: 00am to 1: 00am; and 90%; and 5%; and 20% apply, On must be provided or applied in accordance with Specification S35C2. For the building, where 1: 00am to 2: 00am; and 90%; and 5%; and 20% apply, On must be provided or applied in accordance with Specification S35C2. For the building, where 2: 00am to 3: 00am; and 90%; and 5%; and 15% apply, On must be provided or applied in accordance with Specification S35C2. For the building, where 3: 00am to 4: 00am; and 90%; and 5%; and 15% apply, On must be provided or applied in accordance with Specification S35C2. For the building, where 4: 00am to 5: 00am; and 90%; and 5%; and 15% apply, On must be provided or applied in accordance with Specification S35C2. For the building, where 5: 00am to 6: 00am; and 80%; and 25%; and 15% apply, On must be provided or applied in accordance with Specification S35C2. For the building, where 6: 00am to 7: 00am; and 70%; and 80%; and 40% apply, On must be provided or applied in accordance with Specification S35C2. For the building, where 7: 00am to 8: 00am; and 60%; and 80%; and 80% apply, On must be provided or applied in accordance with Specification S35C2. For the building, where 8: 00am to 9: 00am; and 60%; and 50%; and 50% apply, On must be provided or applied in accordance with Specification S35C2. For the building, where 9: 00am to 10: 00am; and 30%; and 20%; and 30% apply, On must be provided or applied in accordance with Specification S35C2. For the building, where 10: 00am to 11: 00am; and 10%; and 20%; and 20% apply, Off must be provided or applied in accordance with Specification S35C2. For the building, where 11: 00am to 12: 00pm; and 10%; and 20%; and 20% apply, Off must be provided or applied in accordance with Specification S35C2. For the building, where 12: 00pm to 1: 00pm; and 10%; and 20%; and 20% apply, Off must be provided or applied in accordance with Specification S35C2. For the building, where 1: 00pm to 2: 00pm; and 10%; and 20%; and 20% apply, Off must be provided or applied in accordance with Specification S35C2. For the building, where 2: 00pm to 3: 00pm; and 10%; and 20%; and 20% apply, Off must be provided or applied in accordance with Specification S35C2. For the building, where 3: 00pm to 4: 00pm; and 10%; and 20%; and 20% apply, Off must be provided or applied in accordance with Specification S35C2. For the building, where 4: 00pm to 5: 00pm; and 20%; and 20%; and 20% apply, On must be provided or applied in accordance with Specification S35C2. For the building, where 5: 00pm to 6: 00pm; and 30%; and 50%; and 40% apply, On must be provided or applied in accordance with Specification S35C2. For the building, where 6: 00pm to 7: 00pm; and 40%; and 50%; and 40% apply, On must be provided or applied in accordance with Specification S35C2. For the building, where 7: 00pm to 8: 00pm; and 50%; and 50%; and 50% apply, On must be provided or applied in accordance with Specification S35C2. For the building, where 8: 00pm to 9: 00pm; and 60%; and 50%; and 60% apply, On must be provided or applied in accordance with Specification S35C2. For the building, where 9: 00pm to 10: 00pm; and 70%; and 50%; and 60% apply, On must be provided or applied in accordance with Specification S35C2. For the building, where 10: 00pm to 11: 00pm; and 70%; and 50%; and 40% apply, On must be provided or applied in accordance with Specification S35C2. For the building, where 11: 00pm to 12: 00am; and 90%; and 50%; and 20% apply, On must be provided or applied in accordance with Specification S35C2.",1,1,"","","NCC 2022 Vol1","",0,"","","false","","NCC2022_Volume1_Tables_ClauseStyle.txt","2022"
"Vol1","J9","J","Table S35C2c","table","Table S35C2c","For the building, where 12: 00am to 1: 00am; and 0%; and 15%; and 25% apply, Off must be provided or applied in accordance with Specification S35C2. For the building, where 1: 00am to 2: 00am; and 0%; and 15%; and 25% apply, Off must be provided or applied in accordance with Specification S35C2. For the building, where 2: 00am to 3: 00am; and 0%; and 15%; and 25% apply, Off must be provided or applied in accordance with Specification S35C2. For the building, where 3: 00am to 4: 00am; and 0%; and 15%; and 25% apply, Off must be provided or applied in accordance with Specification S35C2. For the building, where 4: 00am to 5: 00am; and 0%; and 15%; and 25% apply, Off must be provided or applied in accordance with Specification S35C2. For the building, where 5: 00am to 6: 00am; and 0%; and 15%; and 25% apply, Off must be provided or applied in accordance with Specification S35C2. For the building, where 6: 00am to 7: 00am; and 0%; and 15%; and 25% apply, Off must be provided or applied in accordance with Specification S35C2. For the building, where 7: 00am to 8: 00am; and 10%; and 40%; and 65% apply, On must be provided or applied in accordance with Specification S35C2. For the building, where 8: 00am to 9: 00am; and 20%; and 90%; and 80% apply, On must be provided or applied in accordance with Specification S35C2. For the building, where 9: 00am to 10: 00am; and 70%; and 100%; and 100% apply, On must be provided or applied in accordance with Specification S35C2. For the building, where 10: 00am to 11: 00am; and 70%; and 100%; and 100% apply, On must be provided or applied in accordance with Specification S35C2. For the building, where 11: 00am to 12: 00pm; and 70%; and 100%; and 100% apply, On must be provided or applied in accordance with Specification S35C2. For the building, where 12: 00pm to 1: 00pm; and 70%; and 100%; and 100% apply, On must be provided or applied in accordance with Specification S35C2. For the building, where 1: 00pm to 2: 00pm; and 70%; and 100%; and 100% apply, On must be provided or applied in accordance with Specification S35C2. For the building, where 2: 00pm to 3: 00pm; and 70%; and 100%; and 100% apply, On must be provided or applied in accordance with Specification S35C2. For the building, where 3: 00pm to 4: 00pm; and 70%; and 100%; and 100% apply, On must be provided or applied in accordance with Specification S35C2. For the building, where 4: 00pm to 5: 00pm; and 70%; and 100%; and 100% apply, On must be provided or applied in accordance with Specification S35C2. For the building, where 5: 00pm to 6: 00pm; and 35%; and 80%; and 80% apply, On must be provided or applied in accordance with Specification S35C2. For the building, where 6: 00pm to 7: 00pm; and 10%; and 60%; and 65% apply, Off must be provided or applied in accordance with Specification S35C2. For the building, where 7: 00pm to 8: 00pm; and 5%; and 60%; and 55% apply, Off must be provided or applied in accordance with Specification S35C2. For the building, where 8: 00pm to 9: 00pm; and 5%; and 50%; and 25% apply, Off must be provided or applied in accordance with Specification S35C2. For the building, where 9: 00pm to 10: 00pm; and 0%; and 15%; and 25% apply, Off must be provided or applied in accordance with Specification S35C2. For the building, where 10: 00pm to 11: 00pm; and 0%; and 15%; and 25% apply, Off must be provided or applied in accordance with Specification S35C2. For the building, where 11: 00pm to 12: 00am; and 0%; and 15%; and 25% apply, Off must be provided or applied in accordance with Specification S35C2.",1,1,"","","NCC 2022 Vol1","",0,"","","false","","NCC2022_Volume1_Tables_ClauseStyle.txt","2022"
"Vol1","J9","J","Table S35C2d","table","Table S35C2d","For the building, where 12: 00am to 1: 00am; and 0%; and 15%; and 25% apply, Off must be provided or applied in accordance with Specification S35C2. For the building, where 1: 00am to 2: 00am; and 0%; and 15%; and 25% apply, Off must be provided or applied in accordance with Specification S35C2. For the building, where 2: 00am to 3: 00am; and 0%; and 15%; and 25% apply, Off must be provided or applied in accordance with Specification S35C2.",1,1,"","","NCC 2022 Vol1","",0,"","","false","","NCC2022_Volume1_Tables_ClauseStyle.txt","2022"
"Vol1","J9","J","Table S35C2_6","table","Table S35C2_6","For the building, where 3: 00am to 4: 00am; and 0%; and 15%; and 25% apply, Off must be provided or applied in accordance with Specification S35C2. For the building, where 4: 00am to 5: 00am; and 0%; and 15%; and 25% apply, Off must be provided or applied in accordance with Specification S35C2. For the building, where 5: 00am to 6: 00am; and 0%; and 15%; and 25% apply, Off must be provided or applied in accordance with Specification S35C2. For the building, where 6: 00am to 7: 00am; and 0%; and 15%; and 25% apply, Off must be provided or applied in accordance with Specification S35C2. For the building, where 7: 00am to 8: 00am; and 0%; and 15%; and 25% apply, Off must be provided or applied in accordance with Specification S35C2. For the building, where 8: 00am to 9: 00am; and 5%; and 25%; and 25% apply, Off must be provided or applied in accordance with Specification S35C2. For the building, where 9: 00am to 10: 00am; and 5%; and 25%; and 25% apply, Off must be provided or applied in accordance with Specification S35C2. For the building, where 10: 00am to 11: 00am; and 5%; and 25%; and 25% apply, Off must be provided or applied in accordance with Specification S35C2. For the building, where 11: 00am to 12: 00pm; and 5%; and 25%; and 25% apply, Off must be provided or applied in accordance with Specification S35C2. For the building, where 12: 00pm to 1: 00pm; and 5%; and 25%; and 25% apply, Off must be provided or applied in accordance with Specification S35C2. For the building, where 1: 00pm to 2: 00pm; and 5%; and 25%; and 25% apply, Off must be provided or applied in accordance with Specification S35C2. For the building, where 2: 00pm to 3: 00pm; and 5%; and 25%; and 25% apply, Off must be provided or applied in accordance with Specification S35C2. For the building, where 3: 00pm to 4: 00pm; and 5%; and 25%; and 25% apply, Off must be provided or applied in accordance with Specification S35C2. For the building, where 4: 00pm to 5: 00pm; and 5%; and 25%; and 25% apply, Off must be provided or applied in accordance with Specification S35C2. For the building, where 5: 00pm to 6: 00pm; and 0%; and 15%; and 25% apply, Off must be provided or applied in accordance with Specification S35C2. For the building, where 6: 00pm to 7: 00pm; and 0%; and 15%; and 25% apply, Off must be provided or applied in accordance with Specification S35C2. For the building, where 7: 00pm to 8: 00pm; and 0%; and 15%; and 25% apply, Off must be provided or applied in accordance with Specification S35C2. For the building, where 8: 00pm to 9: 00pm; and 0%; and 15%; and 25% apply, Off must be provided or applied in accordance with Specification S35C2. For the building, where 9: 00pm to 10: 00pm; and 0%; and 15%; and 25% apply, Off must be provided or applied in accordance with Specification S35C2. For the building, where 10: 00pm to 11: 00pm; and 0%; and 15%; and 25% apply, Off must be provided or applied in accordance with Specification S35C2. For the building, where 11: 00pm to 12: 00am; and 0%; and 15%; and 25% apply, Off must be provided or applied in accordance with Specification S35C2.",1,1,"","","NCC 2022 Vol1","",0,"","","false","","NCC2022_Volume1_Tables_ClauseStyle.txt","2022"
"Vol1","J9","J","Table S35C2e","table","Table S35C2e","For the building, where 12: 00am to 1: 00am; and 0%; and 25%; and 25% apply, Off must be provided or applied in accordance with Specification S35C2. For the building, where 1: 00am to 2: 00am; and 0%; and 25%; and 25% apply, Off must be provided or applied in accordance with Specification S35C2. For the building, where 2: 00am to 3: 00am; and 0%; and 25%; and 25% apply, Off must be provided or applied in accordance with Specification S35C2. For the building, where 3: 00am to 4: 00am; and 0%; and 25%; and 25% apply, Off must be provided or applied in accordance with Specification S35C2. For the building, where 4: 00am to 5: 00am; and 0%; and 25%; and 25% apply, Off must be provided or applied in accordance with Specification S35C2. For the building, where 5: 00am to 6: 00am; and 0%; and 25%; and 25% apply, Off must be provided or applied in accordance with Specification S35C2. For the building, where 6: 00am to 7: 00am; and 0%; and 25%; and 25% apply, Off must be provided or applied in accordance with Specification S35C2. For the building, where 7: 00am to 8: 00am; and 10%; and 100%; and 70% apply, On must be provided or applied in accordance with Specification S35C2. For the building, where 8: 00am to 9: 00am; and 20%; and 100%; and 70% apply, On must be provided or applied in accordance with Specification S35C2. For the building, where 9: 00am to 10: 00am; and 20%; and 100%; and 70% apply, On must be provided or applied in accordance with Specification S35C2.",1,1,"","","NCC 2022 Vol1","",0,"","","false","","NCC2022_Volume1_Tables_ClauseStyle.txt","2022"
"Vol1","J9","J","Table S35C2_8","table","Table S35C2_8","For the building, where 10: 00am to 11: 00am; and 15%; and 100%; and 70% apply, On must be provided or applied in accordance with Specification S35C2. For the building, where 11: 00am to 12: 00pm; and 25%; and 100%; and 70% apply, On must be provided or applied in accordance with Specification S35C2. For the building, where 12: 00pm to 1: 00pm; and 25%; and 100%; and 70% apply, On must be provided or applied in accordance with Specification S35C2. For the building, where 1: 00pm to 2: 00pm; and 15%; and 100%; and 70% apply, On must be provided or applied in accordance with Specification S35C2. For the building, where 2: 00pm to 3: 00pm; and 15%; and 100%; and 70% apply, On must be provided or applied in accordance with Specification S35C2. For the building, where 3: 00pm to 4: 00pm; and 15%; and 100%; and 70% apply, On must be provided or applied in accordance with Specification S35C2. For the building, where 4: 00pm to 5: 00pm; and 15%; and 100%; and 70% apply, On must be provided or applied in accordance with Specification S35C2. For the building, where 5: 00pm to 6: 00pm; and 5%; and 100%; and 70% apply, On must be provided or applied in accordance with Specification S35C2. For the building, where 6: 00pm to 7: 00pm; and 5%; and 100%; and 70% apply, Off must be provided or applied in accordance with Specification S35C2. For the building, where 7: 00pm to 8: 00pm; and 0%; and 10%; and 10% apply, Off must be provided or applied in accordance with Specification S35C2. For the building, where 8: 00pm to 9: 00pm; and 0%; and 10%; and 10% apply, Off must be provided or applied in accordance with Specification S35C2. For the building, where 9: 00pm to 10: 00pm; and 0%; and 10%; and 10% apply, Off must be provided or applied in accordance with Specification S35C2. For the building, where 10: 00pm to 11: 00pm; and 0%; and 10%; and 10% apply, Off must be provided or applied in accordance with Specification S35C2. For the building, where 11: 00pm to 12: 00am; and 0%; and 10%; and 10% apply, Off must be provided or applied in accordance with Specification S35C2.",1,1,"","","NCC 2022 Vol1","",0,"","","false","","NCC2022_Volume1_Tables_ClauseStyle.txt","2022"
"Vol1","J9","J","Table S35C2f","table","Table S35C2f","For the building, where 12: 00am to 1: 00am; and 0%; and 5%; and 15% apply, Off must be provided or applied in accordance with Specification S35C2. For the building, where 1: 00am to 2: 00am; and 0%; and 5%; and 15% apply, Off must be provided or applied in accordance with Specification S35C2. For the building, where 2: 00am to 3: 00am; and 0%; and 5%; and 15% apply, Off must be provided or applied in accordance with Specification S35C2. For the building, where 3: 00am to 4: 00am; and 0%; and 5%; and 15% apply, Off must be provided or applied in accordance with Specification S35C2. For the building, where 4: 00am to 5: 00am; and 0%; and 5%; and 15% apply, Off must be provided or applied in accordance with Specification S35C2. For the building, where 5: 00am to 6: 00am; and 0%; and 5%; and 15% apply, Off must be provided or applied in accordance with Specification S35C2. For the building, where 6: 00am to 7: 00am; and 5%; and 40%; and 40% apply, Off must be provided or applied in accordance with Specification S35C2. For the building, where 7: 00am to 8: 00am; and 5%; and 40%; and 40% apply, On must be provided or applied in accordance with Specification S35C2. For the building, where 8: 00am to 9: 00am; and 5%; and 60%; and 60% apply, On must be provided or applied in accordance with Specification S35C2. For the building, where 9: 00am to 10: 00am; and 5%; and 60%; and 60% apply, On must be provided or applied in accordance with Specification S35C2. For the building, where 10: 00am to 11: 00am; and 20%; and 90%; and 90% apply, On must be provided or applied in accordance with Specification S35C2. For the building, where 11: 00am to 12: 00pm; and 50%; and 90%; and 90% apply, On must be provided or applied in accordance with Specification S35C2. For the building, where 12: 00pm to 1: 00pm; and 80%; and 90%; and 90% apply, On must be provided or applied in accordance with Specification S35C2. For the building, where 1: 00pm to 2: 00pm; and 70%; and 90%; and 90% apply, On must be provided or applied in accordance with Specification S35C2. For the building, where 2: 00pm to 3: 00pm; and 40%; and 90%; and 90% apply, On must be provided or applied in accordance with Specification S35C2. For the building, where 3: 00pm to 4: 00pm; and 20%; and 90%; and 90% apply, On must be provided or applied in accordance with Specification S35C2. For the building, where 4: 00pm to 5: 00pm; and 25%; and 90%; and 90% apply, On must be provided or applied in accordance with Specification S35C2.",1,1,"","","NCC 2022 Vol1","",0,"","","false","","NCC2022_Volume1_Tables_ClauseStyle.txt","2022"
"Vol1","J9","J","Table S35C2_10","table","Table S35C2_10","For the building, where 5: 00pm to 6: 00pm; and 50%; and 90%; and 90% apply, On must be provided or applied in accordance with Specification S35C2. For the building, where 6: 00pm to 7: 00pm; and 80%; and 90%; and 90% apply, On must be provided or applied in accordance with Specification S35C2. For the building, where 7: 00pm to 8: 00pm; and 80%; and 90%; and 90% apply, On must be provided or applied in accordance with Specification S35C2. For the building, where 8: 00pm to 9: 00pm; and 80%; and 90%; and 90% apply, On must be provided or applied in accordance with Specification S35C2. For the building, where 9: 00pm to 10: 00pm; and 50%; and 90%; and 90% apply, On must be provided or applied in accordance with Specification S35C2. For the building, where 10: 00pm to 11: 00pm; and 35%; and 50%; and 50% apply, On must be provided or applied in accordance with Specification S35C2. For the building, where 11: 00pm to 12: 00am; and 20%; and 30%; and 30% apply, On must be provided or applied in accordance with Specification S35C2.",1,1,"","","NCC 2022 Vol1","",0,"","","false","","NCC2022_Volume1_Tables_ClauseStyle.txt","2022"
"Vol1","J9","J","Table S35C2g","table","Table S35C2g","For the building, where 12: 00am to 1: 00am; and 70%; and 5% apply, On must be provided or applied in accordance with Specification S35C2. For the building, where 1: 00am to 2: 00am; and 70%; and 5% apply, On must be provided or applied in accordance with Specification S35C2. For the building, where 2: 00am to 3: 00am; and 70%; and 5% apply, On must be provided or applied in accordance with Specification S35C2. For the building, where 3: 00am to 4: 00am; and 70%; and 5% apply, On must be provided or applied in accordance with Specification S35C2. For the building, where 4: 00am to 5: 00am; and 70%; and 5% apply, On must be provided or applied in accordance with Specification S35C2. For the building, where 5: 00am to 6: 00am; and 70%; and 25% apply, On must be provided or applied in accordance with Specification S35C2. For the building, where 6: 00am to 7: 00am; and 70%; and 80% apply, On must be provided or applied in accordance with Specification S35C2. For the building, where 7: 00am to 8: 00am; and 70%; and 80% apply, On must be provided or applied in accordance with Specification S35C2. For the building, where 8: 00am to 9: 00am; and 70%; and 50% apply, On must be provided or applied in accordance with Specification S35C2. For the building, where 9: 00am to 10: 00am; and 70%; and 20% apply, On must be provided or applied in accordance with Specification S35C2. For the building, where 10: 00am to 11: 00am; and 70%; and 20% apply, On must be provided or applied in accordance with Specification S35C2. For the building, where 11: 00am to 12: 00pm; and 70%; and 20% apply, On must be provided or applied in accordance with Specification S35C2. For the building, where 12: 00pm to 1: 00pm; and 70%; and 20% apply, On must be provided or applied in accordance with Specification S35C2. For the building, where 1: 00pm to 2: 00pm; and 70%; and 20% apply, On must be provided or applied in accordance with Specification S35C2. For the building, where 2: 00pm to 3: 00pm; and 70%; and 20% apply, On must be provided or applied in accordance with Specification S35C2. For the building, where 3: 00pm to 4: 00pm; and 70%; and 20% apply, On must be provided or applied in accordance with Specification S35C2. For the building, where 4: 00pm to 5: 00pm; and 70%; and 20% apply, On must be provided or applied in accordance with Specification S35C2. For the building, where 5: 00pm to 6: 00pm; and 70%; and 50% apply, On must be provided or applied in accordance with Specification S35C2. For the building, where 6: 00pm to 7: 00pm; and 70%; and 50% apply, On must be provided or applied in accordance with Specification S35C2. For the building, where 7: 00pm to 8: 00pm; and 70%; and 50% apply, On must be provided or applied in accordance with Specification S35C2. For the building, where 8: 00pm to 9: 00pm; and 70%; and 50% apply, On must be provided or applied in accordance with Specification S35C2. For the building, where 9: 00pm to 10: 00pm; and 70%; and 50% apply, On must be provided or applied in accordance with Specification S35C2. For the building, where 10: 00pm to 11: 00pm; and 70%; and 50% apply, On must be provided or applied in accordance with Specification S35C2.",1,1,"","","NCC 2022 Vol1","",0,"","","false","","NCC2022_Volume1_Tables_ClauseStyle.txt","2022"
"Vol1","J9","J","Table S35C2_12","table","Table S35C2_12","For the building, where 11: 00pm to 12: 00am; and 70%; and 5% apply, On must be provided or applied in accordance with Specification S35C2.",1,1,"","","NCC 2022 Vol1","",0,"","","false","","NCC2022_Volume1_Tables_ClauseStyle.txt","2022"
"Vol1","J9","J","Table S35C2h","table","Table S35C2h","For the building, where 12: 00am to 1: 00am; and 0%; and 0%; and 5%; and 5%; and Off apply, Off must be provided or applied in accordance with Specification S35C2. For the building, where 1: 00am to 2: 00am; and 0%; and 0%; and 5%; and 5%; and Off apply, Off must be provided or applied in accordance with Specification S35C2. For the building, where 2: 00am to 3: 00am; and 0%; and 0%; and 5%; and 5%; and Off apply, Off must be provided or applied in accordance with Specification S35C2. For the building, where 3: 00am to 4: 00am; and 0%; and 0%; and 5%; and 5%; and Off apply, Off must be provided or applied in accordance with Specification S35C2. For the building, where 4: 00am to 5: 00am; and 0%; and 0%; and 5%; and 5%; and Off apply, Off must be provided or applied in accordance with Specification S35C2. For the building, where 5: 00am to 6: 00am; and 0%; and 0%; and 5%; and 5%; and Off apply, Off must be provided or applied in accordance with Specification S35C2. For the building, where 6: 00am to 7: 00am; and 0%; and 0%; and 5%; and 5%; and Off apply, Off must be provided or applied in accordance with Specification S35C2. For the building, where 7: 00am to 8: 00am; and 0%; and 0%; and 5%; and 5%; and Off apply, On must be provided or applied in accordance with Specification S35C2. For the building, where 8: 00am to 9: 00am; and 0%; and 20%; and 100%; and 100%; and Off apply, On must be provided or applied in accordance with Specification S35C2. For the building, where 9: 00am to 10: 00am; and 0%; and 70%; and 10%; and 10%; and Off apply, On must be provided or applied in accordance with Specification S35C2. For the building, where 10: 00am to 11: 00am; and 0%; and 70%; and 10%; and 10%; and Off apply, On must be provided or applied in accordance with Specification S35C2. For the building, where 11: 00am to 12: 00pm; and 0%; and 70%; and 10%; and 10%; and On apply, On must be provided or applied in accordance with Specification S35C2. For the building, where 12: 00pm to 1: 00pm; and 20%; and 20%; and 100%; and 100%; and On apply, On must be provided or applied in accordance with Specification S35C2. For the building, where 1: 00pm to 2: 00pm; and 70%; and 70%; and 5%; and 5%; and On apply, On must be provided or applied in accordance with Specification S35C2. For the building, where 2: 00pm to 3: 00pm; and 70%; and 70%; and 5%; and 5%; and On apply, On must be provided or applied in accordance with Specification S35C2. For the building, where 3: 00pm to 4: 00pm; and 70%; and 70%; and 5%; and 5%; and On apply, On must be provided or applied in accordance with Specification S35C2. For the building, where 4: 00pm to 5: 00pm; and 70%; and 70%; and 5%; and 5%; and On apply, On must be provided or applied in accordance with Specification S35C2.",1,1,"","","NCC 2022 Vol1","",0,"","","false","","NCC2022_Volume1_Tables_ClauseStyle.txt","2022"
"Vol1","J9","J","Table S35C2_14","table","Table S35C2_14","For the building, where 5: 00pm to 6: 00pm; and 20%; and 20%; and 100%; and 100%; and On apply, On must be provided or applied in accordance with Specification S35C2. For the building, where 6: 00pm to 7: 00pm; and 20%; and 20%; and 100%; and 100%; and On apply, On must be provided or applied in accordance with Specification S35C2. For the building, where 7: 00pm to 8: 00pm; and 70%; and 70%; and 100%; and 100%; and On apply, On must be provided or applied in accordance with Specification S35C2. For the building, where 8: 00pm to 9: 00pm; and 70%; and 70%; and 5%; and 5%; and On apply, On must be provided or applied in accordance with Specification S35C2. For the building, where 9: 00pm to 10: 00pm; and 70%; and 70%; and 5%; and 5%; and On apply, On must be provided or applied in accordance with Specification S35C2. For the building, where 10: 00pm to 11: 00pm; and 70%; and 70%; and 5%; and 5%; and On apply, On must be provided or applied in accordance with Specification S35C2. For the building, where 11: 00pm to 12: 00am; and 10%; and 10%; and 100%; and 100%; and On apply, On must be provided or applied in accordance with Specification S35C2.",1,1,"","","NCC 2022 Vol1","",0,"","","false","","NCC2022_Volume1_Tables_ClauseStyle.txt","2022"
"Vol1","J9","J","Table S35C2i","table","Table S35C2i","For the building, where 12: 00am to 1: 00am; and 0%; and 15% apply, Off must be provided or applied in accordance with Specification S35C2. For the building, where 1: 00am to 2: 00am; and 0%; and 15% apply, Off must be provided or applied in accordance with Specification S35C2. For the building, where 2: 00am to 3: 00am; and 0%; and 15% apply, Off must be provided or applied in accordance with Specification S35C2. For the building, where 3: 00am to 4: 00am; and 0%; and 15% apply, Off must be provided or applied in accordance with Specification S35C2. For the building, where 4: 00am to 5: 00am; and 0%; and 15% apply, Off must be provided or applied in accordance with Specification S35C2. For the building, where 5: 00am to 6: 00am; and 0%; and 15% apply, Off must be provided or applied in accordance with Specification S35C2. For the building, where 6: 00am to 7: 00am; and 5%; and 25% apply, On must be provided or applied in accordance with Specification S35C2. For the building, where 7: 00am to 8: 00am; and 10%; and 45% apply, On must be provided or applied in accordance with Specification S35C2. For the building, where 8: 00am to 9: 00am; and 20%; and 45% apply, On must be provided or applied in accordance with Specification S35C2. For the building, where 9: 00am to 10: 00am; and 20%; and 45% apply, On must be provided or applied in accordance with Specification S35C2. For the building, where 10: 00am to 11: 00am; and 25%; and 60% apply, On must be provided or applied in accordance with Specification S35C2. For the building, where 11: 00am to 12: 00pm; and 30%; and 60% apply, On must be provided or applied in accordance with Specification S35C2. For the building, where 12: 00pm to 1: 00pm; and 30%; and 60% apply, On must be provided or applied in accordance with Specification S35C2. For the building, where 1: 00pm to 2: 00pm; and 35%; and 60% apply, On must be provided or applied in accordance with Specification S35C2. For the building, where 2: 00pm to 3: 00pm; and 30%; and 45% apply, On must be provided or applied in accordance with Specification S35C2. For the building, where 3: 00pm to 4: 00pm; and 30%; and 60% apply, On must be provided or applied in accordance with Specification S35C2. For the building, where 4: 00pm to 5: 00pm; and 35%; and 60% apply, On must be provided or applied in accordance with Specification S35C2. For the building, where 5: 00pm to 6: 00pm; and 25%; and 60% apply, On must be provided or applied in accordance with Specification S35C2. For the building, where 6: 00pm to 7: 00pm; and 20%; and 60% apply, On must be provided or applied in accordance with Specification S35C2. For the building, where 7: 00pm to 8: 00pm; and 15%; and 25% apply, On must be provided or applied in accordance with Specification S35C2.",1,1,"","","NCC 2022 Vol1","",0,"","","false","","NCC2022_Volume1_Tables_ClauseStyle.txt","2022"
"Vol1","J9","J","Table S35C2_16","table","Table S35C2_16","For the building, where 8: 00pm to 9: 00pm; and 10%; and 25% apply, On must be provided or applied in accordance with Specification S35C2. For the building, where 9: 00pm to 10: 00pm; and 10%; and 25% apply, On must be provided or applied in accordance with Specification S35C2. For the building, where 10: 00pm to 11: 00pm; and 10%; and 25% apply, On must be provided or applied in accordance with Specification S35C2. For the building, where 11: 00pm to 12: 00am; and 5%; and 25% apply, Off must be provided or applied in accordance with Specification S35C2.",1,1,"","","NCC 2022 Vol1","",0,"","","false","","NCC2022_Volume1_Tables_ClauseStyle.txt","2022"
"Vol1","J9","J","Table S35C2j","table","Table S35C2j","For the building, where 12: 00am to 1: 00am; and 0%; and 5%; and 5% apply, Off must be provided or applied in accordance with Specification S35C2. For the building, where 1: 00am to 2: 00am; and 0%; and 5%; and 5% apply, Off must be provided or applied in accordance with Specification S35C2. For the building, where 2: 00am to 3: 00am; and 0%; and 5%; and 5% apply, Off must be provided or applied in accordance with Specification S35C2. For the building, where 3: 00am to 4: 00am; and 0%; and 5%; and 5% apply, Off must be provided or applied in accordance with Specification S35C2. For the building, where 4: 00am to 5: 00am; and 0%; and 5%; and 5% apply, Off must be provided or applied in accordance with Specification S35C2. For the building, where 5: 00am to 6: 00am; and 0%; and 5%; and 5% apply, Off must be provided or applied in accordance with Specification S35C2. For the building, where 6: 00am to 7: 00am; and 0%; and 5%; and 5% apply, Off must be provided or applied in accordance with Specification S35C2. For the building, where 7: 00am to 8: 00am; and 5%; and 30%; and 30% apply, On must be provided or applied in accordance with Specification S35C2. For the building, where 8: 00am to 9: 00am; and 75%; and 85%; and 85% apply, On must be provided or applied in accordance with Specification S35C2. For the building, where 9: 00am to 10: 00am; and 90%; and 95%; and 95% apply, On must be provided or applied in accordance with Specification S35C2. For the building, where 10: 00am to 11: 00am; and 90%; and 95%; and 95% apply, On must be provided or applied in accordance with Specification S35C2. For the building, where 11: 00am to 12: 00pm; and 90%; and 95%; and 95% apply, On must be provided or applied in accordance with Specification S35C2. For the building, where 12: 00pm to 1: 00pm; and 50%; and 80%; and 70% apply, On must be provided or applied in accordance with Specification S35C2. For the building, where 1: 00pm to 2: 00pm; and 50%; and 80%; and 70% apply, On must be provided or applied in accordance with Specification S35C2. For the building, where 2: 00pm to 3: 00pm; and 90%; and 95%; and 95% apply, On must be provided or applied in accordance with Specification S35C2. For the building, where 3: 00pm to 4: 00pm; and 70%; and 90%; and 80% apply, On must be provided or applied in accordance with Specification S35C2. For the building, where 4: 00pm to 5: 00pm; and 50%; and 70%; and 60% apply, On must be provided or applied in accordance with Specification S35C2. For the building, where 5: 00pm to 6: 00pm; and 20%; and 20%; and 20% apply, Off must be provided or applied in accordance with Specification S35C2. For the building, where 6: 00pm to 7: 00pm; and 20%; and 20%; and 20% apply, Off must be provided or applied in accordance with Specification S35C2. For the building, where 7: 00pm to 8: 00pm; and 20%; and 20%; and 20% apply, Off must be provided or applied in accordance with Specification S35C2. For the building, where 8: 00pm to 9: 00pm; and 10%; and 10%; and 10% apply, Off must be provided or applied in accordance with Specification S35C2. For the building, where 9: 00pm to 10: 00pm; and 5%; and 5%; and 5% apply, Off must be provided or applied in accordance with Specification S35C2. For the building, where 10: 00pm to 11: 00pm; and 5%; and 5%; and 5% apply, Off must be provided or applied in accordance with Specification S35C2. For the building, where 11: 00pm to 12: 00am; and 5%; and 5%; and 5% apply, Off must be provided or applied in accordance with Specification S35C2.",1,1,"","","NCC 2022 Vol1","",0,"","","false","","NCC2022_Volume1_Tables_ClauseStyle.txt","2022"
"Vol1","J9","J","Table S35C2k","table","Table S35C2k","For the building, where 12: 00am to 1: 00am; and 85%; and 85%; and 5%; and On apply, On must be provided or applied in accordance with Specification S35C2. For the building, where 1: 00am to 2: 00am; and 85%; and 85%; and 5%; and On apply, On must be provided or applied in accordance with Specification S35C2. For the building, where 2: 00am to 3: 00am; and 85%; and 85%; and 5%; and On apply, On must be provided or applied in accordance with Specification S35C2. For the building, where 3: 00am to 4: 00am; and 85%; and 85%; and 5%; and On apply, On must be provided or applied in accordance with Specification S35C2. For the building, where 4: 00am to 5: 00am; and 85%; and 85%; and 5%; and On apply, On must be provided or applied in accordance with Specification S35C2. For the building, where 5: 00am to 6: 00am; and 85%; and 85%; and 25%; and On apply, On must be provided or applied in accordance with Specification S35C2. For the building, where 6: 00am to 7: 00am; and 85%; and 85%; and 80%; and On apply, On must be provided or applied in accordance with Specification S35C2. For the building, where 7: 00am to 8: 00am; and 80%; and 85%; and 80%; and On apply, On must be provided or applied in accordance with Specification S35C2. For the building, where 8: 00am to 9: 00am; and 50%; and 50%; and 50%; and On apply, On must be provided or applied in accordance with Specification S35C2. For the building, where 9: 00am to 10: 00am; and 10%; and 50%; and 20%; and Off apply, On must be provided or applied in accordance with Specification S35C2. For the building, where 10: 00am to 11: 00am; and 10%; and 20%; and 20%; and Off apply, Off must be provided or applied in accordance with Specification S35C2. For the building, where 11: 00am to 12: 00pm; and 10%; and 20%; and 20%; and Off apply, Off must be provided or applied in accordance with Specification S35C2. For the building, where 12: 00pm to 1: 00pm; and 10%; and 20%; and 20%; and Off apply, Off must be provided or applied in accordance with Specification S35C2. For the building, where 1: 00pm to 2: 00pm; and 10%; and 20%; and 20%; and Off apply, Off must be provided or applied in accordance with Specification S35C2. For the building, where 2: 00pm to 3: 00pm; and 10%; and 20%; and 20%; and Off apply, Off must be provided or applied in accordance with Specification S35C2. For the building, where 3: 00pm to 4: 00pm; and 10%; and 30%; and 20%; and Off apply, Off must be provided or applied in accordance with Specification S35C2. For the building, where 4: 00pm to 5: 00pm; and 50%; and 50%; and 20%; and On apply, On must be provided or applied in accordance with Specification S35C2. For the building, where 5: 00pm to 6: 00pm; and 50%; and 50%; and 50%; and On apply, On must be provided or applied in accordance with Specification S35C2. For the building, where 6: 00pm to 7: 00pm; and 70%; and 50%; and 50%; and On apply, On must be provided or applied in accordance with Specification S35C2. For the building, where 7: 00pm to 8: 00pm; and 70%; and 70%; and 50%; and On apply, On must be provided or applied in accordance with Specification S35C2. For the building, where 8: 00pm to 9: 00pm; and 80%; and 80%; and 50%; and On apply, On must be provided or applied in accordance with Specification S35C2. For the building, where 9: 00pm to 10: 00pm; and 85%; and 80%; and 50%; and On apply, On must be provided or applied in accordance with Specification S35C2. For the building, where 10: 00pm to 11: 00pm; and 85%; and 85%; and 50%; and On apply, On must be provided or applied in accordance with Specification S35C2. For the building, where 11: 00pm to 12: 00am; and 85%; and 85%; and 5%; and On apply, On must be provided or applied in accordance with Specification S35C2.",1,1,"","","NCC 2022 Vol1","",0,"","","false","","NCC2022_Volume1_Tables_ClauseStyle.txt","2022"
"Vol1","J9","J","Table S35C2l","table","Table S35C2l","For Class 9a, where Class 9a building ward area applies, 5 W/m2 averaged for 24 hours per day, 7 days per week, continuous operation must be provided or applied in accordance with Specification S35C2. For Class 8, where Class 8 laboratory and a Class 9a clinic, day surgery and a procedure unit apply, 15 W/m2 must be provided or applied in accordance with Specification S35C2. For Class 6, where Class 6 shop and shopping centre, Class 6 cafe and restaurant and Class 9b school apply, 5 W/m2 must be provided or applied in accordance with Specification S35C2. For the building, where Other applications applies, No load must be provided or applied in accordance with Specification S35C2. For Class 3, where Class 3 (sole-occupancy unit) applies, 160 W per room must be provided or applied in accordance with Specification S35C2. For Class 3, where Class 3 dormitories applies, No load must be provided or applied in accordance with Specification S35C2. For Class 5 b, where Class 5 building applies, 11 W/m2 must be provided or applied in accordance with Specification S35C2. For Class 9c, where Class 9c building applies, 160 W per room must be provided or applied in accordance with Specification S35C2. For Class 9b, where Class 9b (conference facilities only) applies, 150 W per room plus 10 W per person must be provided or applied in accordance with Specification S35C2.",1,1,"","","NCC 2022 Vol1","",0,"","","false","","NCC2022_Volume1_Tables_ClauseStyle.txt","2022"
"Vol1","J9","J","Table S35C2m","table","Table S35C2m","For the building, where Residential part of a hotel or motel applies, 100 L/sole-occupancy unit must be provided or applied in accordance with Specification S35C2. For the building, where Dormitory, boarding house, guest house, hostel, lodging house and backpackers accommodation apply, 50 L/person must be provided or applied in accordance with Specification S35C2. For the building, where Residential part of a school, accommodation for the aged, children or people with a disability and a detention centre or a health-care buildingwhich accommodates members of staff apply, 50 L/person must be provided or applied in accordance with Specification S35C2. For Class 9c, where Class 9c building applies, 50 L/person must be provided or applied in accordance with Specification S35C2. For the building, where Office, laboratory, shop and assembly building apply, 4 L/person must be provided or applied in accordance with Specification S35C2. For the building, where Dining room, restaurant and cafe apply, 9 L/meal must be provided or applied in accordance with Specification S35C2. For the building, where Health-care building, areaward applies, 70 L/patient must be provided or applied in accordance with Specification S35C2. For the building, where School applies, 7 L/person must be provided or applied in accordance with Specification S35C2. For the building, where Other applications applies, 4 L/person must be provided or applied in accordance with Specification S35C2.",1,1,"","","NCC 2022 Vol1","",0,"","","false","","NCC2022_Volume1_Tables_ClauseStyle.txt","2022"
"Vol1","J9","J","Table S35C2n","table","Table S35C2n","For the building, where Dining room, restaurant or cafe applies, 80 W sensible heat gain and 80 W latent heat gain must be provided or applied in accordance with Specification S35C2. For the building, where Dining room, restaurant or cafe applies, The average adjusted metabolic rate for sedentary work from Table 45 of AIRAH-DA09 must be provided or applied in accordance with Specification S35C2. For the building, where Dining room, restaurant or cafe applies, The heat emission rate for sedentary work from Table 6. 3 of CIBSE Guide A must be provided or applied in accordance with Specification S35C2. For the building, where Other applications applies, 75 W sensible heat gain and 55 W latent heat gain must be provided or applied in accordance with Specification S35C2. For the building, where Other applications applies, An average adjusted metabolic rate from Table 45 of AIRAH-DA09 must be provided or applied in accordance with Specification S35C2. For the building, where Other applications applies, A heat emission rate from Table 6. 3 of CIBSE Guide A must be provided or applied in accordance with Specification S35C2.",1,1,"","","NCC 2022 Vol1","",0,"","","false","","NCC2022_Volume1_Tables_ClauseStyle.txt","2022"
"Vol1","J9","J","Table S36C2a","table","Table S36C2a","For the building, where Steel; and 7850 apply, 47. 5 must be provided or applied in accordance with Specification S36C2. For the building, where Timber - kiln dried hardwood (across the grain); and 677 apply, 0. 16 must be provided or applied in accordance with Specification S36C2. For the building, where Timber - Radiata pine (across the grain); and 506 apply, 0. 12 must be provided or applied in accordance with Specification S36C2.",1,1,"","","NCC 2022 Vol1","",0,"","","false","","NCC2022_Volume1_Tables_ClauseStyle.txt","2022"
"Vol1","J9","J","Table S36C2b","table","Table S36C2b","For the building, where Aluminium sheeting; and 2680 apply, 210 must be provided or applied in accordance with Specification S36C2. For the building, where Concrete or terra cotta tiles; and 1922 apply, 0. 81 must be provided or applied in accordance with Specification S36C2. For the building, where Steel sheeting; and 7850 apply, 47. 5 must be provided or applied in accordance with Specification S36C2.",1,1,"","","NCC 2022 Vol1","",0,"","","false","","NCC2022_Volume1_Tables_ClauseStyle.txt","2022"
"Vol1","J9","J","Table S36C2c","table","Table S36C2c","For the building, where Aluminium sheeting; and 2680 apply, 210 must be provided or applied in accordance with Specification S36C2. For the building, where Autoclaved aerated concrete; and 350 apply, 0. 10 must be provided or applied in accordance with Specification S36C2. For the building, where Autoclaved aerated concrete; and 510 apply, 0. 15 must be provided or applied in accordance with Specification S36C2. For the building, where Autoclaved aerated concrete; and 900 apply, 0. 27 must be provided or applied in accordance with Specification S36C2.",1,1,"","","NCC 2022 Vol1","",0,"","","false","","NCC2022_Volume1_Tables_ClauseStyle.txt","2022"
"Vol1","J9","J","Table S36C2_4","table","Table S36C2_4","For the building, where Cement render (1 part cement to 4 parts sand); and 1570 apply, 0. 53 must be provided or applied in accordance with Specification S36C2. For the building, where Clay brick: 2. 75 kg; and 1430 apply, 0. 55 must be provided or applied in accordance with Specification S36C2. For the building, where Clay brick: 3. 25 kg; and 1690 apply, 0. 65 must be provided or applied in accordance with Specification S36C2. For the building, where Clay brick: 3. 75 kg; and 1950 apply, 0. 78 must be provided or applied in accordance with Specification S36C2. For the building, where Concrete block: 190 mm dense or 90 mm dense solid; and 1100/2200 apply, 1. 1 must be provided or applied in accordance with Specification S36C2. For the building, where Concrete block: 140 mm dense or 190 mm lightweight; and 1250/910 apply, 0. 85 must be provided or applied in accordance with Specification S36C2. For the building, where Concrete block: 90 mm dense hollow or 90 mm lightweight solid; and 1650 / 1800 apply, 0. 75 must be provided or applied in accordance with Specification S36C2. For the building, where Concrete block: 140 mm lightweight; and 1050 apply, 0. 67 must be provided or applied in accordance with Specification S36C2. For the building, where Concrete block: 90 mm lightweight; and 1360 apply, 0. 55 must be provided or applied in accordance with Specification S36C2. For the building, where Fibre-cement; and 1360 apply, 0. 25 must be provided or applied in accordance with Specification S36C2. For the building, where Gypsum plasterboard; and 880 apply, 0. 17 must be provided or applied in accordance with Specification S36C2. For the building, where Pine weatherboards; and 506 apply, 0. 10 must be provided or applied in accordance with Specification S36C2. For the building, where Plywood; and 530 apply, 0. 14 must be provided or applied in accordance with Specification S36C2. For the building, where Solid concrete; and 2400 apply, 1. 44 must be provided or applied in accordance with Specification S36C2. For the building, where Steel sheeting; and 7850 apply, 47. 5 must be provided or applied in accordance with Specification S36C2. For the building, where Prestressed hollow core concrete panel; and 1680 apply, 0. 80 must be provided or applied in accordance with Specification S36C2.",1,1,"","","NCC 2022 Vol1","",0,"","","false","","NCC2022_Volume1_Tables_ClauseStyle.txt","2022"
"Vol1","J9","J","Table S36C2d","table","Table S36C2d","For the building, where Carpet underlay; and - apply, 0. 04 must be provided or applied in accordance with Specification S36C2. For the building, where Carpet; and - apply, 0. 05 must be provided or applied in accordance with Specification S36C2. For the building, where Prestressed hollow core concrete planks; and 1680 apply, 0. 80 must be provided or applied in accordance with Specification S36C2. For the building, where Particleboard; and 640 apply, 0. 12 must be provided or applied in accordance with Specification S36C2. For the building, where Plywood; and 530 apply, 0. 14 must be provided or applied in accordance with Specification S36C2. For the building, where Timber - kiln dried hardwood (across the grain); and 677 apply, 0. 16 must be provided or applied in accordance with Specification S36C2. For the building, where Timber - Radiata pine (across the grain); and 506 apply, 0. 10 must be provided or applied in accordance with Specification S36C2. For the building, where Solid concrete; and 2400 apply, 1. 44 must be provided or applied in accordance with Specification S36C2. For the building, where Vinyl floor tiles; and 2050 apply, 0. 79 must be provided or applied in accordance with Specification S36C2.",1,1,"","","NCC 2022 Vol1","",0,"","","false","","NCC2022_Volume1_Tables_ClauseStyle.txt","2022"
"Vol1","J9","J","Table S36C2e","table","Table S36C2e","For the building, where Clay soil (10% moisture content); and 1300 apply, 0. 6 must be provided or applied in accordance with Specification S36C2. For the building, where PMMA(polymethylmethacrylate); and 1180 apply, 1. 0 must be provided or applied in accordance with Specification S36C2. For the building, where Polycarbonates; and 1200 apply, 0. 2 must be provided or applied in accordance with Specification S36C2. For the building, where Sand (6% moisture content); and 1800 apply, 1. 64 must be provided or applied in accordance with Specification S36C2. For the building, where Soda lime glass; and 2500 apply, 1. 0 must be provided or applied in accordance with Specification S36C2.",1,1,"","","NCC 2022 Vol1","",0,"","","false","","NCC2022_Volume1_Tables_ClauseStyle.txt","2022"
"Vol1","J9","J","Table S36C2f","table","Table S36C2f","For the building, where On a surface with a pitch of   5 deg; and Up apply, 0. 11 must be provided or applied in accordance with Specification S36C2. For the building, where On a surface with a pitch of   5 deg; and Down apply, 0. 16 must be provided or applied in accordance with Specification S36C2. For the building, where On a surface with a pitch of more than 5 deg but   30 deg; and Up apply, 0. 11 must be provided or applied in accordance with Specification S36C2. For the building, where On a surface with a pitch of more than 5 deg but   30 deg; and Down apply, 0. 15 must be provided or applied in accordance with Specification S36C2. For the building, where On a surface with a pitch of more than 30 deg but   45 deg; and Up apply, 0. 11 must be provided or applied in accordance with Specification S36C2. For the building, where On a surface with a pitch of more than 30 deg but   45 deg; and Down apply, 0. 13 must be provided or applied in accordance with Specification S36C2. For the building, where On a wall; and Horizontal apply, 0. 12 must be provided or applied in accordance with Specification S36C2.",1,1,"","","NCC 2022 Vol1","",0,"","","false","","NCC2022_Volume1_Tables_ClauseStyle.txt","2022"
"Vol1","J9","J","Table S36C2g","table","Table S36C2g","For the building, where Any; and Any apply, 0. 03 must be provided or applied in accordance with Specification S36C2.",1,1,"","","NCC 2022 Vol1","",0,"","","false","","NCC2022_Volume1_Tables_ClauseStyle.txt","2022"
"Vol1","J9","J","Table S36C2h","table","Table S36C2h","For the building, where In a roof with a pitch   5 deg or cathedral ceiling with a 20 mm to 50 mm thick roof airspace; and Up apply, 0. 15 must be provided or applied in accordance with Specification S36C2. For the building, where In a roof with a pitch   5 deg or cathedral ceiling with a 20 mm to 50 mm thick roof airspace; and Down apply, 0. 15 must be provided or applied in accordance with Specification S36C2. For the building, where In a roof with a pitch   5 deg or cathedral ceiling with a more than 50 mm to 300 mm thick roof airspace; and Up apply, 0. 15 must be provided or applied in accordance with Specification S36C2. For the building, where In a roof with a pitch   5 deg or cathedral ceiling with a more than 50 mm to 300 mm thick roof airspace; and Down apply, 0. 17 must be provided or applied in accordance with Specification S36C2. For the building, where In a roof airspace > 300 mm thick or with a horizontal ceiling and a roof pitch more than 5 deg; and Up apply, 0. 18 must be provided or applied in accordance with Specification S36C2. For the building, where In a roof airspace > 300 mm thick or with a horizontal ceiling and a roof pitch more than 5 deg; and Down apply, 0. 28 must be provided or applied in accordance with Specification S36C2. For the building, where In a wall; and Horizontal apply, 0. 16 must be provided or applied in accordance with Specification S36C2.",1,1,"","","NCC 2022 Vol1","",0,"","","false","","NCC2022_Volume1_Tables_ClauseStyle.txt","2022"
"Vol1","J9","J","Table S36C2i","table","Table S36C2i","For the building, where In a wall with an inner reflective surface of 0. 05 emittance and a 20 mm to 100 mm airspace to the wall lining; and Horizontal apply, 0. 61 must be provided or applied in accordance with Specification S36C2.",1,1,"","","NCC 2022 Vol1","",0,"","","false","","NCC2022_Volume1_Tables_ClauseStyle.txt","2022"
"Vol1","J9","J","Table S36C2_11","table","Table S36C2_11","For the building, where In a wall with a central reflective membrane with an inner surface emittance of 0. 05 and a 20 mm to 100 mm airspace from the membrane to the wall lining, and an outer anti-glare emittance of 0. 08 and a 20 mm to 100 mm airspace to the wall cladding; and Horizontal apply, 1. 1 must be provided or applied in accordance with Specification S36C2. For the building, where In a wall with an outer anti-glare reflective surface of 0. 08 emittance and a 20 mm to 100 mm airspace to the wall cladding; and Horizontal apply, 0. 53 must be provided or applied in accordance with Specification S36C2.",1,1,"","","NCC 2022 Vol1","",0,"","","false","","NCC2022_Volume1_Tables_ClauseStyle.txt","2022"
"Vol1","J9","J","Table S36C2j","table","Table S36C2j","For the building, where In a roof airspace > 300 mm thick or with a horizontal ceiling and a pitch more than 5 deg; and Up apply, Nil must be provided or applied in accordance with Specification S36C2. For the building, where In a roof airspace > 300 mm thick or with a horizontal ceiling and a pitch more than 5 deg; and Down apply, 0. 46 must be provided or applied in accordance with Specification S36C2.",1,1,"","","NCC 2022 Vol1","",0,"","","false","","NCC2022_Volume1_Tables_ClauseStyle.txt","2022"
"Vol1","J9","J","Table S36C2k","table","Table S36C2k","For the building, where Direction of heat flow; and Ventilated roof space apply, Non-ventilated roof space must be provided or applied in accordance with Specification S36C2. For the building, where Up; and 0. 34 apply, 0. 56 must be provided or applied in accordance with Specification S36C2. For the building, where Down; and 1. 36 apply, 1. 09 must be provided or applied in accordance with Specification S36C2.",1,1,"","","NCC 2022 Vol1","",0,"","","false","","NCC2022_Volume1_Tables_ClauseStyle.txt","2022"
"Vol1","J9","J","Table S36C2l","table","Table S36C2l","For the building, where Surface 1 emittance 0. 9, Surface 2 emittance 0. 05; and 300 mm; and Up apply, 0. 43 must be provided or applied in accordance with Specification S36C2. For the building, where Surface 1 emittance 0. 9, Surface 2 emittance 0. 05; and 20 mm; and Down apply, 0. 60 must be provided or applied in accordance with Specification S36C2.",1,1,"","","NCC 2022 Vol1","",0,"","","false","","NCC2022_Volume1_Tables_ClauseStyle.txt","2022"
"Vol1","J9","J","Table S36C2_15","table","Table S36C2_15","For the building, where Surface 1 emittance 0. 9, Surface 2 emittance 0. 05; and 60 mm; and Down apply, 1. 16 must be provided or applied in accordance with Specification S36C2. For the building, where Surface 1 emittance 0. 9, Surface 2 emittance 0. 05; and 100 mm to 300 mm; and Down apply, 1. 30 must be provided or applied in accordance with Specification S36C2.",1,1,"","","NCC 2022 Vol1","",0,"","","false","","NCC2022_Volume1_Tables_ClauseStyle.txt","2022"
"Vol1","J9","J","Table S36C2m","table","Table S36C2m","For the building, where Emittance of airspace bounding surfaces; and Thickness of roof space; and Direction of heat flow; and 15 deg to   25 deg pitch; and more than 25 deg to   35 deg pitch apply, more than 35 deg to   45 deg pitch must be provided or applied in accordance with Specification S36C2. For the building, where Surface 1 emittance 0. 9, Surface 2 emittance 0. 05; and 300 mm; and Up; and 0. 43; and 0. 43 apply, 0. 43 must be provided or applied in accordance with Specification S36C2. For the building, where Surface 1 emittance 0. 9, Surface 2 emittance 0. 05; and 20 mm; and Down; and 0. 59; and 0. 59 apply, 0. 59 must be provided or applied in accordance with Specification S36C2. For the building, where Surface 1 emittance 0. 9, Surface 2 emittance 0. 05; and 60 mm; and Down; and 0. 91; and 0. 82 apply, 0. 75 must be provided or applied in accordance with Specification S36C2. For the building, where Surface 1 emittance 0. 9, Surface 2 emittance 0. 05; and 100 mm to 300 mm; and Down; and 0. 96; and 0. 85 apply, 0. 76 must be provided or applied in accordance with Specification S36C2.",1,1,"","","NCC 2022 Vol1","",0,"","","false","","NCC2022_Volume1_Tables_ClauseStyle.txt","2022"
"Vol1","J9","J","Table S37C6a","table","Table S37C6a","For the building, where Northern; and 1. 47; and 1. 95; and 1. 95; and 2. 05; and 2. 28; and 2. 12; and 2. 40 apply, 1. 88 must be provided or applied in accordance with Specification S37C6. For the building, where Southern; and 1. 00; and 1. 00; and 1. 00; and 1. 00; and 1. 00; and 1. 00; and 1. 00 apply, 1. 00 must be provided or applied in accordance with Specification S37C6. For the building, where Eastern; and 1. 39; and 1. 58; and 1. 63; and 1. 72; and 1. 72; and 1. 62; and 1. 84 apply, 1. 92 must be provided or applied in accordance with Specification S37C6. For the building, where Western; and 1. 41; and 1. 68; and 1. 65; and 1. 69; and 1. 75; and 1. 67; and 1. 92 apply, 1. 25 must be provided or applied in accordance with Specification S37C6.",1,1,"","","NCC 2022 Vol1","",0,"","","false","","NCC2022_Volume1_Tables_ClauseStyle.txt","2022"
"Vol1","J9","J","Table S37C6b","table","Table S37C6b","For the building, where Northern; and 1. 42; and 1. 77; and 1. 72; and 1. 55; and 1. 88; and 1. 52; and 1. 60 apply, 1. 24 must be provided or applied in accordance with Specification S37C6. For the building, where Southern; and 1. 00; and 1. 00; and 1. 00; and 1. 00; and 1. 00; and 1. 00; and 1. 00 apply, 1. 00 must be provided or applied in accordance with Specification S37C6. For the building, where Eastern; and 1. 30; and 1. 49; and 1. 48; and 1. 37; and 1. 48; and 1. 28; and 1. 35 apply, 1. 26 must be provided or applied in accordance with Specification S37C6.",1,1,"","","NCC 2022 Vol1","",0,"","","false","","NCC2022_Volume1_Tables_ClauseStyle.txt","2022"
"Vol1","J9","J","Table S37C6_3","table","Table S37C6_3","For the building, where Western; and 1. 37; and 1. 54; and 1. 50; and 1. 36; and 1. 52; and 1. 33; and 1. 40 apply, 1. 05 must be provided or applied in accordance with Specification S37C6.",1,1,"","","NCC 2022 Vol1","",0,"","","false","","NCC2022_Volume1_Tables_ClauseStyle.txt","2022"
"Vol1","J9","J","Table S37C7a","table","Table S37C7a","For the building, where 0; and 1. 00; and 0. 90; and 0. 80; and 0. 72; and 0. 64; and 0. 57; and 0. 51; and 0. 46; and 0. 41; and 0. 38 apply, 0. 35 must be provided or applied in accordance with Specification S37C7. For the building, where 0. 1; and 1. 00; and 0. 95; and 0. 89; and 0. 81; and 0. 74; and 0. 66; and 0. 59; and 0. 52; and 0. 47; and 0. 42 apply, 0. 40 must be provided or applied in accordance with Specification S37C7. For the building, where 0. 2; and 1. 00; and 0. 98; and 0. 94; and 0. 89; and 0. 82; and 0. 75; and 0. 68; and 0. 62; and 0. 56; and 0. 51 apply, 0. 47 must be provided or applied in accordance with Specification S37C7. For the building, where 0. 3; and 1. 00; and 1. 00; and 0. 97; and 0. 94; and 0. 89; and 0. 84; and 0. 78; and 0. 72; and 0. 66; and 0. 61 apply, 0. 57 must be provided or applied in accordance with Specification S37C7. For the building, where 0. 4; and 1. 00; and 1. 00; and 0. 99; and 0. 97; and 0. 94; and 0. 90; and 0. 86; and 0. 82; and 0. 77; and 0. 73 apply, 0. 68 must be provided or applied in accordance with Specification S37C7. For the building, where 0. 5; and 1. 00; and 1. 00; and 1. 00; and 0. 99; and 0. 97; and 0. 95; and 0. 92; and 0. 90; and 0. 86; and 0. 83 apply, 0. 79 must be provided or applied in accordance with Specification S37C7.",1,1,"","","NCC 2022 Vol1","",0,"","","false","","NCC2022_Volume1_Tables_ClauseStyle.txt","2022"
"Vol1","J9","J","Table S37C7b","table","Table S37C7b","For the building, where 0; and 1. 00; and 0. 93; and 0. 87; and 0. 82; and 0. 77; and 0. 73; and 0. 69; and 0. 65; and 0. 62; and 0. 60 apply, 0. 58 must be provided or applied in accordance with Specification S37C7. For the building, where 0. 1; and 1. 00; and 0. 97; and 0. 93; and 0. 88; and 0. 84; and 0. 79; and 0. 75; and 0. 71; and 0. 67; and 0. 64 apply, 0. 62 must be provided or applied in accordance with Specification S37C7. For the building, where 0. 2; and 1. 00; and 0. 98; and 0. 96; and 0. 93; and 0. 89; and 0. 85; and 0. 81; and 0. 77; and 0. 73; and 0. 70 apply, 0. 68 must be provided or applied in accordance with Specification S37C7. For the building, where 0. 3; and 1. 00; and 0. 99; and 0. 98; and 0. 96; and 0. 93; and 0. 90; and 0. 87; and 0. 83; and 0. 80; and 0. 77 apply, 0. 74 must be provided or applied in accordance with Specification S37C7. For the building, where 0. 4; and 1. 00; and 1. 00; and 0. 99; and 0. 98; and 0. 96; and 0. 94; and 0. 91; and 0. 89; and 0. 86; and 0. 84 apply, 0. 81 must be provided or applied in accordance with Specification S37C7. For the building, where 0. 5; and 1. 00; and 1. 00; and 0. 99; and 0. 99; and 0. 98; and 0. 96; and 0. 95; and 0. 93; and 0. 91; and 0. 90 apply, 0. 88 must be provided or applied in accordance with Specification S37C7.",1,1,"","","NCC 2022 Vol1","",0,"","","false","","NCC2022_Volume1_Tables_ClauseStyle.txt","2022"
"Vol1","J9","J","Table S38C2","table","Table S38C2","For the building, where Configuration 1; and 0. 3; and 0. 39; and 0. 42; and 0. 44 apply, 0. 45 must be provided or applied in accordance with Specification S38C2. For the building, where Configuration 2; and 0. 35; and 0. 41; and 0. 43; and 0. 44 apply, 0. 45 must be provided or applied in accordance with Specification S38C2. For the building, where Configuration 3; and 0. 84; and 0. 96; and 1. 03; and 1. 07 apply, 1. 09 must be provided or applied in accordance with Specification S38C2. For the building, where Configuration 4; and 0. 91; and 1. 00; and 1. 05; and 1. 09 apply, 1. 11 must be provided or applied in accordance with Specification S38C2.",1,1,"","","NCC 2022 Vol1","",0,"","","false","","NCC2022_Volume1_Tables_ClauseStyle.txt","2022"
"Vol1","J9","J","Table S39C2a","table","Table S39C2a","For the building, where 1. 0 applies, 0. 10 must be provided or applied in accordance with Specification S39C2. For the building, where 1. 5 applies, 0. 15 must be provided or applied in accordance with Specification S39C2. For the building, where 2. 0 applies, 0. 20 must be provided or applied in accordance with Specification S39C2. For the building, where 2. 5 applies, 0. 25 must be provided or applied in accordance with Specification S39C2. For the building, where 3. 0 applies, 0. 30 must be provided or applied in accordance with Specification S39C2. For the building, where 3. 5 applies, 0. 35 must be provided or applied in accordance with Specification S39C2. For the building, where 4. 0 applies, 0. 40 must be provided or applied in accordance with Specification S39C2. For the building, where 4. 5 applies, 0. 45 must be provided or applied in accordance with Specification S39C2. For the building, where 5. 0 applies, 0. 50 must be provided or applied in accordance with Specification S39C2. For the building, where 5. 5 applies, 0. 55 must be provided or applied in accordance with Specification S39C2. For the building, where 6. 0 applies, 0. 60 must be provided or applied in accordance with Specification S39C2. For the building, where 6. 5 applies, 0. 65 must be provided or applied in accordance with Specification S39C2. For the building, where 7. 0 applies, 0. 70 must be provided or applied in accordance with Specification S39C2.",1,1,"","","NCC 2022 Vol1","",0,"","","false","","NCC2022_Volume1_Tables_ClauseStyle.txt","2022"
"Vol1","J9","J","Table S39C2b","table","Table S39C2b","For the building, where 1. 0; and 0. 4; and 0. 5; and 0. 5; and 0. 6; and 0. 7 apply, 0. 8 must be provided or applied in accordance with Specification S39C2. For the building, where 1. 5; and 0. 6; and 0. 7; and 0. 7; and 0. 8; and 0. 9 apply, 1. 0 must be provided or applied in accordance with Specification S39C2. For the building, where 2. 0; and 0. 7; and 0. 8; and 0. 9; and 1. 0; and 1. 1 apply, 1. 3 must be provided or applied in accordance with Specification S39C2.",1,1,"","","NCC 2022 Vol1","",0,"","","false","","NCC2022_Volume1_Tables_ClauseStyle.txt","2022"
"Vol1","J9","J","Table S39C2_3","table","Table S39C2_3","For the building, where 2. 5; and 0. 9; and 1. 0; and 1. 1; and 1. 2; and 1. 3 apply, 1. 5 must be provided or applied in accordance with Specification S39C2. For the building, where 3. 0; and 1. 0; and 1. 2; and 1. 3; and 1. 4; and 1. 5 apply, 1. 7 must be provided or applied in accordance with Specification S39C2. For the building, where 3. 5; and 1. 2; and 1. 3; and 1. 5; and 1. 6; and 1. 7 apply, 1. 9 must be provided or applied in accordance with Specification S39C2. For the building, where 4. 0; and 1. 3; and 1. 5; and 1. 6; and 1. 7; and 1. 9 apply, 2. 2 must be provided or applied in accordance with Specification S39C2. For the building, where 4. 5; and 1. 5; and 1. 7; and 1. 8; and 1. 9; and 2. 1 apply, 2. 4 must be provided or applied in accordance with Specification S39C2. For the building, where 5. 0; and 1. 6; and 1. 8; and 2. 0; and 2. 1; and 2. 3 apply, 2. 6 must be provided or applied in accordance with Specification S39C2. For the building, where 5. 5; and 1. 8; and 2. 0; and 2. 1; and 2. 2; and 2. 4 apply, 2. 8 must be provided or applied in accordance with Specification S39C2. For the building, where 6. 0; and 1. 9; and 2. 1; and 2. 3; and 2. 4; and 2. 6 apply, 2. 9 must be provided or applied in accordance with Specification S39C2. For the building, where 6. 5; and 2. 0; and 2. 3; and 2. 4; and 2. 6; and 2. 8 apply, 3. 1 must be provided or applied in accordance with Specification S39C2. For the building, where 7. 0; and 2. 2; and 2. 4; and 2. 6; and 2. 7; and 3. 0 apply, 3. 3 must be provided or applied in accordance with Specification S39C2.",1,1,"","","NCC 2022 Vol1","",0,"","","false","","NCC2022_Volume1_Tables_ClauseStyle.txt","2022"
"Vol1","J9","J","Table S44C2","table","Table S44C2","For the building, where 50 m2 applies, 1. 37 must be provided or applied in accordance with Specification S44C2. For the building, where > 50 m2 to 350 m2 applies, (5. 11 x 10 -6)A H2 - (3. 82  x 10-3)A H + 1. 55 must be provided or applied in accordance with Specification S44C2. For the building, where > 350 m2 applies, 0. 84 must be provided or applied in accordance with Specification S44C2.",1,1,"","","NCC 2022 Vol1","",0,"","","false","","NCC2022_Volume1_Tables_ClauseStyle.txt","2022"
"Vol1","J9","J","Table S44C3","table","Table S44C3","For the building, where 50 m2 applies, 1. 34 must be provided or applied in accordance with Specification S44C3. For the building, where > 50 m2 and 200 m2 apply, (1. 29 x 10-5)A H2 - (5. 55 x 10-3)A H + 1. 58 must be provided or applied in accordance with Specification S44C3.",1,1,"","","NCC 2022 Vol1","",0,"","","false","","NCC2022_Volume1_Tables_ClauseStyle.txt","2022"
"Vol1","J9","J","Table S44C3_2","table","Table S44C3_2","For the building, where > 200 m2 and 1000 m2 apply, (3. 76 x 10-7)A H2 - (7. 82 x 10-4)A H + 1. 12 must be provided or applied in accordance with Specification S44C3. For the building, where > 1000 m2 applies, 0. 71 must be provided or applied in accordance with Specification S44C3.",1,1,"","","NCC 2022 Vol1","",0,"","","false","","NCC2022_Volume1_Tables_ClauseStyle.txt","2022"
"Vol1","J9","J","Table S45C3a","table","Table S45C3a","For the building, where 1; and Darwin; and 0; and 15770 apply, 15364 must be provided or applied in accordance with Specification S45C3. For the building, where 1; and Port Hedland; and 859; and 16540 apply, 8011 must be provided or applied in accordance with Specification S45C3. For the building, where 1; and Townsville; and 595; and 6392 apply, 5843 must be provided or applied in accordance with Specification S45C3. For the building, where 1; and Weipa; and 4; and 12144 apply, 12565 must be provided or applied in accordance with Specification S45C3. For the building, where 1; and Wyndham; and 126; and 26975 apply, 9184 must be provided or applied in accordance with Specification S45C3. For the building, where 1; and Willis Island apply, the relevant requirement must be met in accordance with Specification S45C3. For the building, where 1; and Cairns; and 268; and 6411 apply, 6030 must be provided or applied in accordance with Specification S45C3. For the building, where 1; and Broome; and 624; and 14749 apply, 14083 must be provided or applied in accordance with Specification S45C3. For the building, where 2; and Rockhampton; and 3283; and 6717 apply, 1701 must be provided or applied in accordance with Specification S45C3. For the building, where 2; and Amberley; and 10958; and 4483 apply, 290 must be provided or applied in accordance with Specification S45C3. For the building, where 2; and Brisbane; and 4744; and 2228 apply, 1415 must be provided or applied in accordance with Specification S45C3. For the building, where 2; and Coffs Harbour; and 7137; and 1309 apply, 231 must be provided or applied in accordance with Specification S45C3. For the building, where 2; and Mackay; and 976; and 3183 apply, 5214 must be provided or applied in accordance with Specification S45C3. For the building, where 2; and Gladstone; and 568; and 4307 apply, 3543 must be provided or applied in accordance with Specification S45C3. For the building, where 2; and Oakey; and 15392; and 3979 apply, 40 must be provided or applied in accordance with Specification S45C3. For the building, where 3; and Longreach; and 6002; and 14634 apply, 505 must be provided or applied in accordance with Specification S45C3. For the building, where 3; and Carnarvon; and 2260; and 4810 apply, 1023 must be provided or applied in accordance with Specification S45C3. For the building, where 3; and Alice Springs; and 11767; and 13149 apply, 125 must be provided or applied in accordance with Specification S45C3. For the building, where 3; and Charleville; and 11284; and 9580 apply, 230 must be provided or applied in accordance with Specification S45C3. For the building, where 3; and Halls Creek; and 611; and 19571 apply, 2109 must be provided or applied in accordance with Specification S45C3. For the building, where 3; and Tennant Creek; and 1171; and 18644 apply, 1747 must be provided or applied in accordance with Specification S45C3. For the building, where 3; and Mount Isa; and 3060; and 15813 apply, 1797 must be provided or applied in accordance with Specification S45C3. For the building, where 3; and Newman; and 6286; and 15240 apply, 645 must be provided or applied in accordance with Specification S45C3. For the building, where 4; and Moree; and 13986; and 7291 apply, 151 must be provided or applied in accordance with Specification S45C3. For the building, where 4; and Wagga; and 24833; and 4678 apply, 0 must be provided or applied in accordance with Specification S45C3. For the building, where 4; and Mildura; and 19003; and 6300 apply, 11 must be provided or applied in accordance with Specification S45C3. For the building, where 4; and Meekatharra; and 6883; and 12766 apply, 67 must be provided or applied in accordance with Specification S45C3. For the building, where 4; and Oodnadatta; and 8352; and 13845 apply, 18 must be provided or applied in accordance with Specification S45C3. For the building, where 4; and Kalgoorlie; and 13048; and 7763 apply, 31 must be provided or applied in accordance with Specification S45C3. For the building, where 4; and Woomera; and 11754; and 8434 apply, 3 must be provided or applied in accordance with Specification S45C3. For the building, where 4; and Cobar; and 13663; and 7616 apply, 101 must be provided or applied in accordance with Specification S45C3. For the building, where 4; and Dubbo; and 20431; and 5332 apply, 36 must be provided or applied in accordance with Specification S45C3. For the building, where 4; and Giles; and 6259; and 13082 apply, 81 must be provided or applied in accordance with Specification S45C3. For the building, where 5; and Geraldton; and 6846; and 6365 apply, 10 must be provided or applied in accordance with Specification S45C3. For the building, where 5; and Perth; and 11024; and 6084 apply, 0 must be provided or applied in accordance with Specification S45C3.",1,1,"","","NCC 2022 Vol1","",0,"","","false","","NCC2022_Volume1_Tables_ClauseStyle.txt","2022"
"Vol1","J9","J","Table S45C3_2","table","Table S45C3_2","For the building, where 5; and Williamtown; and 11713; and 2802 apply, 276 must be provided or applied in accordance with Specification S45C3. For the building, where 5; and Adelaide; and 13066; and 5132 apply, 0 must be provided or applied in accordance with Specification S45C3. For the building, where 5; and Sydney RO (Observatory Hill); and 7079; and 1466 apply, 129 must be provided or applied in accordance with Specification S45C3. For the building, where 5; and Bickley; and 15664; and 4015 apply, 34 must be provided or applied in accordance with Specification S45C3. For the building, where 5; and Swanbourne; and 6322; and 3332 apply, 63 must be provided or applied in accordance with Specification S45C3. For the building, where 5; and Ceduna; and 14061; and 5212 apply, 53 must be provided or applied in accordance with Specification S45C3. For the building, where 5; and Mandurah; and 6081; and 3131 apply, 2 must be provided or applied in accordance with Specification S45C3. For the building, where 5; and Esperance; and 11009; and 1884 apply, 0 must be provided or applied in accordance with Specification S45C3. For the building, where 5; and Manjimup; and 20910; and 2531 apply, 0 must be provided or applied in accordance with Specification S45C3. For the building, where 5; and Mascot (Sydney Airport); and 6357; and 1596 apply, 110 must be provided or applied in accordance with Specification S45C3. For the building, where 6; and Nowra; and 14813; and 2801 apply, 56 must be provided or applied in accordance with Specification S45C3. For the building, where 6; and Melbourne RO; and 14494; and 2416 apply, 0 must be provided or applied in accordance with Specification S45C3. For the building, where 6; and East Sale; and 27229; and 1259 apply, 0 must be provided or applied in accordance with Specification S45C3. For the building, where 6; and Katanning; and 21496; and 3566 apply, 14 must be provided or applied in accordance with Specification S45C3. For the building, where 6; and Forrest; and 15294; and 8410 apply, 14 must be provided or applied in accordance with Specification S45C3. For the building, where 6; and Albany; and 16131; and 932 apply, 0 must be provided or applied in accordance with Specification S45C3. For the building, where 6; and Mount Lofty; and 41095; and 1626 apply, 0 must be provided or applied in accordance with Specification S45C3. For the building, where 6; and Tullamarine (Melbourne Airport); and 23496; and 2764 apply, 0 must be provided or applied in accordance with Specification S45C3. For the building, where 6; and Mount Gambier; and 28496; and 2764 apply, 0 must be provided or applied in accordance with Specification S45C3. For the building, where 6; and Moorabbin; and 20249; and 2291 apply, 0 must be provided or applied in accordance with Specification S45C3. For the building, where 6; and Warnambool; and 27285; and 1406 apply, 1 must be provided or applied in accordance with Specification S45C3. For the building, where 6; and Cape Otway; and 19279; and 960 apply, 3 must be provided or applied in accordance with Specification S45C3. For the building, where 6; and Richmond; and 15607; and 3917 apply, 60 must be provided or applied in accordance with Specification S45C3. For the building, where 7; and Armidale; and 33374; and 1039 apply, 9 must be provided or applied in accordance with Specification S45C3. For the building, where 7; and Launceston (Ti Tree Bend); and 30952; and 833 apply, 0 must be provided or applied in accordance with Specification S45C3. For the building, where 7; and Canberra; and 35153; and 2863 apply, 0 must be provided or applied in accordance with Specification S45C3. For the building, where 7; and Cabramurra; and 65831; and 79 apply, 0 must be provided or applied in accordance with Specification S45C3. For the building, where 7; and Hobart; and 28542; and 451 apply, 0 must be provided or applied in accordance with Specification S45C3. For the building, where 7; and Orange; and 40325; and 1192 apply, 2 must be provided or applied in accordance with Specification S45C3. For the building, where 7; and Ballarat; and 37873; and 2585 apply, 2 must be provided or applied in accordance with Specification S45C3. For the building, where 7; and Low Head; and 26047; and 80 apply, 0 must be provided or applied in accordance with Specification S45C3. For the building, where 7; and Launceston Airport; and 39444; and 456 apply, 0 must be provided or applied in accordance with Specification S45C3. For the building, where 7; and Learmonth; and 1646; and 14048 apply, 958 must be provided or applied in accordance with Specification S45C3. For the building, where 8; and Thredbo(Village); and 61209; and 147 apply, 0 must be provided or applied in accordance with Specification S45C3.",1,1,"","","NCC 2022 Vol1","",0,"","","false","","NCC2022_Volume1_Tables_ClauseStyle.txt","2022"
"Vol1","J9","J","Table S45C3b","table","Table S45C3b","For the building, where Electricity: peak (kWh); and 1. 55; and 1. 53; and 1. 54; and 1. 53; and 1. 54; and 1. 55; and 1. 53 apply, 1. 54 must be provided or applied in accordance with Specification S45C3. For the building, where Electricity: shoulder (kWh); and 1. 00; and 1. 00; and 1. 00; and 1. 00; and 1. 00; and 1. 00; and 1. 00 apply, 1. 00 must be provided or applied in accordance with Specification S45C3. For the building, where Electricity: off-peak (kWh); and 0. 78; and 0. 79; and 0. 79; and 0. 79; and 0. 78; and 0. 78; and 0. 79 apply, 0. 79 must be provided or applied in accordance with Specification S45C3. For the building, where Electricity: cont. load (kWh); and 0. 68; and 0. 54; and 1. 11; and 0. 76; and 0. 62; and 0. 70; and 0. 82 apply, 0. 47 must be provided or applied in accordance with Specification S45C3. For the building, where Natural gas (MJ); and 0. 18; and 0. 14; and 0. 16; and 0. 24; and 0. 13; and 0. 21; and 0. 10 apply, 0. 16 must be provided or applied in accordance with Specification S45C3. For the building, where Electricity: PV export (kWh); and 0. 42; and 0. 39; and 1. 10; and 0. 51; and 0. 35; and 0. 50; and 0. 53 apply, 0. 29 must be provided or applied in accordance with Specification S45C3.",1,1,"","","NCC 2022 Vol1","",0,"","","false","","NCC2022_Volume1_Tables_ClauseStyle.txt","2022"
"Vol1","J9","J","Table S45C3c","table","Table S45C3c","For the building, where 1; and 24-1 apply, Off-peak must be provided or applied in accordance with Specification S45C3. For the building, where 2; and 1-2 apply, Off-peak must be provided or applied in accordance with Specification S45C3. For the building, where 3; and 2-3 apply, Off-peak must be provided or applied in accordance with Specification S45C3. For the building, where 4; and 3-4 apply, Off-peak must be provided or applied in accordance with Specification S45C3. For the building, where 5; and 4-5 apply, Off-peak must be provided or applied in accordance with Specification S45C3. For the building, where 6; and 5-6 apply, Off-peak must be provided or applied in accordance with Specification S45C3. For the building, where 7; and 6-7 apply, Off-peak must be provided or applied in accordance with Specification S45C3. For the building, where 8; and 7-8 apply, Peak must be provided or applied in accordance with Specification S45C3. For the building, where 9; and 8-9 apply, Peak must be provided or applied in accordance with Specification S45C3. For the building, where 10; and 9-10 apply, Shoulder must be provided or applied in accordance with Specification S45C3. For the building, where 11; and 10-11 apply, Shoulder must be provided or applied in accordance with Specification S45C3. For the building, where 12; and 11-12 apply, Shoulder must be provided or applied in accordance with Specification S45C3. For the building, where 13; and 12-13 apply, Shoulder must be provided or applied in accordance with Specification S45C3. For the building, where 14; and 13-14 apply, Shoulder must be provided or applied in accordance with Specification S45C3. For the building, where 15; and 14-15 apply, Shoulder must be provided or applied in accordance with Specification S45C3. For the building, where 16; and 15-16 apply, Shoulder must be provided or applied in accordance with Specification S45C3. For the building, where 17; and 16-17 apply, Peak must be provided or applied in accordance with Specification S45C3. For the building, where 18; and 17-18 apply, Peak must be provided or applied in accordance with Specification S45C3. For the building, where 19; and 18-19 apply, Peak must be provided or applied in accordance with Specification S45C3. For the building, where 20; and 19-20 apply, Peak must be provided or applied in accordance with Specification S45C3. For the building, where 21; and 20-21 apply, Shoulder must be provided or applied in accordance with Specification S45C3. For the building, where 22; and 21-22 apply, Shoulder must be provided or applied in accordance with Specification S45C3. For the building, where 23; and 22-23 apply, Off-peak must be provided or applied in accordance with Specification S45C3. For the building, where 24; and 23-24 apply, Off-peak must be provided or applied in accordance with Specification S45C3.",1,1,"","","NCC 2022 Vol1","",0,"","","false","","NCC2022_Volume1_Tables_ClauseStyle.txt","2022"
"Vol1","J9","J","Table S45C3d","table","Table S45C3d","For the building, where 100; and 41. 2; and 4. 0; and 4. 0; and 36. 2 apply, 4. 38 must be provided or applied in accordance with Specification S45C3. For the building, where > 100 to 125; and 44. 3; and 4. 0; and 4. 0; and 34. 7 apply, 3. 52 must be provided or applied in accordance with Specification S45C3. For the building, where > 125 to 150; and 47. 8; and 4. 0; and 4. 0; and 28. 9 apply, 2. 99 must be provided or applied in accordance with Specification S45C3. For the building, where > 150 to 175; and 51. 7; and 4. 0; and 4. 0; and 24. 8 apply, 2. 60 must be provided or applied in accordance with Specification S45C3. For the building, where > 175 to 200; and 55. 8; and 4. 0; and 4. 0; and 25. 3 apply, 2. 26 must be provided or applied in accordance with Specification S45C3. For the building, where > 200 to 225; and 60. 0; and 4. 0; and 4. 0; and 22. 5 apply, 2. 02 must be provided or applied in accordance with Specification S45C3. For the building, where > 225 to 250; and 64. 4; and 4. 0; and 4. 0; and 20. 2 apply, 1. 84 must be provided or applied in accordance with Specification S45C3. For the building, where > 250 to 275; and 68. 9; and 4. 0; and 4. 0; and 18. 4 apply, 1. 68 must be provided or applied in accordance with Specification S45C3. For the building, where > 275 to 300; and 73. 3; and 4. 0; and 4. 0; and 16. 9 apply, 1. 55 must be provided or applied in accordance with Specification S45C3. For the building, where > 300 to 325; and 77. 5; and 4. 0; and 4. 0; and 15. 6 apply, 1. 44 must be provided or applied in accordance with Specification S45C3. For the building, where > 325 to 350; and 81. 6; and 4. 0; and 4. 0; and 14. 5 apply, 1. 34 must be provided or applied in accordance with Specification S45C3. For the building, where > 350 to 375; and 85. 4; and 4. 0; and 4. 0; and 13. 5 apply, 1. 26 must be provided or applied in accordance with Specification S45C3. For the building, where > 375; and 89. 0; and 4. 0; and 4. 0; and 12. 7 apply, 1. 19 must be provided or applied in accordance with Specification S45C3.",1,1,"","","NCC 2022 Vol1","",0,"","","false","","NCC2022_Volume1_Tables_ClauseStyle.txt","2022"
"Vol1","J9","J","Table S45C3e","table","Table S45C3e","For the building, where 12: 00 am to 1: 00 am; and 0%; and 0% apply, 0% must be provided or applied in accordance with Specification S45C3. For the building, where 1: 00 am to 2: 00 am; and 0%; and 0% apply, 0% must be provided or applied in accordance with Specification S45C3. For the building, where 2: 00 am to 3: 00 am; and 0%; and 0% apply, 0% must be provided or applied in accordance with Specification S45C3. For the building, where 3: 00 am to 4: 00 am; and 0%; and 0% apply, 0% must be provided or applied in accordance with Specification S45C3. For the building, where 4: 00 am to 5: 00 am; and 0%; and 0% apply, 0% must be provided or applied in accordance with Specification S45C3. For the building, where 5: 00 am to 6: 00 am; and 0%; and 0% apply, 0% must be provided or applied in accordance with Specification S45C3. For the building, where 6: 00 am to 7: 00 am; and 5%; and 10% apply, 5% must be provided or applied in accordance with Specification S45C3. For the building, where 7: 00 am to 8: 00 am; and 5%; and 10% apply, 5% must be provided or applied in accordance with Specification S45C3. For the building, where 8: 00 am to 9: 00 am; and 0%; and 0% apply, 0% must be provided or applied in accordance with Specification S45C3. For the building, where 9: 00 am to 10: 00 am; and 0%; and 0% apply, 0% must be provided or applied in accordance with Specification S45C3. For the building, where 10: 00 am to 11: 00 am; and 0%; and 0% apply, 0% must be provided or applied in accordance with Specification S45C3. For the building, where 11: 00 am to 12: 00 pm; and 0%; and 0% apply, 0% must be provided or applied in accordance with Specification S45C3. For the building, where 12: 00 pm to 1: 00 pm; and 0%; and 0% apply, 0% must be provided or applied in accordance with Specification S45C3. For the building, where 1: 00 pm to 2: 00 pm; and 0%; and 0% apply, 0% must be provided or applied in accordance with Specification S45C3. For the building, where 2: 00 pm to 3: 00 pm; and 0%; and 0% apply, 0% must be provided or applied in accordance with Specification S45C3. For the building, where 3: 00 pm to 4: 00 pm; and 0%; and 0% apply, 0% must be provided or applied in accordance with Specification S45C3. For the building, where 4: 00 pm to 5: 00 pm; and 5%; and 5% apply, 5% must be provided or applied in accordance with Specification S45C3. For the building, where 5: 00 pm to 6: 00 pm; and 15%; and 20% apply, 20% must be provided or applied in accordance with Specification S45C3. For the building, where 6: 00 pm to 7: 00 pm; and 25%; and 30% apply, 25% must be provided or applied in accordance with Specification S45C3. For the building, where 7: 00 pm to 8: 00 pm; and 30%; and 35% apply, 30% must be provided or applied in accordance with Specification S45C3. For the building, where 8: 00 pm to 9: 00 pm; and 25%; and 30% apply, 30% must be provided or applied in accordance with Specification S45C3. For the building, where 9: 00 pm to 10: 00 pm; and 20%; and 25% apply, 25% must be provided or applied in accordance with Specification S45C3.",1,1,"","","NCC 2022 Vol1","",0,"","","false","","NCC2022_Volume1_Tables_ClauseStyle.txt","2022"
"Vol1","J9","J","Table S45C3_7","table","Table S45C3_7","For the building, where 10: 00 pm to 11: 00 pm; and 10%; and 15% apply, 15% must be provided or applied in accordance with Specification S45C3. For the building, where 11: 00 pm to 12: 00 am; and 0%; and 0% apply, 0% must be provided or applied in accordance with Specification S45C3.",1,1,"","","NCC 2022 Vol1","",0,"","","false","","NCC2022_Volume1_Tables_ClauseStyle.txt","2022"
"Vol1","J9","J","Table S45C3f","table","Table S45C3f","For the building, where 12: 00 am to 1: 00 am; and 0%; and 0% apply, 0% must be provided or applied in accordance with Specification S45C3. For the building, where 1: 00 am to 2: 00 am; and 0%; and 0% apply, 0% must be provided or applied in accordance with Specification S45C3. For the building, where 2: 00 am to 3: 00 am; and 0%; and 0% apply, 0% must be provided or applied in accordance with Specification S45C3. For the building, where 3: 00 am to 4: 00 am; and 0%; and 0% apply, 0% must be provided or applied in accordance with Specification S45C3. For the building, where 4: 00 am to 5: 00 am; and 0%; and 0% apply, 0% must be provided or applied in accordance with Specification S45C3. For the building, where 5: 00 am to 6: 00 am; and 0%; and 0% apply, 0% must be provided or applied in accordance with Specification S45C3. For the building, where 6: 00 am to 7: 00 am; and 5%; and 10% apply, 5% must be provided or applied in accordance with Specification S45C3. For the building, where 7: 00 am to 8: 00 am; and 5%; and 10% apply, 5% must be provided or applied in accordance with Specification S45C3. For the building, where 8: 00 am to 9: 00 am; and 0%; and 0% apply, 0% must be provided or applied in accordance with Specification S45C3. For the building, where 9: 00 am to 10: 00 am; and 0%; and 0% apply, 0% must be provided or applied in accordance with Specification S45C3. For the building, where 10: 00 am to 11: 00 am; and 0%; and 0% apply, 0% must be provided or applied in accordance with Specification S45C3. For the building, where 11: 00 am to 12: 00 pm; and 0%; and 0% apply, 0% must be provided or applied in accordance with Specification S45C3. For the building, where 12: 00 pm to 1: 00 pm; and 0%; and 0% apply, 0% must be provided or applied in accordance with Specification S45C3. For the building, where 1: 00 pm to 2: 00 pm; and 0%; and 0% apply, 0% must be provided or applied in accordance with Specification S45C3. For the building, where 2: 00 pm to 3: 00 pm; and 0%; and 0% apply, 0% must be provided or applied in accordance with Specification S45C3. For the building, where 3: 00 pm to 4: 00 pm; and 0%; and 0% apply, 0% must be provided or applied in accordance with Specification S45C3. For the building, where 4: 00 pm to 5: 00 pm; and 0%; and 0% apply, 0% must be provided or applied in accordance with Specification S45C3. For the building, where 5: 00 pm to 6: 00 pm; and 15%; and 20% apply, 20% must be provided or applied in accordance with Specification S45C3. For the building, where 6: 00 pm to 7: 00 pm; and 25%; and 30% apply, 25% must be provided or applied in accordance with Specification S45C3. For the building, where 7: 00 pm to 8: 00 pm; and 30%; and 35% apply, 30% must be provided or applied in accordance with Specification S45C3. For the building, where 8: 00 pm to 9: 00 pm; and 25%; and 30% apply, 30% must be provided or applied in accordance with Specification S45C3. For the building, where 9: 00 pm to 10: 00 pm; and 20%; and 25% apply, 25% must be provided or applied in accordance with Specification S45C3. For the building, where 10: 00 pm to 11: 00 pm; and 10%; and 15% apply, 10% must be provided or applied in accordance with Specification S45C3. For the building, where 11: 00 pm to 12: 00 am; and 0%; and 0% apply, 0% must be provided or applied in accordance with Specification S45C3.",1,1,"","","NCC 2022 Vol1","",0,"","","false","","NCC2022_Volume1_Tables_ClauseStyle.txt","2022"
"Vol1","J9","J","Table S45C3g","table","Table S45C3g","For the building, where 12: 00 am to 1: 00 am; and 0%; and 0% apply, 0% must be provided or applied in accordance with Specification S45C3. For the building, where 1: 00 am to 2: 00 am; and 0%; and 0% apply, 0% must be provided or applied in accordance with Specification S45C3. For the building, where 2: 00 am to 3: 00 am; and 0%; and 0% apply, 0% must be provided or applied in accordance with Specification S45C3. For the building, where 3: 00 am to 4: 00 am; and 0%; and 0% apply, 0% must be provided or applied in accordance with Specification S45C3. For the building, where 4: 00 am to 5: 00 am; and 0%; and 0% apply, 0% must be provided or applied in accordance with Specification S45C3. For the building, where 5: 00 am to 6: 00 am; and 0%; and 0% apply, 0% must be provided or applied in accordance with Specification S45C3. For the building, where 6: 00 am to 7: 00 am; and 0%; and 0% apply, 0% must be provided or applied in accordance with Specification S45C3. For the building, where 7: 00 am to 8: 00 am; and 5%; and 5% apply, 5% must be provided or applied in accordance with Specification S45C3. For the building, where 8: 00 am to 9: 00 am; and 10%; and 10% apply, 10% must be provided or applied in accordance with Specification S45C3.",1,1,"","","NCC 2022 Vol1","",0,"","","false","","NCC2022_Volume1_Tables_ClauseStyle.txt","2022"
"Vol1","J9","J","Table S45C3_10","table","Table S45C3_10","For the building, where 9: 00 am to 10: 00 am; and 15%; and 15% apply, 15% must be provided or applied in accordance with Specification S45C3. For the building, where 10: 00 am to 11: 00 am; and 10%; and 15% apply, 10% must be provided or applied in accordance with Specification S45C3. For the building, where 11: 00 am to 12: 00 pm; and 15%; and 15% apply, 15% must be provided or applied in accordance with Specification S45C3. For the building, where 12: 00 pm to 1: 00 pm; and 15%; and 20% apply, 20% must be provided or applied in accordance with Specification S45C3. For the building, where 1: 00 pm to 2: 00 pm; and 15%; and 25% apply, 20% must be provided or applied in accordance with Specification S45C3. For the building, where 2: 00 pm to 3: 00 pm; and 15%; and 20% apply, 20% must be provided or applied in accordance with Specification S45C3. For the building, where 3: 00 pm to 4: 00 pm; and 15%; and 15% apply, 15% must be provided or applied in accordance with Specification S45C3. For the building, where 4: 00 pm to 5: 00 pm; and 20%; and 25% apply, 20% must be provided or applied in accordance with Specification S45C3. For the building, where 5: 00 pm to 6: 00 pm; and 30%; and 50% apply, 40% must be provided or applied in accordance with Specification S45C3. For the building, where 6: 00 pm to 7: 00 pm; and 60%; and 100% apply, 80% must be provided or applied in accordance with Specification S45C3. For the building, where 7: 00 pm to 8: 00 pm; and 70%; and 90% apply, 80% must be provided or applied in accordance with Specification S45C3. For the building, where 8: 00 pm to 9: 00 pm; and 40%; and 40% apply, 40% must be provided or applied in accordance with Specification S45C3. For the building, where 9: 00 pm to 10: 00 pm; and 20%; and 20% apply, 20% must be provided or applied in accordance with Specification S45C3. For the building, where 10: 00 pm to 11: 00 pm; and 10%; and 10% apply, 10% must be provided or applied in accordance with Specification S45C3. For the building, where 11: 00 pm to 12: 00 am; and 5%; and 5% apply, 5% must be provided or applied in accordance with Specification S45C3.",1,1,"","","NCC 2022 Vol1","",0,"","","false","","NCC2022_Volume1_Tables_ClauseStyle.txt","2022"
"Vol1","J9","J","Table S45C3h","table","Table S45C3h","For the building, where 12: 00 am to 1: 00 am; and 45%; and 45% apply, 45% must be provided or applied in accordance with Specification S45C3. For the building, where 1: 00 am to 2: 00 am; and 40%; and 40% apply, 40% must be provided or applied in accordance with Specification S45C3. For the building, where 2: 00 am to 3: 00 am; and 35%; and 40% apply, 35% must be provided or applied in accordance with Specification S45C3. For the building, where 3: 00 am to 4: 00 am; and 35%; and 40% apply, 35% must be provided or applied in accordance with Specification S45C3. For the building, where 4: 00 am to 5: 00 am; and 35%; and 40% apply, 35% must be provided or applied in accordance with Specification S45C3. For the building, where 5: 00 am to 6: 00 am; and 40%; and 40% apply, 40% must be provided or applied in accordance with Specification S45C3. For the building, where 6: 00 am to 7: 00 am; and 50%; and 55% apply, 50% must be provided or applied in accordance with Specification S45C3. For the building, where 7: 00 am to 8: 00 am; and 60%; and 75% apply, 65% must be provided or applied in accordance with Specification S45C3. For the building, where 8: 00 am to 9: 00 am; and 50%; and 55% apply, 50% must be provided or applied in accordance with Specification S45C3. For the building, where 9: 00 am to 10: 00 am; and 45%; and 50% apply, 50% must be provided or applied in accordance with Specification S45C3. For the building, where 10: 00am to 11: 00 am; and 45%; and 55% apply, 50% must be provided or applied in accordance with Specification S45C3. For the building, where 11: 00 am to 12: 00 pm; and 45%; and 50% apply, 45% must be provided or applied in accordance with Specification S45C3. For the building, where 12: 00 pm to 1: 00 pm; and 45%; and 50% apply, 45% must be provided or applied in accordance with Specification S45C3. For the building, where 1: 00 pm to 2: 00 pm; and 45%; and 50% apply, 45% must be provided or applied in accordance with Specification S45C3. For the building, where 2: 00 pm to 3: 00 pm; and 45%; and 50% apply, 45% must be provided or applied in accordance with Specification S45C3. For the building, where 3: 00 pm to 4: 00 pm; and 45%; and 50% apply, 45% must be provided or applied in accordance with Specification S45C3. For the building, where 4: 00 pm to 5: 00 pm; and 70%; and 85% apply, 75% must be provided or applied in accordance with Specification S45C3. For the building, where 5: 00 pm to 6: 00 pm; and 85%; and 100% apply, 90% must be provided or applied in accordance with Specification S45C3. For the building, where 6: 00 pm to 7: 00 pm; and 75%; and 85% apply, 80% must be provided or applied in accordance with Specification S45C3. For the building, where 7: 00 pm to 8: 00 pm; and 60%; and 70% apply, 65% must be provided or applied in accordance with Specification S45C3. For the building, where 8: 00 pm to 9: 00 pm; and 65%; and 75% apply, 70% must be provided or applied in accordance with Specification S45C3. For the building, where 9: 00 pm to 10: 00 pm; and 60%; and 70% apply, 65% must be provided or applied in accordance with Specification S45C3. For the building, where 10: 00 pm to 11: 00 pm; and 55%; and 60% apply, 55% must be provided or applied in accordance with Specification S45C3. For the building, where 11: 00 pm to 12: 00 am; and 50%; and 55% apply, 50% must be provided or applied in accordance with Specification S45C3.",1,1,"","","NCC 2022 Vol1","",0,"","","false","","NCC2022_Volume1_Tables_ClauseStyle.txt","2022"
"Vol1","J9","J","Table S45C3i","table","Table S45C3i","For the building, where 12: 00 am to 1: 00 am; and 0% apply, 0% must be provided or applied in accordance with Specification S45C3. For the building, where 1: 00 am to 2: 00 am; and 0% apply, 0% must be provided or applied in accordance with Specification S45C3. For the building, where 2: 00 am to 3: 00 am; and 0% apply, 0% must be provided or applied in accordance with Specification S45C3. For the building, where 3: 00 am to 4: 00 am; and 0% apply, 0% must be provided or applied in accordance with Specification S45C3. For the building, where 4: 00 am to 5: 00 am; and 0% apply, 0% must be provided or applied in accordance with Specification S45C3. For the building, where 5: 00 am to 6: 00 am; and 0% apply, 0% must be provided or applied in accordance with Specification S45C3. For the building, where 6: 00 am to 7: 00 am; and 30% apply, 30% must be provided or applied in accordance with Specification S45C3. For the building, where 7: 00 am to 8: 00 am; and 30% apply, 30% must be provided or applied in accordance with Specification S45C3. For the building, where 8: 00 am to 9: 00 am; and 100% apply, 30% must be provided or applied in accordance with Specification S45C3. For the building, where 9: 00 am to 10: 00 am; and 100% apply, 100% must be provided or applied in accordance with Specification S45C3. For the building, where 10: 00 am to 11: 00 am; and 50% apply, 100% must be provided or applied in accordance with Specification S45C3. For the building, where 11: 00 am to 12: 00 pm; and 50% apply, 100% must be provided or applied in accordance with Specification S45C3. For the building, where 12: 00 pm to 1: 00 pm; and 50% apply, 100% must be provided or applied in accordance with Specification S45C3. For the building, where 1: 00 pm to 2: 00 pm; and 50% apply, 50% must be provided or applied in accordance with Specification S45C3. For the building, where 2: 00 pm to 3: 00 pm; and 50% apply, 50% must be provided or applied in accordance with Specification S45C3. For the building, where 3: 00 pm to 4: 00 pm; and 50% apply, 50% must be provided or applied in accordance with Specification S45C3. For the building, where 4: 00 pm to 5: 00 pm; and 100% apply, 50% must be provided or applied in accordance with Specification S45C3. For the building, where 5: 00 pm to 6: 00 pm; and 100% apply, 50% must be provided or applied in accordance with Specification S45C3. For the building, where 6: 00 pm to 7: 00 pm; and 100% apply, 100% must be provided or applied in accordance with Specification S45C3. For the building, where 7: 00 pm to 8: 00 pm; and 100% apply, 100% must be provided or applied in accordance with Specification S45C3. For the building, where 8: 00 pm to 9: 00 pm; and 100% apply, 100% must be provided or applied in accordance with Specification S45C3. For the building, where 9: 00 pm to 10: 00 pm; and 30% apply, 100% must be provided or applied in accordance with Specification S45C3. For the building, where 10: 00 pm to 11: 00 pm; and 30% apply, 30% must be provided or applied in accordance with Specification S45C3. For the building, where 11: 00 pm to 12: 00 am; and 0% apply, 0% must be provided or applied in accordance with Specification S45C3.",1,1,"","","NCC 2022 Vol1","",0,"","","false","","NCC2022_Volume1_Tables_ClauseStyle.txt","2022"
"Vol1","J9","J","Table S45C3j","table","Table S45C3j","For the building, where 12: 00 am to 1: 00 am applies, Off must be provided or applied in accordance with Specification S45C3. For the building, where 1: 00 am to 2: 00 am applies, Off must be provided or applied in accordance with Specification S45C3. For the building, where 2: 00 am to 3: 00 am applies, Off must be provided or applied in accordance with Specification S45C3. For the building, where 3: 00 am to 4: 00 am applies, Off must be provided or applied in accordance with Specification S45C3. For the building, where 4: 00 am to 5: 00 am applies, Off must be provided or applied in accordance with Specification S45C3. For the building, where 5: 00 am to 6: 00 am applies, Off must be provided or applied in accordance with Specification S45C3. For the building, where 6: 00 am to 7: 00 am applies, On must be provided or applied in accordance with Specification S45C3. For the building, where 7: 00 am to 8: 00 am applies, On must be provided or applied in accordance with Specification S45C3. For the building, where 8: 00 am to 9: 00 am applies, On must be provided or applied in accordance with Specification S45C3. For the building, where 9: 00 am to 10: 00 am applies, On must be provided or applied in accordance with Specification S45C3. For the building, where 10: 00 am to 11: 00 am applies, On must be provided or applied in accordance with Specification S45C3. For the building, where 11: 00 am to 12: 00 pm applies, On must be provided or applied in accordance with Specification S45C3. For the building, where 12: 00 pm to 1: 00 pm applies, On must be provided or applied in accordance with Specification S45C3. For the building, where 1: 00 pm to 2: 00 pm applies, On must be provided or applied in accordance with Specification S45C3. For the building, where 2: 00 pm to 3: 00 pm applies, On must be provided or applied in accordance with Specification S45C3.",1,1,"","","NCC 2022 Vol1","",0,"","","false","","NCC2022_Volume1_Tables_ClauseStyle.txt","2022"
"Vol1","J9","J","Table S45C3_14","table","Table S45C3_14","For the building, where 3: 00 pm to 4: 00 pm applies, On must be provided or applied in accordance with Specification S45C3. For the building, where 4: 00 pm to 5: 00 pm applies, On must be provided or applied in accordance with Specification S45C3. For the building, where 5: 00 pm to 6: 00 pm applies, On must be provided or applied in accordance with Specification S45C3. For the building, where 6: 00 pm to 7: 00 pm applies, On must be provided or applied in accordance with Specification S45C3. For the building, where 7: 00 pm to 8: 00 pm applies, On must be provided or applied in accordance with Specification S45C3. For the building, where 8: 00 pm to 9: 00 pm applies, On must be provided or applied in accordance with Specification S45C3. For the building, where 9: 00 pm to 10: 00 pm applies, On must be provided or applied in accordance with Specification S45C3. For the building, where 10: 00 pm to 11: 00 pm applies, On must be provided or applied in accordance with Specification S45C3. For the building, where 11: 00 pm to 12: 00 am applies, Off must be provided or applied in accordance with Specification S45C3.",1,1,"","","NCC 2022 Vol1","",0,"","","false","","NCC2022_Volume1_Tables_ClauseStyle.txt","2022"
"Vol1","J9","J","Table S45C3k","table","Table S45C3k","For the building, where 12: 00 am to 1: 00 am; and 100% apply, 100% must be provided or applied in accordance with Specification S45C3. For the building, where 1: 00 am to 2: 00 am; and 100% apply, 100% must be provided or applied in accordance with Specification S45C3. For the building, where 2: 00 am to 3: 00 am; and 100% apply, 100% must be provided or applied in accordance with Specification S45C3. For the building, where 3: 00 am to 4: 00 am; and 100% apply, 100% must be provided or applied in accordance with Specification S45C3. For the building, where 4: 00 am to 5: 00 am; and 100% apply, 100% must be provided or applied in accordance with Specification S45C3. For the building, where 5: 00 am to 6: 00 am; and 100% apply, 100% must be provided or applied in accordance with Specification S45C3. For the building, where 6: 00 am to 7: 00 am; and 50% apply, 50% must be provided or applied in accordance with Specification S45C3. For the building, where 7: 00 am to 8: 00 am; and 50% apply, 50% must be provided or applied in accordance with Specification S45C3. For the building, where 8: 00 am to 9: 00 am; and 50% apply, 50% must be provided or applied in accordance with Specification S45C3. For the building, where 9: 00 am to 10: 00 am; and 0% apply, 0% must be provided or applied in accordance with Specification S45C3. For the building, where 10: 00 am to 11: 00 am; and 0% apply, 0% must be provided or applied in accordance with Specification S45C3. For the building, where 11: 00 am to 12: 00 pm; and 0% apply, 0% must be provided or applied in accordance with Specification S45C3. For the building, where 12: 00 pm to 1: 00 pm; and 0% apply, 0% must be provided or applied in accordance with Specification S45C3. For the building, where 1: 00 pm to 2: 00 pm; and 0% apply, 0% must be provided or applied in accordance with Specification S45C3. For the building, where 2: 00 pm to 3: 00 pm; and 0% apply, 0% must be provided or applied in accordance with Specification S45C3. For the building, where 3: 00 pm to 4: 00 pm; and 0% apply, 0% must be provided or applied in accordance with Specification S45C3. For the building, where 4: 00 pm to 5: 00 pm; and 0% apply, 0% must be provided or applied in accordance with Specification S45C3. For the building, where 5: 00 pm to 6: 00 pm; and 0% apply, 0% must be provided or applied in accordance with Specification S45C3. For the building, where 6: 00 pm to 7: 00 pm; and 50% apply, 50% must be provided or applied in accordance with Specification S45C3. For the building, where 7: 00 pm to 8: 00 pm; and 50% apply, 50% must be provided or applied in accordance with Specification S45C3. For the building, where 8: 00 pm to 9: 00 pm; and 50% apply, 50% must be provided or applied in accordance with Specification S45C3. For the building, where 9: 00 pm to 10: 00 pm; and 100% apply, 100% must be provided or applied in accordance with Specification S45C3. For the building, where 10: 00 pm to 11: 00 pm; and 100% apply, 100% must be provided or applied in accordance with Specification S45C3. For the building, where 11: 00 pm to 12: 00 am; and 100% apply, 100% must be provided or applied in accordance with Specification S45C3.",1,1,"","","NCC 2022 Vol1","",0,"","","false","","NCC2022_Volume1_Tables_ClauseStyle.txt","2022"
"Vol1","J9","J","Table S45C3l","table","Table S45C3l","For the building, where 12: 00 am to 1: 00 am applies, On must be provided or applied in accordance with Specification S45C3.",1,1,"","","NCC 2022 Vol1","",0,"","","false","","NCC2022_Volume1_Tables_ClauseStyle.txt","2022"
"Vol1","J9","J","Table S45C3_17","table","Table S45C3_17","For the building, where 1: 00 am to 2: 00 am applies, On must be provided or applied in accordance with Specification S45C3. For the building, where 2: 00 am to 3: 00 am applies, On must be provided or applied in accordance with Specification S45C3. For the building, where 3: 00 am to 4: 00 am applies, On must be provided or applied in accordance with Specification S45C3. For the building, where 4: 00 am to 5: 00 am applies, On must be provided or applied in accordance with Specification S45C3. For the building, where 5: 00 am to 6: 00 am applies, On must be provided or applied in accordance with Specification S45C3. For the building, where 6: 00 am to 7: 00 am applies, On must be provided or applied in accordance with Specification S45C3. For the building, where 7: 00 am to 8: 00 am applies, On must be provided or applied in accordance with Specification S45C3. For the building, where 8: 00 am to 9: 00 am applies, On must be provided or applied in accordance with Specification S45C3. For the building, where 9: 00 am to 10: 00 am applies, Off must be provided or applied in accordance with Specification S45C3. For the building, where 10: 00 am to 11: 00 am applies, Off must be provided or applied in accordance with Specification S45C3. For the building, where 11: 00 am to 12: 00 pm applies, Off must be provided or applied in accordance with Specification S45C3. For the building, where 12: 00 pm to 1: 00 pm applies, Off must be provided or applied in accordance with Specification S45C3. For the building, where 1: 00 pm to 2: 00 pm applies, Off must be provided or applied in accordance with Specification S45C3. For the building, where 2: 00 pm to 3: 00 pm applies, Off must be provided or applied in accordance with Specification S45C3. For the building, where 3: 00 pm to 4: 00 pm applies, Off must be provided or applied in accordance with Specification S45C3. For the building, where 4: 00 pm to 5: 00 pm applies, Off must be provided or applied in accordance with Specification S45C3. For the building, where 5: 00 pm to 6: 00 pm applies, Off must be provided or applied in accordance with Specification S45C3. For the building, where 6: 00 pm to 7: 00 pm applies, On must be provided or applied in accordance with Specification S45C3. For the building, where 7: 00 pm to 8: 00 pm applies, On must be provided or applied in accordance with Specification S45C3. For the building, where 8: 00 pm to 9: 00 pm applies, On must be provided or applied in accordance with Specification S45C3. For the building, where 9: 00 pm to 10: 00 pm applies, On must be provided or applied in accordance with Specification S45C3. For the building, where 10: 00 pm to 11: 00 pm applies, On must be provided or applied in accordance with Specification S45C3. For the building, where 11: 00 pm to 12: 00 am applies, On must be provided or applied in accordance with Specification S45C3.",1,1,"","","NCC 2022 Vol1","",0,"","","false","","NCC2022_Volume1_Tables_ClauseStyle.txt","2022"
"Vol1","J9","J","Table S45C3m","table","Table S45C3m","For the building, where Any windowwith restricted opening due to safety requirements applies, 10% must be provided or applied in accordance with Specification S45C3. For the building, where Sliding and double hung apply, 45% must be provided or applied in accordance with Specification S45C3. For the building, where Casement, awning, louvre, bi-fold, pivot, tilt and turn and French apply, 90% must be provided or applied in accordance with Specification S45C3.",1,1,"","","NCC 2022 Vol1","",0,"","","false","","NCC2022_Volume1_Tables_ClauseStyle.txt","2022"
"Vol1","J9","J","Table S45C3n","table","Table S45C3n","For the building, where Exposure type; and Faade component; and 0; and 45; and 90; and 135 apply, 180 must be provided or applied in accordance with Specification S45C3. For the building, where Exposed; and Wall; and 0. 70; and 035; and -0. 50; and -0. 40 apply, -0. 20 must be provided or applied in accordance with Specification S45C3. For the building, where Exposed; and Roof pitch < 10 degrees; and -0. 80; and -0. 70; and -0. 60; and -0. 50 apply, -0. 40 must be provided or applied in accordance with Specification S45C3. For the building, where Exposed; and Roof pitch 10 to 30 degrees; and -0. 40; and -0. 50; and -0. 60; and -0. 50 apply, -0. 40 must be provided or applied in accordance with Specification S45C3.",1,1,"","","NCC 2022 Vol1","",0,"","","false","","NCC2022_Volume1_Tables_ClauseStyle.txt","2022"
"Vol1","J9","J","Table S45C3_20","table","Table S45C3_20","For the building, where Exposure type; and Faade component; and 0; and 45; and 90; and 135 apply, 180 must be provided or applied in accordance with Specification S45C3. For the building, where Roof pitch > 30 degrees; and 0. 30; and -0. 40; and -0. 60; and -0. 40 apply, -0. 50 must be provided or applied in accordance with Specification S45C3. For the building, where Semi-exposed; and Wall; and 0. 40; and 0. 10; and -0. 30; and -0. 35 apply, -0. 20 must be provided or applied in accordance with Specification S45C3. For the building, where Semi-exposed; and Roof pitch < 10 degrees; and -0. 60; and -0. 50; and -0. 40; and -0. 50 apply, -0. 60 must be provided or applied in accordance with Specification S45C3. For the building, where Semi-exposed; and Roof pitch 10 to 30 degrees; and -0. 35; and -0. 45; and -0. 55; and -0. 45 apply, -0. 35 must be provided or applied in accordance with Specification S45C3. For the building, where Semi-exposed; and Roof pitch > 30 degrees; and 0. 30; and -0. 50; and -0. 60; and -0. 50 apply, -0. 50 must be provided or applied in accordance with Specification S45C3. For the building, where Sheltered; and Wall; and 0. 20; and 0. 05; and -0. 25; and -0. 30 apply, -0. 25 must be provided or applied in accordance with Specification S45C3. For the building, where Sheltered; and Roof pitch < 10 degrees; and -0. 50; and -0. 50; and -0. 40; and -0. 50 apply, -0. 50 must be provided or applied in accordance with Specification S45C3. For the building, where Sheltered; and Roof pitch 10 to 30 degrees; and -0. 30; and -0. 40; and -0. 50; and -0. 40 apply, -0. 30 must be provided or applied in accordance with Specification S45C3. For the building, where Sheltered; and Roof pitch > 30 degrees; and 0. 25; and -0. 30; and -0. 50; and -0. 30 apply, -0. 40 must be provided or applied in accordance with Specification S45C3.",1,1,"","","NCC 2022 Vol1","",0,"","","false","","NCC2022_Volume1_Tables_ClauseStyle.txt","2022"
"Vol1","J9","J","Table S45C3o","table","Table S45C3o","For the building, where Exposure type; and Faade component; and 0; and 45; and 90; and 135 apply, 180 must be provided or applied in accordance with Specification S45C3. For the building, where Exposed; and Wall h/H = 0. 0; and 0. 30; and 0. 22; and -0. 23; and -0. 43 apply, -0. 24 must be provided or applied in accordance with Specification S45C3. For the building, where Exposed; and Wall h/H = 0. 2; and 0. 32; and 0. 22; and -0. 43; and -0. 44 apply, -0. 25 must be provided or applied in accordance with Specification S45C3. For the building, where Exposed; and Wall h/H = 0. 4; and 0. 39; and 0. 16; and -0. 56; and -0. 43 apply, -0. 27 must be provided or applied in accordance with Specification S45C3. For the building, where Exposed; and Wall h/H = 0. 6; and 0. 55; and 0. 24; and -0. 62; and -0. 41 apply, -0. 29 must be provided or applied in accordance with Specification S45C3. For the building, where Exposed; and Wall h/H = 0. 8; and 0. 65; and 0. 32; and -0. 65; and -0. 39 apply, -0. 28 must be provided or applied in accordance with Specification S45C3. For the building, where Exposed; and Wall h/H = 1. 0; and 0. 40; and 0. 15; and -0. 65; and -0. 38 apply, -0. 26 must be provided or applied in accordance with Specification S45C3. For the building, where Exposed; and Flat roof h/H = 0. 0; and -0. 23; and -0. 23; and -0. 23; and -0. 23 apply, -0. 23 must be provided or applied in accordance with Specification S45C3. For the building, where Exposed; and Flat roof h/H = 0. 2; and -0. 43; and -0. 43; and -0. 43; and -0. 43 apply, -0. 43 must be provided or applied in accordance with Specification S45C3. For the building, where Exposed; and Flat roof h/H = 0. 4; and -0. 56; and -0. 56; and -0. 56; and -0. 56 apply, -0. 56 must be provided or applied in accordance with Specification S45C3. For the building, where Exposed; and Flat roof h/H = 0. 6; and -0. 62; and -0. 62; and -0. 62; and -0. 62 apply, -0. 62 must be provided or applied in accordance with Specification S45C3. For the building, where Exposed; and Flat roof h/H = 0. 8; and -0. 65; and -0. 65; and -0. 65; and -0. 65 apply, -0. 65 must be provided or applied in accordance with Specification S45C3. For the building, where Exposed; and Flat roof h/H = 1. 0; and -0. 65; and -0. 65; and -0. 65; and -0. 65 apply, -0. 65 must be provided or applied in accordance with Specification S45C3.",1,1,"","","NCC 2022 Vol1","",0,"","","false","","NCC2022_Volume1_Tables_ClauseStyle.txt","2022"
"Vol1","J9","J","Table S45C3_22","table","Table S45C3_22","For the building, where Exposure type; and Faade component; and 0; and 45; and 90; and 135 apply, 180 must be provided or applied in accordance with Specification S45C3. For the building, where Semi-exposed; and Wall h/H = 0. 0; and 0. 19; and 0. 08; and -0. 15; and -0. 28 apply, -0. 15 must be provided or applied in accordance with Specification S45C3. For the building, where Semi-exposed; and Wall h/H = 0. 2; and 0. 20; and 0. 08; and -0. 28; and -0. 29 apply, -0. 16 must be provided or applied in accordance with Specification S45C3. For the building, where Semi-exposed; and Wall h/H = 0. 4; and 0. 25; and 0. 10; and -0. 36; and -0. 28 apply, -0. 18 must be provided or applied in accordance with Specification S45C3. For the building, where Semi-exposed; and Wall h/H = 0. 6; and 0. 36; and 0. 16; and -0. 40; and -0. 27 apply, -0. 19 must be provided or applied in accordance with Specification S45C3. For the building, where Semi-exposed; and Wall h/H = 0. 8; and 0. 42; and 0. 20; and -0. 42; and -0. 25 apply, -0. 18 must be provided or applied in accordance with Specification S45C3. For the building, where Semi-exposed; and Wall h/H = 1. 0; and 0. 26; and 0. 10; and -0. 42; and -0. 25 apply, -0. 17 must be provided or applied in accordance with Specification S45C3. For the building, where Semi-exposed; and Flat roof h/H = 0. 0; and -0. 15; and -0. 15; and -0. 15; and -0. 15 apply, -0. 15 must be provided or applied in accordance with Specification S45C3. For the building, where Semi-exposed; and Flat roof h/H = 0. 2; and -0. 28; and -0. 28; and -0. 28; and -0. 28 apply, -0. 28 must be provided or applied in accordance with Specification S45C3. For the building, where Semi-exposed; and Flat roof h/H = 0. 4; and -0. 36; and -0. 36; and -0. 36; and -0. 36 apply, -0. 36 must be provided or applied in accordance with Specification S45C3. For the building, where Semi-exposed; and Flat roof h/H = 0. 6; and -0. 40; and -0. 40; and -0. 40; and -0. 40 apply, -0. 40 must be provided or applied in accordance with Specification S45C3. For the building, where Semi-exposed; and Flat roof h/H = 0. 8; and -0. 42; and -0. 42; and -0. 42; and -0. 42 apply, -0. 42 must be provided or applied in accordance with Specification S45C3. For the building, where Semi-exposed; and Flat roof h/H = 1. 0; and -0. 42; and -0. 42; and -0. 42; and -0. 42 apply, -0. 42 must be provided or applied in accordance with Specification S45C3. For the building, where Sheltered; and Wall h/H = 0. 0; and 0. 10; and 0. 04; and -0. 08; and -0. 15 apply, -0. 08 must be provided or applied in accordance with Specification S45C3. For the building, where Sheltered; and Wall h/H = 0. 2; and 0. 11; and 0. 04; and -0. 15; and -0. 15 apply, -0. 08 must be provided or applied in accordance with Specification S45C3. For the building, where Sheltered; and Wall h/H = 0. 4; and 0. 13; and 0. 05; and -0. 19; and -0. 15 apply, -0. 09 must be provided or applied in accordance with Specification S45C3. For the building, where Sheltered; and Wall h/H = 0. 6; and 0. 19; and 0. 08; and -0. 21; and -0. 14 apply, -0. 10 must be provided or applied in accordance with Specification S45C3. For the building, where Sheltered; and Wall h/H = 0. 8; and 0. 22; and 0. 11; and -0. 22; and -0. 13 apply, -0. 09 must be provided or applied in accordance with Specification S45C3. For the building, where Sheltered; and Wall h/H = 1. 0; and 0. 32; and 0. 05; and -0. 22; and -0. 13 apply, -0. 09 must be provided or applied in accordance with Specification S45C3. For the building, where Sheltered; and Flat roof h/H = 0. 0; and -0. 08; and -0. 08; and -0. 08; and -0. 08 apply, -0. 08 must be provided or applied in accordance with Specification S45C3. For the building, where Sheltered; and Flat roof h/H = 0. 2; and -0. 15; and -0. 15; and -0. 15; and -0. 15 apply, -0. 15 must be provided or applied in accordance with Specification S45C3. For the building, where Sheltered; and Flat roof h/H = 0. 4; and -0. 19; and -0. 19; and -0. 19; and -0. 19 apply, -0. 19 must be provided or applied in accordance with Specification S45C3. For the building, where Sheltered; and Flat roof h/H = 0. 6; and -0. 21; and -0. 21; and -0. 21; and -0. 21 apply, -0. 21 must be provided or applied in accordance with Specification S45C3. For the building, where Sheltered; and Flat roof h/H = 0. 8; and -0. 22; and -0. 22; and -0. 22; and -0. 22 apply, -0. 22 must be provided or applied in accordance with Specification S45C3. For the building, where Sheltered; and Flat roof h/H = 1. 0; and -0. 22; and -0. 22; and -0. 22; and -0. 22 apply, -0. 22 must be provided or applied in accordance with Specification S45C3.",1,1,"","","NCC 2022 Vol1","",0,"","","false","","NCC2022_Volume1_Tables_ClauseStyle.txt","2022"
"Vol1","J9","J","Table S45C3_23","table","Table S45C3_23","For the building, where ABCB applies, Australian Building Codes Board must be provided or applied in accordance with Specification S45C3. For the building, where AC applies, Alternating Current must be provided or applied in accordance with Specification S45C3. For the building, where ACC applies, Acrylic conformal coating must be provided or applied in accordance with Specification S45C3. For the building, where ACL applies, Acrylic latex must be provided or applied in accordance with Specification S45C3. For the building, where ACP applies, Aluminium Composite Panel must be provided or applied in accordance with Specification S45C3. For the building, where AIRAH applies, Australian Institute of Refrigeration, Air conditioning and Heating must be provided or applied in accordance with Specification S45C3. For the building, where ANSI applies, American National Standards Institute must be provided or applied in accordance with Specification S45C3. For the building, where AS applies, Australian Standard must be provided or applied in accordance with Specification S45C3. For the building, where ASET applies, Available Safe Egress Time must be provided or applied in accordance with Specification S45C3. For the building, where ASHRAE applies, American Society of Heating, Refrigerating and Air Conditioning Engineers must be provided or applied in accordance with Specification S45C3. For the building, where ASTM applies, American Society for Testing and Materials must be provided or applied in accordance with Specification S45C3. For the building, where BAL applies, Bushfire Attack Level must be provided or applied in accordance with Specification S45C3. For the building, where BCA applies, Building Code of Australia must be provided or applied in accordance with Specification S45C3. For the building, where BE applies, Fire blocks evacuation route must be provided or applied in accordance with Specification S45C3. For the building, where CAN applies, National Standard of Canada must be provided or applied in accordance with Specification S45C3. For the building, where CCT applies, Correlated Colour Temperature must be provided or applied in accordance with Specification S45C3. For the building, where CF applies, Challenging fire must be provided or applied in accordance with Specification S45C3. For the building, where CHF applies, Critical Heat Flux must be provided or applied in accordance with Specification S45C3. For the building, where CIBSE applies, Chartered Institution of Building Services Engineers must be provided or applied in accordance with Specification S45C3. For the building, where CRF applies, Critical Radiant Flux must be provided or applied in accordance with Specification S45C3. For the building, where CRI applies, Colour Rendering Index must be provided or applied in accordance with Specification S45C3. For the building, where CS applies, Fire starts in a concealed space must be provided or applied in accordance with Specification S45C3. For the building, where CSHGC applies, Constant for solar heat gain must be provided or applied in accordance with Specification S45C3. For the building, where CSIRO applies, Commonwealth Scientific and Industrial Research Organisation must be provided or applied in accordance with Specification S45C3. For the building, where CU applies, Constant for conductance must be provided or applied in accordance with Specification S45C3. For the building, where DC applies, Direct Current must be provided or applied in accordance with Specification S45C3. For the building, where FED applies, Fractional Effective Dose must be provided or applied in accordance with Specification S45C3. For the building, where FI applies, Fire brigade intervention must be provided or applied in accordance with Specification S45C3. For the building, where FRL applies, Fire Resistance Level must be provided or applied in accordance with Specification S45C3. For the building, where FZ applies, Flame Zone must be provided or applied in accordance with Specification S45C3. For the building, where GEMS applies, Greenhouse and Energy Minimum Standards must be provided or applied in accordance with Specification S45C3. For the building, where GRP applies, Glass fibre reinforced polyester must be provided or applied in accordance with Specification S45C3. For the building, where HDG applies, Hot dip galvanising must be provided or applied in accordance with Specification S45C3. For the building, where HRR applies, Heat Release Rate must be provided or applied in accordance with Specification S45C3. For the building, where HS applies, Horizontal fire spread must be provided or applied in accordance with Specification S45C3. For the building, where IS applies, Rapid fire spread involving internal surface linings must be provided or applied in accordance with Specification S45C3. For the building, where ISO applies, International Organisation for Standardisation must be provided or applied in accordance with Specification S45C3. For the building, where IZS applies, Inorganic zinc silicate must be provided or applied in accordance with Specification S45C3. For the building, where LED applies, Light-Emitting Diode must be provided or applied in accordance with Specification S45C3. For the building, where MEPS applies, Minimum Energy Performance Standards must be provided or applied in accordance with Specification S45C3.",1,1,"","","NCC 2022 Vol1","",0,"","","false","","NCC2022_Volume1_Tables_ClauseStyle.txt","2022"
"Vol1","J9","J","Table S45C3_24","table","Table S45C3_24","For the building, where NABERS applies, National Australian Built Environment Rating System must be provided or applied in accordance with Specification S45C3. For the building, where NASH applies, National Association of Steel-Framed Housing must be provided or applied in accordance with Specification S45C3. For the building, where NATA applies, National Association of Testing Authorities Australia must be provided or applied in accordance with Specification S45C3. For the building, where NatHERS applies, Nationwide House Energy Rating Scheme must be provided or applied in accordance with Specification S45C3. For the building, where NCC applies, National Construction Code must be provided or applied in accordance with Specification S45C3. For the building, where NSF applies, National Sanitation Foundation must be provided or applied in accordance with Specification S45C3. For the building, where PBDB applies, Performance-based design brief must be provided or applied in accordance with Specification S45C3. For the building, where PCA applies, Plumbing Code of Australia must be provided or applied in accordance with Specification S45C3. For the building, where PMV applies, Predicted Mean Vote must be provided or applied in accordance with Specification S45C3. For the building, where ppm applies, parts per million must be provided or applied in accordance with Specification S45C3. For the building, where PUR applies, Polyurethane must be provided or applied in accordance with Specification S45C3. For the building, where PVC applies, Polyvinyl chloride must be provided or applied in accordance with Specification S45C3. For the building, where RC applies, Robustness check must be provided or applied in accordance with Specification S45C3. For the building, where RSET applies, Required Safe Egress Time must be provided or applied in accordance with Specification S45C3. For the building, where RW applies, Weighted sound reduction index must be provided or applied in accordance with Specification S45C3. For the building, where SF applies, Smouldering fire must be provided or applied in accordance with Specification S45C3. For the building, where SHGC applies, Solar Heat Gain Coefficient must be provided or applied in accordance with Specification S45C3. For the building, where SL applies, Square mesh must be provided or applied in accordance with Specification S45C3. For the building, where SS applies, Structural stability and other property must be provided or applied in accordance with Specification S45C3. For the building, where STC applies, Sound Transmission Class must be provided or applied in accordance with Specification S45C3. For the building, where TM applies, Trench mesh must be provided or applied in accordance with Specification S45C3. For the building, where UF applies, Unexpected catastrophic failure must be provided or applied in accordance with Specification S45C3. For the building, where UPVC applies, Unplasticized polyvinyl chloride must be provided or applied in accordance with Specification S45C3. For the building, where UT applies, Fire in normally unoccupied room threatening occupants of other rooms must be provided or applied in accordance with Specification S45C3. For the building, where U-Value applies, Thermal transmittance must be provided or applied in accordance with Specification S45C3. For the building, where VS applies, Vertical fire spread involving external cladding or external openings must be provided or applied in accordance with Specification S45C3. For the building, where WC applies, Water closet must be provided or applied in accordance with Specification S45C3.",1,1,"","","NCC 2022 Vol1","",0,"","","false","","NCC2022_Volume1_Tables_ClauseStyle.txt","2022"
"Vol1","J9","J","Table S45C3_25","table","Table S45C3_25","For the building, where  deg applies, degree(s) must be provided or applied in accordance with Specification S45C3. For the building, where  degC applies, degree(s) Celsius must be provided or applied in accordance with Specification S45C3. For the building, where  degCDB applies, degree(s) Celsius Dry Bulb must be provided or applied in accordance with Specification S45C3. For the building, where  degCWB applies, degree(s) Celsius Wet Bulb must be provided or applied in accordance with Specification S45C3. For the building, where -e/MJ applies, equivalent per Megajoule(s) must be provided or applied in accordance with Specification S45C3. For the building, where m applies, micrometre must be provided or applied in accordance with Specification S45C3. For the building, where g/N. s applies, Micrograms per newton-second must be provided or applied in accordance with Specification S45C3. For the building, where dB(A) applies, decibels A scale weighting network must be provided or applied in accordance with Specification S45C3. For the building, where fc applies, Characteristic compressive strength of concrete at 28 days must be provided or applied in accordance with Specification S45C3. For the building, where fy applies, Yield stress used in design must be provided or applied in accordance with Specification S45C3. For the building, where G applies, Permanent load must be provided or applied in accordance with Specification S45C3. For the building, where J applies, Joule(s) must be provided or applied in accordance with Specification S45C3. For the building, where J/kg. K applies, Joules per kilogram degree Kelvin must be provided or applied in accordance with Specification S45C3. For the building, where J/s. m2 applies, Joules per second square metre must be provided or applied in accordance with Specification S45C3. For the building, where K applies, Kelvin(s) must be provided or applied in accordance with Specification S45C3. For the building, where kg applies, kilogram(s) must be provided or applied in accordance with Specification S45C3. For the building, where kg/m applies, kilogram(s) per metre must be provided or applied in accordance with Specification S45C3. For the building, where kg/m2 applies, kilogram(s) per square metre must be provided or applied in accordance with Specification S45C3. For the building, where kg/m3 applies, kilogram(s) per cubic metre must be provided or applied in accordance with Specification S45C3. For the building, where kJ/m2. hour applies, kilojoules per square metre hour must be provided or applied in accordance with Specification S45C3. For the building, where km applies, kilometre(s) must be provided or applied in accordance with Specification S45C3. For the building, where kPa applies, kilopascal(s) must be provided or applied in accordance with Specification S45C3. For the building, where kW/m2 applies, kilowatt(s) per square metre must be provided or applied in accordance with Specification S45C3. For the building, where kWheating applies, kilowatt(s) of heating must be provided or applied in accordance with Specification S45C3. For the building, where kWr applies, kilowatt(s) of refrigeration must be provided or applied in accordance with Specification S45C3. For the building, where L applies, litre(s) must be provided or applied in accordance with Specification S45C3. For the building, where L/min applies, litre(s) per minute must be provided or applied in accordance with Specification S45C3. For the building, where L/s applies, litre(s) per second must be provided or applied in accordance with Specification S45C3. For the building, where L/s. m2 applies, litre(s) per second square metre must be provided or applied in accordance with Specification S45C3. For the building, where Lumens/W applies, Lumens per Watt must be provided or applied in accordance with Specification S45C3. For the building, where lx applies, lux must be provided or applied in accordance with Specification S45C3. For the building, where m applies, metre(s) must be provided or applied in accordance with Specification S45C3. For the building, where m/s applies, metre(s) per second must be provided or applied in accordance with Specification S45C3. For the building, where m2 applies, square metre(s) must be provided or applied in accordance with Specification S45C3. For the building, where m2. K/W applies, square metre Kelvin(s) per Watt must be provided or applied in accordance with Specification S45C3. For the building, where m3 applies, cubic metre(s) must be provided or applied in accordance with Specification S45C3. For the building, where m3/hour applies, cubic metre(s) per hour must be provided or applied in accordance with Specification S45C3. For the building, where m3/s applies, cubic metre(s) per second must be provided or applied in accordance with Specification S45C3. For the building, where mcd/m2 applies, millicandelas per square metre must be provided or applied in accordance with Specification S45C3. For the building, where min applies, minute(s) must be provided or applied in accordance with Specification S45C3.",1,1,"","","NCC 2022 Vol1","",0,"","","false","","NCC2022_Volume1_Tables_ClauseStyle.txt","2022"
"Vol1","J9","J","Table S45C3_26","table","Table S45C3_26","For the building, where MJ/hour applies, Megajoules per hour must be provided or applied in accordance with Specification S45C3. For the building, where MJ/m2. annum applies, Megajoules per square metre annum must be provided or applied in accordance with Specification S45C3. For the building, where mm applies, millimetre(s) must be provided or applied in accordance with Specification S45C3. For the building, where mm2 applies, square millimetre(s) must be provided or applied in accordance with Specification S45C3. For the building, where MW applies, megawatt(s) must be provided or applied in accordance with Specification S45C3. For the building, where N applies, newton(s) must be provided or applied in accordance with Specification S45C3. For the building, where N/m applies, Newton(s) per metre must be provided or applied in accordance with Specification S45C3. For the building, where Pa applies, pascal(s) must be provided or applied in accordance with Specification S45C3. For the building, where Pa/m applies, pascal(s) per metre must be provided or applied in accordance with Specification S45C3. For the building, where Q applies, Imposed load must be provided or applied in accordance with Specification S45C3. For the building, where s applies, second(s) must be provided or applied in accordance with Specification S45C3. For the building, where ULS applies, Ultimate limit state must be provided or applied in accordance with Specification S45C3. For the building, where V applies, Volt(s) must be provided or applied in accordance with Specification S45C3. For the building, where W applies, Watt(s) must be provided or applied in accordance with Specification S45C3. For the building, where W input power applies, Watts of input power must be provided or applied in accordance with Specification S45C3. For the building, where Wr/Winput power applies, Watts of thermal refrigeration per watt of input power must be provided or applied in accordance with Specification S45C3. For the building, where W/kWrej applies, Watts per kilowatt of heat rejected must be provided or applied in accordance with Specification S45C3. For the building, where Wm-1K-1 applies, Watts per metre degree Kelvin must be provided or applied in accordance with Specification S45C3. For the building, where W/m2 applies, Watts per square metre must be provided or applied in accordance with Specification S45C3. For the building, where  degsouth applies, degree south must be provided or applied in accordance with Specification S45C3. For the building, where % applies, percent must be provided or applied in accordance with Specification S45C3. For the building, where > applies, > must be provided or applied in accordance with Specification S45C3. For the building, where < applies, less than must be provided or applied in accordance with Specification S45C3. For the building, where the relevant conditions applies, less than or equal to must be provided or applied in accordance with Specification S45C3. For the building, where the relevant conditions applies, equal to or more than must be provided or applied in accordance with Specification S45C3.",1,1,"","","NCC 2022 Vol1","",0,"","","false","","NCC2022_Volume1_Tables_ClauseStyle.txt","2022"
"Vol1","J9","J","Table 1","table","Table 1","For the building, where Kiandra (NSW) applies, 1 must be provided or applied in accordance with Specification S45C3. For the building, where Mount Kosciuszko(NSW) applies, 2 must be provided or applied in accordance with Specification S45C3. For the building, where Perisher Valley(NSW) applies, 3 must be provided or applied in accordance with Specification S45C3. For the building, where Thredbo (NSW) applies, 4 must be provided or applied in accordance with Specification S45C3. For the building, where Cabramurra(NSW) applies, 5 must be provided or applied in accordance with Specification S45C3. For the building, where Charlotte Pass Village (NSW) applies, 6 must be provided or applied in accordance with Specification S45C3. For the building, where Diggers Creek (NSW) applies, 7 must be provided or applied in accordance with Specification S45C3. For the building, where Guthega Village(NSW) applies, 8 must be provided or applied in accordance with Specification S45C3. For the building, where Mount Blue Cow (NSW) applies, 9 must be provided or applied in accordance with Specification S45C3. For the building, where Mount Selwyn (NSW) applies, 10 must be provided or applied in accordance with Specification S45C3. For the building, where Perisher Range(NSW) applies, 11 must be provided or applied in accordance with Specification S45C3. For the building, where Rules Point(NSW) applies, 12 must be provided or applied in accordance with Specification S45C3. For the building, where Sawpit Creek (NSW) applies, 13 must be provided or applied in accordance with Specification S45C3. For the building, where Smiggin Holes(NSW) applies, 14 must be provided or applied in accordance with Specification S45C3. For the building, where Smiggin Range(NSW) applies, 15 must be provided or applied in accordance with Specification S45C3. For the building, where Three Mile Dam(NSW) applies, 16 must be provided or applied in accordance with Specification S45C3. For the building, where Wilsons Valley(NSW) applies, 17 must be provided or applied in accordance with Specification S45C3. For the building, where Falls Creek(Vic. ), including Summit Area, Sun Valley and Village Bowl apply, 18 must be provided or applied in accordance with Specification S45C3. For the building, where Mount Baw Baw (Vic. ) applies, 19 must be provided or applied in accordance with Specification S45C3. For the building, where Mount Buffalo(Vic. ), including Chalet, Dingo Dell and Tatra apply, 20 must be provided or applied in accordance with Specification S45C3. For the building, where Mount Buller(Vic. ), including Baldy and Village apply, 21 must be provided or applied in accordance with Specification S45C3. For the building, where Mount Hotham(Vic. ), including Davenport and Village Centre apply, 22 must be provided or applied in accordance with Specification S45C3. For the building, where Dinner Plain(Vic. ) applies, 23 must be provided or applied in accordance with Specification S45C3. For the building, where Lake Mountain(Vic. ) applies, 24 must be provided or applied in accordance with Specification S45C3. For the building, where Mount Stirling (Vic. ) applies, 25 must be provided or applied in accordance with Specification S45C3. For the building, where Ben Lomond Ski Field (Tas. ) applies, 26 must be provided or applied in accordance with Specification S45C3. For the building, where Cradle Valley (Tas. ) applies, 27 must be provided or applied in accordance with Specification S45C3. For the building, where Great Lake Area (Tas. ) applies, 28 must be provided or applied in accordance with Specification S45C3. For the building, where Mount Field Ski Field (Tas. ) applies, 29 must be provided or applied in accordance with Specification S45C3.",1,1,"","","NCC 2022 Vol1","",0,"","","false","","NCC2022_Volume1_Tables_ClauseStyle.txt","2022"
"Vol1","J9","J","Table 3","table","Table 3","For the building, where ACT; and Canberra apply, 7 must be provided or applied in accordance with Specification S45C3. For the building, where NSW; and Albury apply, 4 must be provided or applied in accordance with Specification S45C3. For the building, where NSW; and Armidale apply, 7 must be provided or applied in accordance with Specification S45C3. For the building, where NSW; and Batemans Bay apply, 6 must be provided or applied in accordance with Specification S45C3. For the building, where NSW; and Bathurst apply, 7 must be provided or applied in accordance with Specification S45C3. For the building, where NSW; and Bega apply, 6 must be provided or applied in accordance with Specification S45C3. For the building, where NSW; and Bellingen Shire - Dorrigo Plateau apply, 7 must be provided or applied in accordance with Specification S45C3. For the building, where NSW; and Bellingen Shire - Valley & seaboard apply, 2 must be provided or applied in accordance with Specification S45C3. For the building, where NSW; and Bourke apply, 4 must be provided or applied in accordance with Specification S45C3. For the building, where NSW; and Broken Hill apply, 4 must be provided or applied in accordance with Specification S45C3. For the building, where NSW; and Byron Bay apply, 2 must be provided or applied in accordance with Specification S45C3. For the building, where NSW; and Cobar apply, 4 must be provided or applied in accordance with Specification S45C3. For the building, where NSW; and Coffs Harbour apply, 2 must be provided or applied in accordance with Specification S45C3. For the building, where NSW; and Dubbo apply, 4 must be provided or applied in accordance with Specification S45C3. For the building, where NSW; and Goulburn apply, 7 must be provided or applied in accordance with Specification S45C3. For the building, where NSW; and Grafton apply, 2 must be provided or applied in accordance with Specification S45C3. For the building, where NSW; and Griffith apply, 4 must be provided or applied in accordance with Specification S45C3. For the building, where NSW; and Ivanhoe apply, 4 must be provided or applied in accordance with Specification S45C3. For the building, where NSW; and Lismore apply, 2 must be provided or applied in accordance with Specification S45C3. For the building, where NSW; and Lord Howe Island apply, 2 must be provided or applied in accordance with Specification S45C3. For the building, where NSW; and Moree apply, 4 must be provided or applied in accordance with Specification S45C3. For the building, where NSW; and Newcastle apply, 5 must be provided or applied in accordance with Specification S45C3. For the building, where NSW; and Nowra apply, 6 must be provided or applied in accordance with Specification S45C3. For the building, where NSW; and Orange apply, 7 must be provided or applied in accordance with Specification S45C3. For the building, where NSW; and Perisher - Smiggins apply, 8 must be provided or applied in accordance with Specification S45C3. For the building, where NSW; and Port Macquarie apply, 5 must be provided or applied in accordance with Specification S45C3. For the building, where NSW; and Sydney East apply, 5 must be provided or applied in accordance with Specification S45C3. For the building, where NSW; and Sydney West apply, 6 must be provided or applied in accordance with Specification S45C3. For the building, where NSW; and Tamworth apply, 4 must be provided or applied in accordance with Specification S45C3. For the building, where NSW; and Thredbo apply, 8 must be provided or applied in accordance with Specification S45C3. For the building, where NSW; and Wagga Wagga apply, 4 must be provided or applied in accordance with Specification S45C3. For the building, where NSW; and Williamtown apply, 5 must be provided or applied in accordance with Specification S45C3.",1,1,"","","NCC 2022 Vol1","",0,"","","false","","NCC2022_Volume1_Tables_ClauseStyle.txt","2022"
"Vol1","J9","J","Table S45C3_30","table","Table S45C3_30","For the building, where NSW; and Wollongong apply, 5 must be provided or applied in accordance with Specification S45C3. For the building, where NSW; and Yass apply, 6 must be provided or applied in accordance with Specification S45C3. For the building, where NT; and Alice Springs apply, 3 must be provided or applied in accordance with Specification S45C3. For the building, where NT; and Darwin apply, 1 must be provided or applied in accordance with Specification S45C3. For the building, where NT; and Elliot apply, 3 must be provided or applied in accordance with Specification S45C3. For the building, where NT; and Katherine apply, 1 must be provided or applied in accordance with Specification S45C3. For the building, where NT; and Renner Springs apply, 3 must be provided or applied in accordance with Specification S45C3. For the building, where NT; and Tennant Creek apply, 3 must be provided or applied in accordance with Specification S45C3. For the building, where QLD; and Birdsville apply, 3 must be provided or applied in accordance with Specification S45C3. For the building, where QLD; and Brisbane apply, 2 must be provided or applied in accordance with Specification S45C3. For the building, where QLD; and Bundaberg apply, 2 must be provided or applied in accordance with Specification S45C3. For the building, where QLD; and Cairns apply, 1 must be provided or applied in accordance with Specification S45C3. For the building, where QLD; and Cooktown apply, 1 must be provided or applied in accordance with Specification S45C3. For the building, where QLD; and Cunnamulla apply, 3 must be provided or applied in accordance with Specification S45C3. For the building, where QLD; and Gladstone apply, 2 must be provided or applied in accordance with Specification S45C3. For the building, where QLD; and Hervey Bay apply, 2 must be provided or applied in accordance with Specification S45C3. For the building, where QLD; and Hughenden apply, 3 must be provided or applied in accordance with Specification S45C3. For the building, where QLD; and Longreach apply, 3 must be provided or applied in accordance with Specification S45C3. For the building, where QLD; and Mackay apply, 2 must be provided or applied in accordance with Specification S45C3. For the building, where QLD; and Mount Isa apply, 3 must be provided or applied in accordance with Specification S45C3. For the building, where QLD; and Normanton apply, 1 must be provided or applied in accordance with Specification S45C3. For the building, where QLD; and Rockhampton apply, 2 must be provided or applied in accordance with Specification S45C3. For the building, where QLD; and Roma apply, 3 must be provided or applied in accordance with Specification S45C3. For the building, where QLD; and Southport apply, 2 must be provided or applied in accordance with Specification S45C3. For the building, where QLD; and Toowoomba apply, 5 must be provided or applied in accordance with Specification S45C3. For the building, where QLD; and Townsville apply, 1 must be provided or applied in accordance with Specification S45C3. For the building, where QLD; and Warwick apply, 5 must be provided or applied in accordance with Specification S45C3. For the building, where QLD; and Weipa apply, 1 must be provided or applied in accordance with Specification S45C3. For the building, where SA; and Adelaide apply, 5 must be provided or applied in accordance with Specification S45C3. For the building, where SA; and Bordertown apply, 6 must be provided or applied in accordance with Specification S45C3. For the building, where SA; and Ceduna apply, 5 must be provided or applied in accordance with Specification S45C3. For the building, where SA; and Cook apply, 4 must be provided or applied in accordance with Specification S45C3. For the building, where SA; and Elliston apply, 5 must be provided or applied in accordance with Specification S45C3. For the building, where SA; and Kingscote apply, 6 must be provided or applied in accordance with Specification S45C3. For the building, where SA; and Leigh Creek apply, 5 must be provided or applied in accordance with Specification S45C3. For the building, where SA; and Lobethal apply, 6 must be provided or applied in accordance with Specification S45C3. For the building, where SA; and Loxton apply, 5 must be provided or applied in accordance with Specification S45C3. For the building, where SA; and Naracoorte apply, 6 must be provided or applied in accordance with Specification S45C3. For the building, where SA; and Marree apply, 4 must be provided or applied in accordance with Specification S45C3. For the building, where SA; and Mount Gambier apply, 6 must be provided or applied in accordance with Specification S45C3. For the building, where SA; and Murray Bridge apply, 6 must be provided or applied in accordance with Specification S45C3. For the building, where SA; and Oodnadatta apply, 4 must be provided or applied in accordance with Specification S45C3. For the building, where SA; and Port Augusta apply, 4 must be provided or applied in accordance with Specification S45C3. For the building, where SA; and Port Lincoln apply, 5 must be provided or applied in accordance with Specification S45C3.",1,1,"","","NCC 2022 Vol1","",0,"","","false","","NCC2022_Volume1_Tables_ClauseStyle.txt","2022"
"Vol1","J9","J","Table S45C3_31","table","Table S45C3_31","For the building, where SA; and Renmark apply, 5 must be provided or applied in accordance with Specification S45C3. For the building, where SA; and Tarcoola apply, 4 must be provided or applied in accordance with Specification S45C3. For the building, where SA; and Victor Harbour apply, 6 must be provided or applied in accordance with Specification S45C3. For the building, where SA; and Whyalla apply, 4 must be provided or applied in accordance with Specification S45C3. For the building, where TAS; and Burnie apply, 7 must be provided or applied in accordance with Specification S45C3. For the building, where TAS; and Bicheno apply, 7 must be provided or applied in accordance with Specification S45C3. For the building, where TAS; and Deloraine apply, 7 must be provided or applied in accordance with Specification S45C3. For the building, where TAS; and Devonport apply, 7 must be provided or applied in accordance with Specification S45C3. For the building, where TAS; and Flinders Island apply, 7 must be provided or applied in accordance with Specification S45C3. For the building, where TAS; and Hobart apply, 7 must be provided or applied in accordance with Specification S45C3. For the building, where TAS; and Huonville apply, 7 must be provided or applied in accordance with Specification S45C3. For the building, where TAS; and King Island apply, 7 must be provided or applied in accordance with Specification S45C3. For the building, where TAS; and Launceston apply, 7 must be provided or applied in accordance with Specification S45C3. For the building, where TAS; and New Norfolk apply, 7 must be provided or applied in accordance with Specification S45C3. For the building, where TAS; and Oatlands apply, 7 must be provided or applied in accordance with Specification S45C3. For the building, where TAS; and Orford apply, 7 must be provided or applied in accordance with Specification S45C3. For the building, where TAS; and Rossarden apply, 7 must be provided or applied in accordance with Specification S45C3. For the building, where TAS; and Smithton apply, 7 must be provided or applied in accordance with Specification S45C3. For the building, where TAS; and St Marys apply, 7 must be provided or applied in accordance with Specification S45C3. For the building, where TAS; and Zeehan apply, 7 must be provided or applied in accordance with Specification S45C3. For the building, where VIC; and Anglesea apply, 6 must be provided or applied in accordance with Specification S45C3. For the building, where VIC; and Ararat apply, 7 must be provided or applied in accordance with Specification S45C3. For the building, where VIC; and Bairnsdale apply, 6 must be provided or applied in accordance with Specification S45C3. For the building, where VIC; and Ballarat apply, 7 must be provided or applied in accordance with Specification S45C3. For the building, where VIC; and Benalla apply, 6 must be provided or applied in accordance with Specification S45C3. For the building, where VIC; and Bendigo apply, 6 must be provided or applied in accordance with Specification S45C3. For the building, where VIC; and Bright apply, 7 must be provided or applied in accordance with Specification S45C3. For the building, where VIC; and Colac apply, 6 must be provided or applied in accordance with Specification S45C3. For the building, where VIC; and Dandenong apply, 6 must be provided or applied in accordance with Specification S45C3. For the building, where VIC; and Echuca apply, 4 must be provided or applied in accordance with Specification S45C3. For the building, where VIC; and Geelong apply, 6 must be provided or applied in accordance with Specification S45C3. For the building, where VIC; and Hamilton apply, 7 must be provided or applied in accordance with Specification S45C3. For the building, where VIC; and Horsham apply, 6 must be provided or applied in accordance with Specification S45C3. For the building, where VIC; and Melbourne apply, 6 must be provided or applied in accordance with Specification S45C3. For the building, where VIC; and Mildura apply, 4 must be provided or applied in accordance with Specification S45C3. For the building, where VIC; and Portland apply, 6 must be provided or applied in accordance with Specification S45C3. For the building, where VIC; and Sale apply, 6 must be provided or applied in accordance with Specification S45C3. For the building, where VIC; and Shepparton apply, 4 must be provided or applied in accordance with Specification S45C3. For the building, where VIC; and Swan Hill apply, 4 must be provided or applied in accordance with Specification S45C3. For the building, where VIC; and Traralgon apply, 6 must be provided or applied in accordance with Specification S45C3. For the building, where VIC; and Wangaratta apply, 7 must be provided or applied in accordance with Specification S45C3. For the building, where VIC; and Warrnambool apply, 6 must be provided or applied in accordance with Specification S45C3. For the building, where VIC; and Wodonga apply, 6 must be provided or applied in accordance with Specification S45C3. For the building, where WA; and Albany apply, 6 must be provided or applied in accordance with Specification S45C3.",1,1,"","","NCC 2022 Vol1","",0,"","","false","","NCC2022_Volume1_Tables_ClauseStyle.txt","2022"
"Vol1","J9","J","Table S45C3_32","table","Table S45C3_32","For the building, where WA; and Balladonia apply, 4 must be provided or applied in accordance with Specification S45C3. For the building, where WA; and Broome apply, 1 must be provided or applied in accordance with Specification S45C3. For the building, where WA; and Bunbury apply, 5 must be provided or applied in accordance with Specification S45C3. For the building, where WA; and Carnarvon apply, 3 must be provided or applied in accordance with Specification S45C3. For the building, where WA; and Christmas Island apply, 1 must be provided or applied in accordance with Specification S45C3. For the building, where WA; and Cocos Island apply, 1 must be provided or applied in accordance with Specification S45C3. For the building, where WA; and Derby apply, 1 must be provided or applied in accordance with Specification S45C3. For the building, where WA; and Esperance apply, 5 must be provided or applied in accordance with Specification S45C3. For the building, where WA; and Exmouth apply, 1 must be provided or applied in accordance with Specification S45C3. For the building, where WA; and Geraldton apply, 5 must be provided or applied in accordance with Specification S45C3. For the building, where WA; and Halls Creek apply, 3 must be provided or applied in accordance with Specification S45C3. For the building, where WA; and Kalgoorlie-Boulder apply, 4 must be provided or applied in accordance with Specification S45C3. For the building, where WA; and Karratha apply, 1 must be provided or applied in accordance with Specification S45C3. For the building, where WA; and Meekatharra apply, 4 must be provided or applied in accordance with Specification S45C3. For the building, where WA; and Northam apply, 4 must be provided or applied in accordance with Specification S45C3. For the building, where WA; and Pemberton apply, 6 must be provided or applied in accordance with Specification S45C3. For the building, where WA; and Perth apply, 5 must be provided or applied in accordance with Specification S45C3. For the building, where WA; and Port Hedland apply, 1 must be provided or applied in accordance with Specification S45C3. For the building, where WA; and Wagin apply, 4 must be provided or applied in accordance with Specification S45C3. For the building, where WA; and Wyndham apply, 1 must be provided or applied in accordance with Specification S45C3.",1,1,"","","NCC 2022 Vol1","",0,"","","false","","NCC2022_Volume1_Tables_ClauseStyle.txt","2022"
"Vol1","J9","J","Table 4","table","Table 4","For the building, where N1, N2, N3 applies, C1 must be provided or applied in accordance with Specification S45C3. For the building, where N4, N5, N6 (these wind classes are covered in the ABCB Housing Provisions Part 2. 2). applies, C2, C3, C4 (these wind classes are covered in the ABCB Housing Provisions Part 2. 2) must be provided or applied in accordance with Specification S45C3.",1,1,"","","NCC 2022 Vol1","",0,"","","false","","NCC2022_Volume1_Tables_ClauseStyle.txt","2022"
"Vol1","J9","J","Table S45C3_34","table","Table S45C3_34","For the building, where 5; and Max. 3; and Max. 3; and Max. 3; and Max. 3 apply, Max. 3 must be provided or applied in accordance with Specification S45C3. For the building, where 4; and Max. 3; and Max. 3; and Max. 3; and Max. 3 apply, Max. 3 must be provided or applied in accordance with Specification S45C3. For the building, where 3; and Max. 3; and Max. 3; and Max. 3; and Max. 3 apply, Max. 3 must be provided or applied in accordance with Specification S45C3. For the building, where 2; and Max. 3; and Max. 3; and Max. 3; and Max. 3 apply, Max. 3 must be provided or applied in accordance with Specification S45C3. For the building, where 1; and Max. 3; and Max. 3; and Max. 3; and Max. 3 apply, Max. 3 must be provided or applied in accordance with Specification S45C3.",1,1,"","","NCC 2022 Vol1","",0,"","","false","","NCC2022_Volume1_Tables_ClauseStyle.txt","2022"
"Vol1","J9","J","Table S45C3_35","table","Table S45C3_35","",1,1,"","","NCC 2022 Vol1","",0,"","","false","","NCC2022_Volume1_Tables_ClauseStyle.txt","2022"
"Vol1","J9","J","Table S45C3_36","table","Table S45C3_36","For the building, where 6 30 applies, 30 11 must be provided or applied in accordance with Specification S45C3.",1,1,"","","NCC 2022 Vol1","",0,"","","false","","NCC2022_Volume1_Tables_ClauseStyle.txt","2022"
"Vol1","J9","J","Table S45C3_39","table","Table S45C3_39","For the building, where AS 1397; and 2021; and Continuous hot-dip metallic coated steel sheet and strip - Coatings of zinc and zinc alloyed with aluminium and magnesium (See Note 10); and 7. 2. 2 apply, the relevant requirement must be met in accordance with Specification S45C3. For the building, where AS 1428 Part 1; and 2009; and Design for access and mobility - General requirements for access - New building work (incorporating amendments 1 and 2); and D3D11, D3D16, D3D22, D4D2, D4D3, D4D4, D4D7, D4D10, D4D11, D4D13, Spec 16, E3D10, F4D5, G4D5, Schedule 1; and Schedule 1; and Schedule 1 apply, Schedule 1, E1D2 must be provided or applied in accordance with Specification S45C3. For the building, where AS 1428 Part 1; and 2001; and Design for access and mobility - General requirements for access - New building work; and I2D7, I2D8, I2D10, I2D15 apply, E1D2 must be provided or applied in accordance with Specification S45C3. For the building, where AS 1428 Part 1 (Supplement 1); and 1993; and Design for access and mobility - General requirements for access - Buildings - Commentary; and I2D2 apply, the relevant requirement must be met in accordance with Specification S45C3. For the building, where AS 1428 Part 2; and 1992; and Design for access and mobility - Enhanced and additional requirements - Buildings and facilities; and I2D2, I2D3, I2D4, I2D5, I2D7, I2D10, I2D11, I2D12, I2D13, I2D14 apply, E1D2 must be provided or applied in accordance with Specification S45C3. For the building, where AS 1428 Part 4; and 1992; and Design for access and mobility - Tactile ground surface indicators for the orientation of people with vision impairment; and I2D11 apply, the relevant requirement must be met in accordance with Specification S45C3. For the building, where AS/NZS 1428 Part 4. 1; and 2009; and Design for access and mobility - Means to assist the orientation of people with vision impairment - Tactile ground surface indicators (incorporating amendments 1 and 2); and D4D9 apply, the relevant requirement must be met in accordance with Specification S45C3. For the building, where AS 1530 Part 1; and 1994; and Methods for fire tests on building materials, components and structures - Combustibility test for materials; and Schedule 1; and Schedule 1; and Schedule 1 apply, Schedule 1 must be provided or applied in accordance with Specification S45C3. For the building, where AS 1530 Part 2; and 1993; and Methods for fire tests on building materials, components and structures - Test for flammability of materials (incorporating amendment 1); and Schedule 1; and Schedule 1; and Schedule 1 apply, Schedule 1 must be provided or applied in accordance with Specification S45C3.",1,1,"","","NCC 2022 Vol1","",0,"","","false","","NCC2022_Volume1_Tables_ClauseStyle.txt","2022"
"Vol1","J9","J","Table S45C3_40","table","Table S45C3_40","For the building, where AS/NZS 1530 Part 3; and 1999; and Methods for fire tests on building materials, components and structures - Simultaneous determination of ignitability, flame propagation, heat release and smoke release; and Schedule 1, Spec 3; and Schedule 1, Spec 3; and Schedule 1 apply, Schedule 1, Spec 3 must be provided or applied in accordance with Specification S45C3. For the building, where AS 1530 Part 4; and 2014; and Methods for fire tests on building materials, components and structures - Fire resistance tests for elements of construction; and C4D15, C4D16, Spec 9, Spec 10, Spec 13, Spec 14, Schedule 1, Spec 3; and 9. 3. 2, Schedule 1, Spec 3; and Schedule 1 apply, Schedule 1, Spec 3 must be provided or applied in accordance with Specification S45C3. For the building, where AS 1530 Part 8. 1; and 2018; and Methods for fire tests on building materials, components and structures - Tests on elements of construction for buildings exposed to simulated bushfire attack - Radiant heat and small flaming sources; and Spec 43 apply, the relevant requirement must be met in accordance with Specification S45C3. For the building, where AS/NZS 1546 Part 1; and 2008; and On-site domestic wastewater treatment units - Septic tanks apply, C3D2 must be provided or applied in accordance with Specification S45C3. For the building, where AS/NZS 1546 Part 2; and 2008; and On-site domestic wastewater treatment units - Waterless composting toilets apply, C3D3 must be provided or applied in accordance with Specification S45C3. For the building, where AS 1546 Part 3; and 2017; and On-site domestic wastewater treatment units - Secondary treatment systems (incorporating amendment 1) apply, C3D4 must be provided or applied in accordance with Specification S45C3. For the building, where AS 1546 Part 4; and 2016; and On-site domestic wastewater treatment units - Domestic greywater treatment systems apply, C3D5 must be provided or applied in accordance with Specification S45C3. For the building, where AS/NZS 1547; and 2012; and On-site domestic wastewater management apply, C3D6 must be provided or applied in accordance with Specification S45C3. For the building, where AS 1562 Part 1; and 2018; and Design and installation of sheet roof and wall cladding - Metal (See Note 2); and B1D4, F3D2, F3D5; and H1D7 apply, the relevant requirement must be met in accordance with Specification S45C3. For the building, where AS1562 Part 3; and 2006; and Design and installation of sheet roof and wall cladding - Plastic; and B1D4, F3D2; and H1D7 apply, the relevant requirement must be met in accordance with Specification S45C3. For the building element, where AS 1657; and 2018; and Fixed platforms, walkways, stairways and ladders - Design, construction and installation; and D2D21, D2D22, D3D23, I1D6, I3D5 apply, the relevant requirement must be met in accordance with Specification S45C3. For the building, where AS/NZS 1664 Part 1; and 1997; and Aluminium structures - Limit state design (incorporating amendment 1); and B1D4; and 2. 2. 4 apply, the relevant requirement must be met in accordance with Specification S45C3. For the building, where AS/NZS 1664 Part 2; and 1997; and Aluminium structures - Allowable stress design (incorporating amendment 1); and B1D4; and 2. 2. 4 apply, the relevant requirement must be met in accordance with Specification S45C3.",1,1,"","","NCC 2022 Vol1","",0,"","","false","","NCC2022_Volume1_Tables_ClauseStyle.txt","2022"
"Vol1","J9","J","Table S45C3_41","table","Table S45C3_41","For the building, where AS 1668 Part 1; and 2015; and The use of ventilation and air conditioning in buildings - Fire and smoke control in buildings (incorporating amendment 1); and C3D13, C4D15, Spec 11, D2D12, Spec 19, E2D3, E2D4, E2D6, E2D7, E2D8, E2D9, E2D11, E2D12, E2D13, E2D16, E2D17, E2D19, F6D12, Spec 21, Spec 31 apply, the relevant requirement must be met in accordance with Specification S45C3. For the building, where AS 1668 Part 2; and 2012; and The use of ventilation and air conditioning in buildings - Mechanical ventilation in buildings (incorporating amendments 1 and 2); and E2D12, F6V1, F6D6, F6D11, F6D12, F8D4, J6D4; and H4V3, H4D7; and 10. 8. 2 apply, the relevant requirement must be met in accordance with Specification S45C3. For the building, where AS 1668 Part 4; and 2012; and The use of ventilation and air conditioning in buildings - Natural ventilation of buildings; and F6D11 apply, the relevant requirement must be met in accordance with Specification S45C3. For the building, where AS 1670 Part 1; and 2018; and Fire detection, warning, control and intercom systems - System design, installation and commissioning - Fire (incorporating amendment 1) (See Note 3); and C4D6, C4D7, C4D8, C4D9, C4D12, D3D26, E2D3, E2D10, G4D7, Spec 12, Spec 20, Spec 23, Spec 31; and 9. 5. 1 apply, the relevant requirement must be met in accordance with Specification S45C3. For the building, where AS 1670 Part 3; and 2018; and Fire detection, warning, control and intercom systems - System design, installation and commissioning - Fire alarm monitoring (incorporating amendment 1) (See Note 3); and Spec 20, Spec 23 apply, the relevant requirement must be met in accordance with Specification S45C3. For the building, where AS 1670 Part 4; and 2018; and Fire detection, warning, control and intercom systems - System design, installation and commissioning - Emergency warning and intercom systems (incorporating amendment 1) (See Note 3); and E3V2, E4D9, Spec 31 apply, the relevant requirement must be met in accordance with Specification S45C3. For the building, where AS/NZS 1680 Part 0; and 2009; and Interior lighting - Safe movement; and F6D5; and 10. 5. 2 apply, the relevant requirement must be met in accordance with Specification S45C3. For the building, where AS 1684 Part 2; and 2021; and Residential timber-framed construction - Non-cyclonic areas; and B1D4, B1D5, F1D8; and H1D6; and 2. 2. 5, 4. 2. 13, 5. 6. 6, 6. 2. 1, 6. 3. 6, 7. 5. 2, 7. 5. 3, 7. 5. 4, 10. 2. 19, 10. 2. 20 apply, the relevant requirement must be met in accordance with Specification S45C3.",1,1,"","","NCC 2022 Vol1","",0,"","","false","","NCC2022_Volume1_Tables_ClauseStyle.txt","2022"
"Vol1","J9","J","Table S45C3_42","table","Table S45C3_42","For the building, where AS 1684 Part 3; and 2021; and Residential timber-framed construction - Cyclonic areas; and B1D4, B1D5, F1D8; and H1D6; and 2. 2. 5, 4. 2. 13, 5. 6. 6, 6. 2. 1, 6. 3. 6, 7. 5. 2, 7. 5. 3, 7. 5. 4, 10. 2. 19, 10. 2. 20 apply, the relevant requirement must be met in accordance with Specification S45C3. For the building, where AS 1684 Part 4; and 2010; and Residential timber-framed construction - Simplified - Non-cyclonic areas (incorporating amendment 1); and B1D4, B1D5, F1D8; and H1D6; and 2. 2. 5, 4. 2. 13, 5. 6. 6, 6. 2. 1, 7. 5. 2, 7. 5. 3, 7. 5. 4, 10. 2. 19, 10. 2. 20 apply, the relevant requirement must be met in accordance with Specification S45C3. For the building, where AS 1720 Part 1; and 2010; and Timber structures - Design methods (incorporating amendments 1, 2 and 3); and B1V1, B1D4; and H1V1, H1D6; and 4. 2. 13, 5. 3. 3 apply, the relevant requirement must be met in accordance with Specification S45C3. For the building, where AS/NZS 1720 Part 4; and 2019; and Timber structures - Fire resistance of timber elements; and Spec 1; and Spec 1 apply, Spec 1 must be provided or applied in accordance with Specification S45C3. For the building, where AS 1720 Part 5; and 2015; and Timber structures - Nailplated timber roof trusses (incorporating amendment 1); and B1D4; and H1D6 apply, the relevant requirement must be met in accordance with Specification S45C3. For the building, where AS 1735 Part 11; and 1986; and Lifts, escalators and moving walks - Fire rated landing doors; and C4D11 apply, the relevant requirement must be met in accordance with Specification S45C3. For the building, where AS 1735 Part 12; and 1999; and Lifts, escalators and moving walks - Facilities for persons with disabilities (incorporating amendment 1); and E3D8, I2D6 apply, the relevant requirement must be met in accordance with Specification S45C3. For the building, where AS/NZS 1859 Part 4; and 2018; and Reconstituted wood based panels - Specifications - Wet process fibreboard; and 7. 5. 3, 7. 5. 4 apply, the relevant requirement must be met in accordance with Specification S45C3. For the building, where AS 1860 Part 2; and 2006; and Particleboard flooring - Installation (incorporating amendment 1); and B1D4; and H1D6 apply, the relevant requirement must be met in accordance with Specification S45C3. For the building, where AS 1905 Part 1; and 2015; and Components for the protection of openings in fire-resistant walls - Fire-resistant doorsets (incorporating amendment 1); and C4D7, Spec 12 apply, the relevant requirement must be met in accordance with Specification S45C3. For the building, where AS 1905 Part 2; and 2005; and Components for the protection of openings in fire-resistant walls - Fire-resistant roller shutters; and Spec 12 apply, the relevant requirement must be met in accordance with Specification S45C3. For the building, where AS 1926 Part 1; and 2012; and Swimming pool safety - Safety barriers for swimming pools; and G1D2, G1D4; and H7D2 apply, the relevant requirement must be met in accordance with Specification S45C3. For the building, where AS 1926 Part 2; and 2007; and Swimming pool safety - Location of safety barriers for swimming pools (incorporating amendments 1 and 2); and G1D2; and H7D2 apply, the relevant requirement must be met in accordance with Specification S45C3. For the building, where AS 1926 Part 3; and 2010; and Swimming pool safety - Water recirculation systems (incorporating amendment 1); and G1D2; and H7D2 apply, the relevant requirement must be met in accordance with Specification S45C3.",1,1,"","","NCC 2022 Vol1","",0,"","","false","","NCC2022_Volume1_Tables_ClauseStyle.txt","2022"
"Vol1","J9","J","Table S45C3_43","table","Table S45C3_43","For the building, where AS 2047; and 2014; and Windows and external glazed doors in buildings (incorporating amendments 1 and 2) (See Note 4); and B1D4, F3V1, F3D4, J5D5; and H1D8, H2V1; and 13. 4. 4 apply, the relevant requirement must be met in accordance with Specification S45C3. For the building, where AS 2049; and 2002; and Roof tiles (incorporating amendment 1); and F3D2; and H1D7 apply, the relevant requirement must be met in accordance with Specification S45C3. For the building, where AS 2050; and 2018; and Installation of roof tiles; and B1D4, F3D2; and H1D7; and 7. 3. 2 apply, the relevant requirement must be met in accordance with Specification S45C3. For the building, where AS 2118 Part 1; and 2017; and Automatic fire sprinkler systems - General systems (incorporating amendments 1 and 2); and C1V3, Spec 17, Spec 18 apply, the relevant requirement must be met in accordance with Specification S45C3. For the building, where AS 2118 Part 4; and 2012; and Automatic fire sprinkler systems - Sprinkler protection for accommodation buildings not > four storeys in height; and Spec 17, Spec 18 apply, B4D3 must be provided or applied in accordance with Specification S45C3. For the building, where AS 2118 Part 5; and 2008 (R 2020); and Automatic fire sprinkler systems - Home fire sprinkler systems apply, B4D3 must be provided or applied in accordance with Specification S45C3. For the building, where AS 2118 Part 6; and 2012; and Automatic fire sprinkler systems - Combined sprinkler and hydrant systems in multistorey buildings; and Spec 17 apply, B4D3 must be provided or applied in accordance with Specification S45C3. For the building, where AS 2159; and 2009; and Piling - Design and installation (incorporating amendment 1); and B1D4; and H1D12 apply, the relevant requirement must be met in accordance with Specification S45C3. For the building, where AS/NZS 2179 Part 1; and 2014; and Specifications for rainwater goods, accessories and fasteners - Metal shape or sheet rainwater goods, and metal accessories and fasteners; and 7. 4. 2 apply, the relevant requirement must be met in accordance with Specification S45C3. For the building, where AS/NZS 2269 Part 0; and 2012; and Plywood - Structural - Specifications (incorporating amendment 1); and 7. 5. 4 apply, the relevant requirement must be met in accordance with Specification S45C3. For the building, where AS/NZS 2293 Part 1; and 2018; and Emergency lighting and exit signs for buildings - System design, installation and operation (incorporating amendment 1); and E4D4, E4D8, Spec 25, I3D15 apply, the relevant requirement must be met in accordance with Specification S45C3. For the building, where AS 2312 Part 1; and 2014; and Guide to the protection of structural steel against atmospheric corrosion by the use of protective coatings - Paint coatings; and 6. 3. 9 apply, the relevant requirement must be met in accordance with Specification S45C3. For the building, where AS/NZS 2312 Part 2; and 2014; and Guide to the protection of structural steel against atmospheric corrosion by the use of protective coatings - Hot dip galvanizing; and 6. 3. 9 apply, the relevant requirement must be met in accordance with Specification S45C3. For the building, where AS/NZS 2327; and 2017; and Composite structures - Composite steel- concrete construction in buildings (incorporating amendment 1); and B1D4, Spec 1; and Spec 1; and 2. 2. 4 apply, Spec 1 must be provided or applied in accordance with Specification S45C3.",1,1,"","","NCC 2022 Vol1","",0,"","","false","","NCC2022_Volume1_Tables_ClauseStyle.txt","2022"
"Vol1","J9","J","Table S45C3_44","table","Table S45C3_44","For the building, where AS 2419 Part 1; and 2021; and Fire hydrant installations - System design, installation and commissioning; and C3D13, E1D2, Spec 18, I3D9 apply, B4D4 must be provided or applied in accordance with Specification S45C3. For the building, where AS 2441; and 2005; and Installation of fire hose reels (incorporating amendment 1); and E1D3 apply, B4D5 must be provided or applied in accordance with Specification S45C3. For the building, where AS 2444; and 2001; and Portable fire extinguishers and fire blankets - Selection and location; and E1D14, I3D11 apply, the relevant requirement must be met in accordance with Specification S45C3. For the building, where AS 2665; and 2001; and Smoke/heat venting systems - Design, installation and commissioning; and Spec 22, Spec 31 apply, the relevant requirement must be met in accordance with Specification S45C3. For the building, where AS 2699 Part 1; and 2020; and Built-in components for masonry construction - Wall ties (See Note 9); and C2D10; and 5. 6. 5 apply, the relevant requirement must be met in accordance with Specification S45C3. For the building, where AS 2699 Part 3; and 2020; and Built-in components for masonry construction - Lintels and shelf angles (durability requirements) (See Note 9); and C2D10; and 5. 6. 7 apply, the relevant requirement must be met in accordance with Specification S45C3. For the building, where AS 2870; and 2011; and Residential slabs and footings; and F1D7; and H1D4, H1D5; and 3. 4. 2, 4. 2. 2, 4. 2. 6, 4. 2. 8, 4. 2. 11, 4. 2. 14, 4. 2. 15, 10. 2. 9 apply, the relevant requirement must be met in accordance with Specification S45C3. For the building, where AS/NZS 2890 Part 6; and 2009; and Parking facilities - Offstreet parking for people with disabilities; and D4D6 apply, the relevant requirement must be met in accordance with Specification S45C3. For the building, where AS/NZS 2904; and 1995; and Damp-proof courses and flashings (incorporating amendments 1 and 2); and F1D6; and 5. 7. 3, 7. 5. 6, 12. 3. 3 apply, the relevant requirement must be met in accordance with Specification S45C3. For the building, where AS/NZS 2908 Part 1; and 2000; and Cellulose-cement products - Corrugated sheets; and B1D4 apply, the relevant requirement must be met in accordance with Specification S45C3. For the building, where AS/NZS 2908 Part 2; and 2000; and Cellulose-cement products - Flat sheets; and Schedule 1; and Schedule 1; and 7. 5. 3, 7. 5. 4, 7. 5. 5, 10. 2. 9. 10. 2. 10, Schedule 1 apply, Schedule 1 must be provided or applied in accordance with Specification S45C3. For the building, where AS/NZS 2918; and 2018; and Domestic solid fuel burning appliances - Installation (See Note 8); and G2D2; and H7D5; and 12. 4. 4, 12. 4. 5 apply, the relevant requirement must be met in accordance with Specification S45C3. For Electrical installations - Classification of the fire and mechanical performance of wiring system elements, where AS/NZS 3013; and 2005; and Electrical installations - Classification of the fire and mechanical performance of wiring system elements; and C3D14 apply, the relevant requirement must be met in accordance with Specification S45C3. For the building, where AS/NZS 3500 Part 0; and 2021; and Plumbing and drainage - Glossary of terms; and A1G4; and A1G4 apply, A1G4 must be provided or applied in accordance with Specification S45C3. For the building, where AS/NZS 3500 Part 1; and 2018; and Plumbing and drainage - Water services apply, B5D6 must be provided or applied in accordance with Specification S45C3.",1,1,"","","NCC 2022 Vol1","",0,"","","false","","NCC2022_Volume1_Tables_ClauseStyle.txt","2022"
"Vol1","J9","J","Table S45C3_45","table","Table S45C3_45","For the building, where AS/NZS 3500 Part 1; and 2021; and Plumbing and drainage - Water services apply, B1D3, B1D5, B1D6, B3D3, B5V1, B5D2, B5D3, B5D4, Spec 41, B6D2, B6D3, B6D5, B7D3, must be provided or applied in accordance with Specification S45C3. For the building, where AS/NZS 3500 Part 2; and 2021; and Plumbing and drainage - Sanitary plumbing and drainage (incorporating amendment 1) apply, C1D3, C1V1, C1V2, C1V3, C1V4, C1V5, C2V2, C2D3, C2D4, C3D7 must be provided or applied in accordance with Specification S45C3. For the building, where AS/NZS 3500 Part 3; and 2021; and Plumbing and drainage - Stormwater drainage (See Note 11); and F1D3; and H2D2, H2D6; and 7. 4. 3 apply, the relevant requirement must be met in accordance with Specification S45C3. For the building, where AS/NZS 3500 Part 4; and 2021; and Plumbing and drainage - Heated water services (incorporating amendment 1) apply, B2D2, B2D6, B2D7, B2D8, B2D9, B2D11 must be provided or applied in accordance with Specification S45C3. For the building, where AS 3600; and 2018; and Concrete structures (incorporating amendments 1 and 2); and B1V1, B1D4, Spec 1; and H1V1, H1D4, Spec 1; and 3. 4. 2, 4. 2. 6, 4. 2. 10, 4. 2. 13, 5. 3. 3, 10. 2. 9 apply, Spec 1 must be provided or applied in accordance with Specification S45C3. For the building, where AS 3660 Part 1; and 2014; and Termite management - New building work (incorporating amendment 1); and B1D4, F1D6; and 3. 4. 1, 3. 4. 2 apply, the relevant requirement must be met in accordance with Specification S45C3. For the building, where AS 3660 Part 3; and 2014; and Termite management - Assessment criteria for termite management systems; and 3. 4. 2 apply, the relevant requirement must be met in accordance with Specification S45C3. For the building, where AS/NZS 3666 Part 1; and 2011; and Air-handling and water systems of buildings - Microbial control - Design, installation and commissioning; and F4D10, F6D6 apply, the relevant requirement must be met in accordance with Specification S45C3. For the building, where AS 3700; and 2018; and Masonry structures; and B1D4, F3D5, Spec 1, Spec 2; and H1D5, H2D4, Spec 1, Spec 2; and 5. 3. 3, 5. 4. 2, 5. 6. 3, 6. 3. 6, 10. 2. 9, 10. 2. 19, 10. 2. 20, 12. 4. 3 apply, Spec 1, Spec 2 must be provided or applied in accordance with Specification S45C3. For the building, where AS 3740; and 2021; and Waterproofing of domestic wet areas; and F2D2; and H4D2, H4D3; and 10. 2. 20 apply, the relevant requirement must be met in accordance with Specification S45C3. For the building, where AS 3786; and 2014; and Smoke alarms using scattered light, transmitted light or ionization (incorporating amendment 1 and 2) (See Note 5); and Spec 20; and 9. 5. 1 apply, the relevant requirement must be met in accordance with Specification S45C3. For the building, where AS/NZS 3823 Part 1. 2; and 2012; and Performance of electrical appliances - Air conditioners and heat pumps - Ducted air conditioners and air-to-air heat pumps - Testing and rating for performance; and Spec 33, J6D12 apply, the relevant requirement must be met in accordance with Specification S45C3.",1,1,"","","NCC 2022 Vol1","",0,"","","false","","NCC2022_Volume1_Tables_ClauseStyle.txt","2022"
"Vol1","J9","J","Table S45C3_46","table","Table S45C3_46","For the building, where AS 3959; and 2018; and Construction of buildings in bushfire-prone areas (incorporating amendments 1 and 2); and C2D14, F8D5, G5D2, G5D3, Spec 43; and H7D4; and 10. 8. 3 apply, B1D4, B2D10, B3D4, C1D4, C2D5 must be provided or applied in accordance with Specification S45C3. For the building, where AS/NZS 4020; and 2018; and Testing of products for use in contact with drinking water (See Note 6); and A5G4; and A5G4 apply, A5G4 must be provided or applied in accordance with Specification S45C3. For the building, where AS 4055; and 2021; and Wind loads for housing; and Schedule 1; and H1D6, H1D8, Schedule 1; and 2. 2. 3, Schedule 1 apply, Schedule 1 must be provided or applied in accordance with Specification S45C3. For the building, where AS 4072 Part 1; and 2005; and Components for the protection of openings in fire-resistant separating elements - Service penetrations and control joints (incorporating amendment 1); and C4D15, C4D16; and 9. 3. 2 apply, the relevant requirement must be met in accordance with Specification S45C3. For the building, where AS 4100; and 2020; and Steel structures; and B1D4, Spec 1; and H1D6, Spec 1; and 4. 2. 13, 5. 6. 7 apply, Spec 1 must be provided or applied in accordance with Specification S45C3. For the building, where AS 4200 Part 1; and 2017; and Pliable building membranes and underlays - Materials (incorporating amendment 1); and F3D3, F8D3, Spec 36, Schedule 1; and Schedule 1; and 7. 3. 4, 7. 5. 2, 7. 5. 8, 10. 8. 1, Schedule 1 apply, Schedule 1 must be provided or applied in accordance with Specification S45C3. For the building, where AS 4200 Part 2; and 2017; and Pliable building membranes and underlays - Installation requirements (incorporating amendments 1 and 2); and F3D3, F8D3; and 10. 8. 1 apply, the relevant requirement must be met in accordance with Specification S45C3. For the building, where AS/NZS 4234; and 2021; and Heated water systems - Calculation of energy consumption; and Spec 45 apply, B2D2 must be provided or applied in accordance with Specification S45C3. For the building, where AS 4254 Part 1; and 2021; and Ductwork for air-handling systems in buildings - Flexible duct; and Spec 7, J6D7; and H3D2; and 13. 7. 4 apply, the relevant requirement must be met in accordance with Specification S45C3. For the building, where AS 4254 Part 2; and 2012; and Ductwork for air-handling systems in buildings - Rigid duct; and Spec 7, J6D5, J6D7; and 13. 7. 4 apply, the relevant requirement must be met in accordance with Specification S45C3. For the building, where AS/NZS 4284; and 2008; and Testing of building facades; and F3V1; and H2V1 apply, the relevant requirement must be met in accordance with Specification S45C3. For the building, where AS/NZS 4505; and 2012; and Garage doors and other large access doors (incorporating amendment 1); and B1D4; and 2. 2. 4 apply, the relevant requirement must be met in accordance with Specification S45C3. For the building, where AS 4552; and 2005; and Gas fired water heaters for hot water supply and/or central heating apply, B2D2 must be provided or applied in accordance with Specification S45C3. For the building, where AS 4586; and 2013; and Slip resistance classification of new pedestrian surface materials (incorporating amendment 1) (See Note 7); and D3D11, D3D14, D3D15. Spec 27; and 11. 2. 4 apply, the relevant requirement must be met in accordance with Specification S45C3. For the building, where AS 4597; and 1999; and Installation of roof slates and shingles (Non- interlocking type); and B1D4, F3D2; and H1D7 apply, the relevant requirement must be met in accordance with Specification S45C3. For the building, where AS/NZS 4600; and 2018; and Cold-formed steel structures; and B1D4, Spec 1; and H1D6, Spec 1; and 5. 3. 3, 6. 3. 6 apply, Spec 1 must be provided or applied in accordance with Specification S45C3.",1,1,"","","NCC 2022 Vol1","",0,"","","false","","NCC2022_Volume1_Tables_ClauseStyle.txt","2022"
"Vol1","J9","J","Table S45C3_47","table","Table S45C3_47","For the building, where AS 4654 Part 1; and 2012; and Waterproofing membranes for external above-ground use - Materials; and F1D5; and H2D8 apply, the relevant requirement must be met in accordance with Specification S45C3. For the building, where AS 4654 Part 2; and 2012; and Waterproofing membranes for external above-ground use - Design and installation; and C2D14, F1D4, F1D5; and H2D8 apply, the relevant requirement must be met in accordance with Specification S45C3. For the building, where AS 4678; and 2002; and Earth-retaining structures; and H1D3 apply, the relevant requirement must be met in accordance with Specification S45C3. For the building, where AS 4773 Part 1; and 2015; and Masonry in small buildings - Design (incorporating amendment 1); and H1D5, H2D4; and 5. 6. 3, 12. 4. 3 apply, the relevant requirement must be met in accordance with Specification S45C3. For the building, where AS 4773 Part 2; and 2015; and Masonry in small buildings - Construction (incorporating amendment 1); and H1D5, H2D4; and 5. 6. 3, 12. 4. 3 apply, the relevant requirement must be met in accordance with Specification S45C3. For the building, where AS/NZS 4859 Part 1; and 2018; and Thermal insulation materials for buildings - General criteria and technical provisions; and J4D3, J6D6, J6D9; and 13. 2. 2, 13. 7. 2, 13. 7. 4 apply, the relevant requirement must be met in accordance with Specification S45C3. For the building, where AS/NZS 4859 Part 2; and 2018; and Thermal insulation materials for buildings - Design; and J3D8, J4D3, Spec 36, Spec 37; and 13. 2. 5, 13. 2. 6 apply, the relevant requirement must be met in accordance with Specification S45C3. For the building, where AS/NZS 4858; and 2004; and Wet area membranes; and 10. 2. 8 apply, the relevant requirement must be met in accordance with Specification S45C3. For Classification of external walls of buildings based on reaction-to-fire performance (incorporating amendment 1), where AS 5113; and 2016; and Classification of external walls of buildings based on reaction-to-fire performance (incorporating amendment 1); and C1V3 apply, the relevant requirement must be met in accordance with Specification S45C3. For the building, where AS 5146 Part 1; and 2015; and Reinforced autoclaved aerated concrete - Structures (incorporating amendment 1); and B1D4; and H1D7 apply, the relevant requirement must be met in accordance with Specification S45C3. For the building, where AS 5146 Part 3; and 2018; and Reinforced autoclaved aerated concrete - Construction; and B1D4, F3D5 apply, the relevant requirement must be met in accordance with Specification S45C3. For the building, where AS 5216; and 2021; and Design of post-installed and cast-in fastenings in concrete; and B1D4; and 2. 2. 4 apply, the relevant requirement must be met in accordance with Specification S45C3. For the building, where AS/NZS 5601 Part 1; and 2013; and Gas installations - General installations; and J1V4; and H6V3 apply, the relevant requirement must be met in accordance with Specification S45C3. For the building, where AS 5637 Part 1; and 2015; and Determination of fire hazard properties - Wall and ceiling linings; and Spec 7, Schedule 1; and Schedule 1; and Schedule 1 apply, Schedule 1 must be provided or applied in accordance with Specification S45C3. For the building, where AS ISO 9239 Part 1; and 2003; and Reaction to fire tests for floorings - Determination of the burning behaviour using a radiant heat source; and Schedule 1; and Schedule 1; and Schedule 1 apply, Schedule 1 must be provided or applied in accordance with Specification S45C3. For the building, where AS/NZS ISO 9972; and 2015; and Thermal performance of buildings - Determination of air permeability of buildings - Fan pressurization method; and J1V4; and H6V3 apply, the relevant requirement must be met in accordance with Specification S45C3. For the building, where AIRAH-DA07; and 2021; and Criteria for moisture control design analysis in buildings; and F8V1; and H4V5 apply, the relevant requirement must be met in accordance with Specification S45C3.",1,1,"","","NCC 2022 Vol1","",0,"","","false","","NCC2022_Volume1_Tables_ClauseStyle.txt","2022"
"Vol1","J9","J","Table S45C3_48","table","Table S45C3_48","For the building, where AIRAH-DA09; and 1998; and Air conditioning load estimation; and Spec 35 apply, the relevant requirement must be met in accordance with Specification S45C3. For the building, where AIRAH-DA28; and 2011; and Building management and control systems; and Spec 34 apply, the relevant requirement must be met in accordance with Specification S45C3. For the building, where ANSI/ASHRAE Standard 55; and 2013; and Thermal environmental conditions for human occupancy; and Schedule 1; and Schedule 1; and Schedule 1 apply, Schedule 1 must be provided or applied in accordance with Specification S45C3. For the building, where ANSI/ASHRAE Standard 140; and 2007; and Standard method of test for the evaluation of building energy analysis computer programs; and J1V1, J1V2, J1V3, J1V5; and H6V2 apply, the relevant requirement must be met in accordance with Specification S45C3. For the building, where ASTM E2073-10; and 2010; and Standard Test Method for Photopic Luminance of Photoluminescent (Phosphorescent) Markings; and Spec 25 apply, the relevant requirement must be met in accordance with Specification S45C3. For the building, where ASTM E72-15; and 2015; and Standard Test Methods of Conducting Strength Tests of Panels for Building Construction; and Spec 6 apply, the relevant requirement must be met in accordance with Specification S45C3. For the building, where ASTM E695-03; and 2003; and Standard Test Method of Measuring Relative Resistance of Wall, Floor and Roof Construction to Impact Loading; and Spec 6 apply, the relevant requirement must be met in accordance with Specification S45C3. For the building, where ASTM E96; and 2016; and Standard Test Methods for Water Vapor Transmission of Materials; and Schedule 1; and Schedule 1; and Schedule 1 apply, Schedule 1 must be provided or applied in accordance with Specification S45C3. For the building, where AHRI 460; and 2005; and Performance rating of remote mechanical- draft air-cooled refrigerant condensers; and J6D13 apply, the relevant requirement must be met in accordance with Specification S45C3. For the building, where AHRI 551/591; and 2015; and Performance rating of water-chilling and heat pump water-heating packages using the vapor compression cycle.; and Spec 33, J6D11 apply, the relevant requirement must be met in accordance with Specification S45C3. For the building, where ABCB; and 2022; and Fire Safety Verification Method; and C1V4 apply, the relevant requirement must be met in accordance with Specification S45C3. For the building, where ABCB; and 2022; and Housing Provisions Standard; and Throughout; and Throughout apply, the relevant requirement must be met in accordance with Specification S45C3. For the building, where ABCB; and 2022; and Livable Housing Design; and G7D2; and H4D3, H8D2; and 3. 3. 3, 11. 2. 3 apply, the relevant requirement must be met in accordance with Specification S45C3. For the building, where ABCB; and 2011; and Protocol for Structural Software, Version 2011. 2; and B1D5; and H1D6; and 2. 2. 5 apply, the relevant requirement must be met in accordance with Specification S45C3. For the building, where ABCB; and 2012; and Standard for Construction of Buildings in Flood Hazard Areas, Version 2012. 3; and B1D6; and H1D10 apply, the relevant requirement must be met in accordance with Specification S45C3. For the building, where ABCB; and 2022; and Standard for NatHERS Heating and Cooling Load Limits, Version 2022. 1; and J3D3; and Spec 42 apply, the relevant requirement must be met in accordance with Specification S45C3. For the building, where ABCB; and 2022; and Standard for Whole-of-Home Efficiency Factors; and J3D14; and 13. 6. 2 apply, the relevant requirement must be met in accordance with Specification S45C3. For the building, where CIBSE Guide A; and 2015; and Environmental design; and Spec 34, Spec 35, J4D3, J4D7 apply, the relevant requirement must be met in accordance with Specification S45C3.",1,1,"","","NCC 2022 Vol1","",0,"","","false","","NCC2022_Volume1_Tables_ClauseStyle.txt","2022"
"Vol1","J9","J","Table S45C3_49","table","Table S45C3_49","For the building, where 2002; and Disability Standards for Accessible Public Transport; and F4D12, I2D1 apply, the relevant requirement must be met in accordance with Specification S45C3. For the building, where 2010; and Education and Care Services National Law Act (Vic); and Schedule 1; and Schedule 1; and Schedule 1 apply, Schedule 1 must be provided or applied in accordance with Specification S45C3. For the building, where European Union Commission Regulation 547/2012; and 2012; and Eco-design requirements for water pumps; and J6D8 apply, the relevant requirement must be met in accordance with Specification S45C3. For the building, where European Union Commission Regulation 622/Annexx II, point 2; and 2012; and Eco-design requirements for glandless standalone circulators and glandless circulators integrated in products; and J6D8 apply, the relevant requirement must be met in accordance with Specification S45C3. For the building, where FPAA101D; and 2021; and Automatic Fire Sprinkler System Design and Installation - Drinking Water Supply; and C1V3, C2D6, C2D13, C3D2, C3D7, C3D8, C4D6, C4D7, C4D8, C4D9, C4D12, Spec 5, Spec 7, D2D4, D2D17, D3D26, D3D30, E2D8, E2D9, E2D13, E2D14, E2D15, E2D16, E2D17, E2D19, E2D20, Spec 17, Spec 18, Spec 20, G3D1, G3D6, Spec 31, I1D2, Schedule 1; and Schedule 1; and Schedule 1 apply, B4D3, Schedule 1, B1D5 must be provided or applied in accordance with Specification S45C3.",1,1,"","","NCC 2022 Vol1","",0,"","","false","","NCC2022_Volume1_Tables_ClauseStyle.txt","2022"
"Vol1","J9","J","Table S45C3_50","table","Table S45C3_50","For the building, where FPAA101H; and 2018; and Automatic Fire Sprinkler System Design and Installation - Hydrant Water Supply (incorporating amendment 1); and C1V3, C2D6, C2D13, C3D2, C3D7, C3D8, Spec 5, Spec 7, Spec 17, Spec 18, E2D8, E2D9, E2D13, E2D14, E2D15, E2D16, E2D17, E2D19, E2D20, Spec 20, G3D1, G3D6, Spec 31, I1D2 apply, B4D3 must be provided or applied in accordance with Specification S45C3. For the building, where ISO 140 Part 6; and 1998E; and Acoustics - Measurement of sound insulation in buildings and of building elements - Laboratory measurements of impact sound insulation of floors; and Spec 29 apply, the relevant requirement must be met in accordance with Specification S45C3. For the building, where ISO 540; and 2008; and Hard coal and coke - Determination of ash fusibility; and Spec 13 apply, the relevant requirement must be met in accordance with Specification S45C3. For the building, where ISO 8336; and 1993E; and Fibre-cement flat sheets; and Schedule 1; and Schedule 1; and 7. 5. 3, 7. 5. 4, 7. 5. 5, Schedule 1 apply, Schedule 1 must be provided or applied in accordance with Specification S45C3. For the building, where ISO 25745 Part 2; and 2015; and Energy performance of lifts, escalators and moving walks: Energy calculation and classification for lifts (elevators); and J7D8 apply, the relevant requirement must be met in accordance with Specification S45C3. For the building, where NASH Standard; and 2021; and Steel Framed Construction in Bushfire Areas; and H7D4 apply, the relevant requirement must be met in accordance with Specification S45C3. For the building, where NASH Standard Part 1; and 2005; and Residential and Low Rise Steel Framing - Design Criteria (incorporating amendments A, B and C); and B1D4; and H1D6 apply, the relevant requirement must be met in accordance with Specification S45C3. For the building, where NASH Standard Part 2; and 2014; and Residential and Low Rise Steel Framing - Design Solutions (incorporating amendment A); and B1D4, B1D5, F1D8; and H1D6; and 2. 2. 5, 6. 2. 1, 6. 3. 6, 7. 5. 2, 7. 5. 3, 7. 5. 4, 10. 2. 19, 10. 2. 20 apply, the relevant requirement must be met in accordance with Specification S45C3. For the building, where NSF/ ANSI/ CAN 372; and 2020; and Drinking Water System Components - Lead Content; and A5G4; and A5G4 apply, A5G4 must be provided or applied in accordance with Specification S45C3. For the building, where Northern Territory Deemed to Comply Standards Manual; and 2. 2. 4 apply, the relevant requirement must be met in accordance with Specification S45C3. For the building, where SATS 5344; and 2019; and Permanent labelling for Aluminium Composite Panel(ACP) products; and A5G8; and A5G8 apply, A5G8 must be provided or applied in accordance with Specification S45C3. For the building, where TN 61; and Cement Concrete and Aggregates Australia - Technical note - Articulated walling; and H1D4 apply, the relevant requirement must be met in accordance with Specification S45C3.",1,1,"","","NCC 2022 Vol1","",0,"","","false","","NCC2022_Volume1_Tables_ClauseStyle.txt","2022"
"Vol1","J9","J","Table S45C3_51","table","Table S45C3_51","For the building, where WMK NOD 2021/4. 2; and 2021; and Water Mark Notice of Direction 2021/4. 2 Certification transition arrangements for lead free plumbing products; and A5G4; and A5G4 apply, A5G4 must be provided or applied in accordance with Specification S45C3.",1,1,"","","NCC 2022 Vol1","",0,"","","false","","NCC2022_Volume1_Tables_ClauseStyle.txt","2022"
"Vol1","I1","I","Table NSW I4D12_1","table","Table NSW I4D12_1","For the building, where NSW I4D14 applies, Load notice must be provided or applied in accordance with Specification NSW I4D12. For the building, where NSW I4D15 applies, Safety curtains must be provided or applied in accordance with Specification NSW I4D12. For the building, where NSW I4D16 applies, Safety curtains - additional requirements must be provided or applied in accordance with Specification NSW I4D12. For the building, where NSW I4D17 applies, Seating in rows: application must be provided or applied in accordance with Specification NSW I4D12. For the building, where NSW I4D18 applies, Seating in rows: number of seats must be provided or applied in accordance with Specification NSW I4D12. For the building, where NSW I4D19 applies, Seating in rows: chairs used for seating must be provided or applied in accordance with Specification NSW I4D12. For the building, where NSW I4D20 applies, Seating in rows: chairs in auditoriums - level floors must be provided or applied in accordance with Specification NSW I4D12. For the building, where NSW I4D21 applies, Seating in rows: chairs in auditoriums - sloping floors must be provided or applied in accordance with Specification NSW I4D12. For the building, where NSW I4D22 applies, Seating in rows: radiating aisles in seating areas must be provided or applied in accordance with Specification NSW I4D12. For the building, where NSW I4D23 applies, Seating in rows: aisles and cross-overs must be provided or applied in accordance with Specification NSW I4D12. For the building, where NSW I4D24 applies, Seating in rows: platforms and steps must be provided or applied in accordance with Specification NSW I4D12. For the building, where NSW I4D25 applies, Seating in rows: stepped platforms must be provided or applied in accordance with Specification NSW I4D12. For the building, where NSW I4D26 applies, Continental seating: application must be provided or applied in accordance with Specification NSW I4D12. For the building, where NSW I4D27 applies, Continental seating: seating to be fastened must be provided or applied in accordance with Specification NSW I4D12. For the building, where NSW I4D28 applies, Continental seating: maximum seats per row must be provided or applied in accordance with Specification NSW I4D12. For the building, where NSW I4D29 applies, Continental seating: depth of seating must be provided or applied in accordance with Specification NSW I4D12. For the building, where NSW I4D30 applies, Continental seating: clearance between rows must be provided or applied in accordance with Specification NSW I4D12. For the building, where NSW I4D31 applies, Continental seating: chairs used for seating must be provided or applied in accordance with Specification NSW I4D12. For the building, where NSW I4D32 applies, Continental seating: egress doorways must be provided or applied in accordance with Specification NSW I4D12. For the building, where NSW I4D33 applies, Continental seating: clear areas must be provided or applied in accordance with Specification NSW I4D12. For the building, where NSW I4D34 applies, Continental seating: minimum clear space must be provided or applied in accordance with Specification NSW I4D12. For the building, where NSW I4D35 applies, Continental seating: doors must be provided or applied in accordance with Specification NSW I4D12. For the building, where NSW I4D36 applies, Provision of guardrails: location must be provided or applied in accordance with Specification NSW I4D12. For the building, where NSW I4D37 applies, Provision of guardrails: fixed back seats must be provided or applied in accordance with Specification NSW I4D12. For the building, where NSW I4D38 applies, Provision of guardrails: steps between platforms must be provided or applied in accordance with Specification NSW I4D12. For the building, where NSW I4D39 applies, Guardrails for seating areas: application must be provided or applied in accordance with Specification NSW I4D12. For the building, where NSW I4D40 applies, Guardrails for seating areas: continental seating must be provided or applied in accordance with Specification NSW I4D12. For the building, where NSW I4D41 applies, Guardrails for seating areas: balconies and boxes must be provided or applied in accordance with Specification NSW I4D12. For the building, where NSW I4D42 applies, Guardrails for seating areas: cross-overs must be provided or applied in accordance with Specification NSW I4D12. For the building, where NSW I4D43 applies, Dressing rooms must be provided or applied in accordance with Specification NSW I4D12. For the building, where NSW I4D44 applies, Storerooms must be provided or applied in accordance with Specification NSW I4D12. For the building, where NSW I4D45 applies, Projection suites: Application must be provided or applied in accordance with Specification NSW I4D12. For the building, where NSW I4D46 applies, Projection suites: rooms to be provided must be provided or applied in accordance with Specification NSW I4D12. For the building, where NSW I4D47 applies, Projection suites: fire separation must be provided or applied in accordance with Specification NSW I4D12. For the building, where NSW I4D48 applies, Projection suites: concession for protection of some openings must be provided or applied in accordance with Specification NSW I4D12. For the building, where NSW I4D49 applies, Basement storeys must be provided or applied in accordance with Specification NSW I4D12. For the building, where NSW I4D50 applies, Basement storeys: more than two must be provided or applied in accordance with Specification NSW I4D12. For the building, where NSW I4D51 applies, Electric mains installation: main switchboard must be provided or applied in accordance with Specification NSW I4D12. For the building, where NSW I4D52 applies, Electric mains installation: circuit protection must be provided or applied in accordance with Specification NSW I4D12. For the building, where NSW I4D53 applies, Electric mains installation: separate sub-mains must be provided or applied in accordance with Specification NSW I4D12. For the building, where NSW I4D54 applies, Lighting: lighting switches must be provided or applied in accordance with Specification NSW I4D12. For the building, where NSW I4D55 applies, Lighting: lighting levels must be provided or applied in accordance with Specification NSW I4D12. For the building, where NSW I4D56 applies, Lighting: provision of aisle lighting must be provided or applied in accordance with Specification NSW I4D12. For the building, where NSW I4D57 applies, Lighting: aisle lighting power supply must be provided or applied in accordance with Specification NSW I4D12. For the building, where NSW I4D58 applies, Lighting: aisle lighting alternative lighting supply must be provided or applied in accordance with Specification NSW I4D12.",1,1,"","","NCC 2022 Vol1","",0,"","","false","","NCC2022_Volume1_Tables_ClauseStyle.txt","2022"
"Vol1","I1","I","Table I5D4","table","Table I5D4","For the building, where 1 - 25; and 1 - 2 apply, 1000 must be provided or applied in accordance with Specification NSW I5D4. For the building, where 26 - 50; and 2 apply, 1500 must be provided or applied in accordance with Specification NSW I5D4. For the building, where 51 - 75; and 2 apply, 2000 must be provided or applied in accordance with Specification NSW I5D4. For the building, where 76 - 100; and 2 apply, 2500 must be provided or applied in accordance with Specification NSW I5D4. For the building, where 101 - 200; and 2 apply, 3000 must be provided or applied in accordance with Specification NSW I5D4. For the building, where 201 - 400; and 3 apply, 4500 must be provided or applied in accordance with Specification NSW I5D4. For the building, where 401 - 600; and 4 apply, 6000 must be provided or applied in accordance with Specification NSW I5D4. For the building, where 601 - 800; and 5 apply, 7500 must be provided or applied in accordance with Specification NSW I5D4. For the building, where 801 - 1000; and 5 apply, 9000 must be provided or applied in accordance with Specification NSW I5D4.",1,1,"","","NCC 2022 Vol1","",0,"","","false","","NCC2022_Volume1_Tables_ClauseStyle.txt","2022"
"Vol1","I1","I","Table NSW I5D4_2","table","Table NSW I5D4_2","For the building, where Over 1000; and 5 exits plus one additional exit for each additional 450 persons, or part thereof. apply, 9000 mm, plus 500 mm for each additional 50 persons or part thereof must be provided or applied in accordance with Specification NSW I5D4.",1,1,"","","NCC 2022 Vol1","",0,"","","false","","NCC2022_Volume1_Tables_ClauseStyle.txt","2022"
"Vol1","I1","I","Table NSW I6D6_1","table","Table NSW I6D6_1","For the building, where J2D1 applies, Deemed-to-Satisfy Provisions must be provided or applied in accordance with Specification J3D1. For the building, where NSW J2D2 applies, Application of Section J must be provided or applied in accordance with Specification J3D1. For Class 2 b, where Part J3 applies, Elemental provisions for a sole-occupancy unit of a Class 2 building or a Class 4 part of a building must be provided or applied in accordance with Specification J3D1. For the building, where J3D1 applies, Deemed-to-Satisfy Provisions must be provided or applied in accordance with Specification J3D1. For the building, where NSW J3D2 applies, Application of Part must be provided or applied in accordance with Specification J3D1. For Class 2 b, where NSW J3D3 applies, Reducing heating and cooling loads of a sole-occupancy unit of a Class 2 building or a Class 4 part of a building using house en- ergy rating software must be provided or applied in accordance with Specification J3D1. For Class 2 b, where NSW J3D4 applies, Ceiling fans in a sole-occupancy unit of a Class 2 building or a must be provided or applied in accordance with Specification J3D1.",1,1,"","","NCC 2022 Vol1","",0,"","","false","","NCC2022_Volume1_Tables_ClauseStyle.txt","2022"
"Vol1","I1","I","Table NSW I6D6_2","table","Table NSW I6D6_2","For Class 2 b, where NSW J3D7 applies, Roofs and ceilings of a sole-occupancy unit of a Class 2 building or a Class 4 part of a building must be provided or applied in accordance with Specification J9D1. For Class 2 b, where NSW J3D8 applies, External walls of a sole-occupancy unit of a Class 2 building or a Class 4 part of a building must be provided or applied in accordance with Specification J9D1. For Class 2 b, where NSW J3D9 applies, Wall-glazing construction of a sole-occupancy unit of a Class 2 building or a Class 4 part of a building must be provided or applied in accordance with Specification J9D1. For Class 2 b, where J3D10 applies, Floors of a sole-occupancy unit of a Class 2 building or a Class 4 part of a building must be provided or applied in accordance with Specification J9D1. For Class 2 b, where NSW J3D11 applies, External winter glazing of a sole-occupancy unit of a Class 2 building or a Class 4 part of a building must be provided or applied in accordance with Specification J9D1. For Class 2 b, where NSW J3D12 applies, External summer glazing of a sole-occupancy unit of a Class 2 building or a Class 4 part of a building must be provided or applied in accordance with Specification J9D1. For Class 2 b, where NSW J3D13 applies, Shading of a sole-occupancy unit of a Class 2 building or a Class 4 part of a building must be provided or applied in accordance with Specification J9D1. For Class 2 b, where NSW J3D14 applies, Net equivalent energy usage of a sole-occupancy unit of a Class 2 building or a Class 4 part of a building must be provided or applied in accordance with Specification J9D1. For Class 2 b, where NSW J3D15 applies, Net equivalent energy usage for a sole-occupancy unit of a Class 2 building or Class 4 part of building - home energy rating soft- ware must be provided or applied in accordance with Specification J9D1. For the building, where Part J4 applies, Building fabric must be provided or applied in accordance with Specification J9D1. For the building, where J4D1 applies, Deemed-to-Satisfy Provisions must be provided or applied in accordance with Specification J9D1. For the building, where NSW J4D2 applies, Application of Part must be provided or applied in accordance with Specification J9D1. For the building, where NSW J4D3 applies, Thermal construction-general must be provided or applied in accordance with Specification J9D1. For the building, where NSW J4D6 applies, Walls and glazing must be provided or applied in accordance with Specification J9D1. For the building, where Part J5 applies, Building sealing must be provided or applied in accordance with Specification J9D1. For the building, where J5D1 applies, Deemed-to-Satisfy Provisions must be provided or applied in accordance with Specification J9D1. For the building, where NSW J5D2 applies, Application of Part must be provided or applied in accordance with Specification J9D1. For the building, where NSW J5D5 applies, Windows and doors must be provided or applied in accordance with Specification J9D1. For the building, where Part J6 applies, Air-conditioning and ventilation must be provided or applied in accordance with Specification J9D1. For the building, where J6D1 applies, Deemed-to-Satisfy Provisions must be provided or applied in accordance with Specification J9D1. For the building, where NSW J6D2 applies, Application of Part must be provided or applied in accordance with Specification J9D1. For the building, where J6D10 applies, Space heating must be provided or applied in accordance with Specification J9D1. For the building, where Part J7 applies, Artificial lighting and power must be provided or applied in accordance with Specification J9D1. For the building, where J7D1 applies, Deemed-to-Satisfy Provisions must be provided or applied in accordance with Specification J9D1. For the building, where NSW J7D2 applies, Application of Part must be provided or applied in accordance with Specification J9D1. For the building, where J7D3 applies, Artificial lighting must be provided or applied in accordance with Specification J9D1. For the building, where J7D4 applies, Interior artificial lighting and power control must be provided or applied in accordance with Specification J9D1. For the building, where Part J8 applies, Heated water supply and swimming pool and spa pool plant must be provided or applied in accordance with Specification J9D1. For the building, where J8D1 applies, Deemed-to-Satisfy Provisions must be provided or applied in accordance with Specification J9D1. For the building, where NSW J8D3 applies, Swimming pool heating and pumping must be provided or applied in accordance with Specification J9D1. For the building, where NSW J8D4 applies, Spa pool heating and pumping must be provided or applied in accordance with Specification J9D1. For the building, where Part J9 applies, Energy monitoring and on-site distributed energy resources must be provided or applied in accordance with Specification J9D1. For the building, where J9D1 applies, Deemed-to-Satisfy Provisions must be provided or applied in accordance with Specification J9D1.",1,1,"","","NCC 2022 Vol1","",0,"","","false","","NCC2022_Volume1_Tables_ClauseStyle.txt","2022"
"Vol1","I1","I","Table NSW I6D6_3","table","Table NSW I6D6_3","For the building, where J2D1 applies, Deemed-to-Satisfy Provisions [2019: J0. 0] must be provided or applied in accordance with Specification J2D1.",1,1,"","","NCC 2022 Vol1","",0,"","","false","","NCC2022_Volume1_Tables_ClauseStyle.txt","2022"
"Vol1","I1","J","Table NSW J1P7_1","table","Table NSW J1P7_1","For the building, where Schedule 1; and Definitions apply, the relevant requirement must be met in accordance with Specification NSW J1P7.",1,1,"","","NCC 2022 Vol1","",0,"","","false","","NCC2022_Volume1_Tables_ClauseStyle.txt","2022"
"Vol1","I1","I","Table I4D29","table","Table I4D29","For the building, where Not > 16; and 950 apply, 300 must be provided or applied in accordance with Specification NSW I4D29. For the building, where 17 - 30; and 975 apply, 325 must be provided or applied in accordance with Specification NSW I4D29. For the building, where 31 - 45; and 1000 apply, 350 must be provided or applied in accordance with Specification NSW I4D29. For the building, where 46 - 60; and 1025 apply, 375 must be provided or applied in accordance with Specification NSW I4D29. For the building, where 61 - 75; and 1050 apply, 400 must be provided or applied in accordance with Specification NSW I4D29. For the building, where 76 - 90; and 1075 apply, 425 must be provided or applied in accordance with Specification NSW I4D29. For the building, where 91 - 105; and 1100 apply, 450 must be provided or applied in accordance with Specification NSW I4D29. For the building, where 106 - 120; and 1125 apply, 475 must be provided or applied in accordance with Specification NSW I4D29.",1,1,"","","NCC 2022 Vol1","",0,"","","false","","NCC2022_Volume1_Tables_ClauseStyle.txt","2022"
"Vol1","J3","J","Table NSW J3D15_1","table","Table NSW J3D15_1","For the building, where J4D1 applies, Deemed-to-Satisfy Provisions [2019: J1. 0] must be provided or applied in accordance with Specification J4D1.",1,1,"","","NCC 2022 Vol1","",0,"","","false","","NCC2022_Volume1_Tables_ClauseStyle.txt","2022"
"Vol1","J3","J","Table J4","table","Table J4","For the building, where 1; and 2. 4 apply, 3. 3 must be provided or applied in accordance with Specification NSW J4D6. For the building, where 2; and 1. 4 apply, 1. 4 must be provided or applied in accordance with Specification NSW J4D6. For the building, where 3; and 1. 4 apply, 3. 3 must be provided or applied in accordance with Specification NSW J4D6. For the building, where 4; and 1. 4 apply, 2. 8 must be provided or applied in accordance with Specification NSW J4D6. For the building, where 5; and 1. 4 apply, 1. 4 must be provided or applied in accordance with Specification NSW J4D6. For the building, where 6; and 1. 4 apply, 2. 8 must be provided or applied in accordance with Specification NSW J4D6. For the building, where 7; and 1. 4 apply, 2. 8 must be provided or applied in accordance with Specification NSW J4D6. For the building, where 8; and 1. 4 apply, 3. 8 must be provided or applied in accordance with Specification NSW J4D6.",1,1,"","","NCC 2022 Vol1","",0,"","","false","","NCC2022_Volume1_Tables_ClauseStyle.txt","2022"
"Vol1","J3","J","Table NSW J4D6_4","table","Table NSW J4D6_4","For the building, where J5D1 applies, Deemed-to-Satisfy Provisions [2019: J3. 0] must be provided or applied in accordance with Specification J5D1.",1,1,"","","NCC 2022 Vol1","",0,"","","false","","NCC2022_Volume1_Tables_ClauseStyle.txt","2022"
"Vol1","J3","J","Table NSW J5D5_1","table","Table NSW J5D5_1","For the building, where J6D1 applies, Deemed-to-Satisfy Provisions [2019: J5. 0] must be provided or applied in accordance with Specification J6D1.",1,1,"","","NCC 2022 Vol1","",0,"","","false","","NCC2022_Volume1_Tables_ClauseStyle.txt","2022"
"Vol1","J8","J","Table NSW J8D4_1","table","Table NSW J8D4_1","For the building, where J9D1 applies, Deemed-to-Satisfy Provisions [2019: J8. 0] must be provided or applied in accordance with Specification J9D1.",1,1,"","","NCC 2022 Vol1","",0,"","","false","","NCC2022_Volume1_Tables_ClauseStyle.txt","2022"
"Vol1","J8","J","Table NSW J1V4_2","table","Table NSW J1V4_2","For the building, where NSW Legislation; and 2018; and Swimming Pools Regulation; and NSW G1P2, NSW G1D2; and NSW H7P1, NSW H7D2 apply, the relevant requirement must be met in accordance with Specification NSW J1V4. For the building, where NSW Legislation; and 2011; and Work Health and Safety Act; and NSW G1D5 apply, the relevant requirement must be met in accordance with Specification NSW J1V4.",1,1,"","","NCC 2022 Vol1","",0,"","","false","","NCC2022_Volume1_Tables_ClauseStyle.txt","2022"
"Vol1","E1","E","Table NT F7D9_1","table","Table NT F7D9_1","For the building, where NT Part J2 applies, Energy efficiency must be provided or applied in accordance with Specification NT F7D9. For Class 2 b, where NT Part J3 applies, Elemental provisions for a sole-occupancy unit of a Class 2 building or a Class 4 part of a building must be provided or applied in accordance with Specification NT F7D9. For the building, where NT Part J4 applies, Building fabric must be provided or applied in accordance with Specification NT F7D9. For the building, where NT Part J5 applies, Building sealing must be provided or applied in accordance with Specification NT F7D9. For the building, where NT Part J6 applies, Air-conditioning and ventilation must be provided or applied in accordance with Specification NT F7D9. For the building, where NT Part J7 applies, Artificial lighting and power must be provided or applied in accordance with Specification NT F7D9. For the building, where NT Part J8 applies, Heated water supply and swimming pool and spa pool plant must be provided or applied in accordance with Specification NT F7D9. For the building, where NT Part J9 applies, Energy monitoring and on-site distributed energy resources must be provided or applied in accordance with Specification NT F7D9.",1,1,"","","NCC 2022 Vol1","",0,"","","false","","NCC2022_Volume1_Tables_ClauseStyle.txt","2022"
"Vol1","D4","D","Table SA D4D5_1","table","Table SA D4D5_1","For the building, where E1D2 applies, Fire hydrants [2019: E1. 3] must be provided or applied in accordance with Specification E1D2.",1,1,"","","NCC 2022 Vol1","",0,"","","false","","NCC2022_Volume1_Tables_ClauseStyle.txt","2022"
"Vol1","D4","D","Table E1D2","table","Table E1D2","For the building, where Group A; and 500 to 1. 000 apply, 36. 000 must be provided or applied in accordance with Specification E1D2. For the building, where Group A; and 1. 001 to 2. 000 apply, 72. 000 must be provided or applied in accordance with Specification E1D2. For the building, where Group A; and 2. 001 to 5. 000 apply, 144. 000 must be provided or applied in accordance with Specification E1D2. For the building, where Group B; and 500 to 1. 000 apply, 72. 000 must be provided or applied in accordance with Specification E1D2. For the building, where Group B; and 1. 001 to 2. 000 apply, 144. 000 must be provided or applied in accordance with Specification E1D2. For the building, where Group C; and 5 L/m2 or 36. 000 L at each location, whichever is greater apply, 5 L/m2 or 36. 000 L at each location, whichever is greater must be provided or applied in accordance with Specification E1D2.",1,1,"","","NCC 2022 Vol1","",0,"","","false","","NCC2022_Volume1_Tables_ClauseStyle.txt","2022"
"Vol1","F2","F","Table SA F2D4_1","table","Table SA F2D4_1","For the building, where F4D6 applies, Accessible unisex sanitary compartments [2019: Table F2. 4a] must be provided or applied in accordance with Specification F4D6.",1,1,"","","NCC 2022 Vol1","",0,"","","false","","NCC2022_Volume1_Tables_ClauseStyle.txt","2022"
"Vol1","F6","I","Table SA I3D1_1","table","Table SA I3D1_1","For the building, where Group A; and Buildings used for keeping, growing and/or harvesting of animals and/or plants, and includes greenhouses with rigid covering material and large implement/vehicle storage sheds.; and 5. 000 m2 apply, 30. 000 m3 must be provided or applied in accordance with Specification SA I3D1. For the building, where Group B; and Buildings used for packing, sorting and/or storage of produce and may include workshops.; and 2. 000 m2 apply, 12. 000 m3 must be provided or applied in accordance with Specification SA I3D1. For the building, where Group C; and Greenhouses with non-rigid, plastic or fabric covering material.; and 5. 000 m2 apply, 30. 000 m3 must be provided or applied in accordance with Specification SA I3D1.",1,1,"","","NCC 2022 Vol1","",0,"","","false","","NCC2022_Volume1_Tables_ClauseStyle.txt","2022"
"Vol1","B1","B","Table SA B1D6_1","table","Table SA B1D6_1","For the building, where C2D2 applies, Type of construction required [2019: C1. 1] must be provided or applied in accordance with Specification C2D2.",1,1,"","","NCC 2022 Vol1","",0,"","","false","","NCC2022_Volume1_Tables_ClauseStyle.txt","2022"
"Vol1","C4","C","Table SA C4D18_1","table","Table SA C4D18_1","For the building, where D2D3 applies, Number of exits required [2019: D1. 2] must be provided or applied in accordance with Specification D2D3.",1,1,"","","NCC 2022 Vol1","",0,"","","false","","NCC2022_Volume1_Tables_ClauseStyle.txt","2022"
"Vol1","G1","G","Table G1D2a","table","Table G1D2a","For the building, where Outdoor swimming pool applies, 6 must be provided or applied in accordance with Specification TAS G1D2. For the building, where Indoor swimming pool applies, 4 must be provided or applied in accordance with Specification TAS G1D2. For the building, where Wading pool applies, 2 must be provided or applied in accordance with Specification TAS G1D2.",1,1,"","","NCC 2022 Vol1","",0,"","","false","","NCC2022_Volume1_Tables_ClauseStyle.txt","2022"
"Vol1","G1","G","Table G1D2b","table","Table G1D2b","For the building, where Males; and 60; and 60; and 60; and 60; and 60 apply, 60 must be provided or applied in accordance with Specification TAS G1D2. For the building, where Females; and 40; and 40; and 60 apply, 60 must be provided or applied in accordance with Specification TAS G1D2.",1,1,"","","NCC 2022 Vol1","",0,"","","false","","NCC2022_Volume1_Tables_ClauseStyle.txt","2022"
"Vol1","G5","G","Table I4D18a","table","Table I4D18a","For the building, where Active chillers applies,   1: 50 must be provided or applied in accordance with Specification TAS I4D18. For the building, where Other chambers applies,   1: 100 must be provided or applied in accordance with Specification TAS I4D18.",1,1,"","","NCC 2022 Vol1","",0,"","","false","","NCC2022_Volume1_Tables_ClauseStyle.txt","2022"
"Vol1","G5","G","Table I4D18b","table","Table I4D18b","For the building, where Wall-mounted applies, Drain water must be contained and removed by either a wall-mounted channel or a spoon drain located under the coil. in accordance with Specification TAS I4D18. For the building, where Floor-mounted applies, Drain water must be confined by kerbs, of a height   150 mm, and directed to a trapped drain outlet. in accordance with Specification TAS I4D18. For the building, where Ceiling-mounted applies, Drain water must be confined by suitable insulated drip trays directly connected to the drainage system. in accordance with Specification TAS I4D18.",1,1,"","","NCC 2022 Vol1","",0,"","","false","","NCC2022_Volume1_Tables_ClauseStyle.txt","2022"
"Vol1","G5","G","Table TAS I9D2_4","table","Table TAS I9D2_4","For the building, where TAS I13D2 applies, Areas of work places must be provided or applied in accordance with Specification TAS I9D2. For the building, where TAS I13D3 applies, Separation from other areas and buildings must be provided or applied in accordance with Specification TAS I9D2. For the building, where TAS I13D4 applies, Rise in storeys must be provided or applied in accordance with Specification TAS I9D2. For the building, where TAS I13D5 applies, Maximum floor areas must be provided or applied in accordance with Specification TAS I9D2.",1,1,"","","NCC 2022 Vol1","",0,"","","false","","NCC2022_Volume1_Tables_ClauseStyle.txt","2022"
"Vol1","G5","G","Table TAS I16D2_1","table","Table TAS I16D2_1","For the building, where TAS I18P2 applies, Safety and serviceability must be provided or applied in accordance with Specification TAS I16D2. For the building, where TAS I18P3 applies, Resistance to the spread of fire must be provided or applied in accordance with Specification TAS I16D2. For the building, where TAS I18P4 applies, Access must be provided or applied in accordance with Specification TAS I16D2. For the building, where TAS I18P5 applies, Exits must be provided or applied in accordance with Specification TAS I16D2. For the building, where TAS I18P6 applies, Fall prevention must be provided or applied in accordance with Specification TAS I16D2. For the building, where TAS I18P7 applies, Lighting must be provided or applied in accordance with Specification TAS I16D2. For the building, where TAS I18P8 applies, Identification of exits must be provided or applied in accordance with Specification TAS I16D2. For the building, where TAS I18P9 applies, Fire-fighting equipment must be provided or applied in accordance with Specification TAS I16D2.",1,1,"","","NCC 2022 Vol1","",0,"","","false","","NCC2022_Volume1_Tables_ClauseStyle.txt","2022"
"Vol1","G5","G","Table TAS I18D7_1","table","Table TAS I18D7_1","For the building, where A1G4 applies, Interpretation [2019: A1. 0] must be provided or applied in accordance with Specification A1G4.",1,1,"","","NCC 2022 Vol1","",0,"","","false","","NCC2022_Volume1_Tables_ClauseStyle.txt","2022"
"Vol1","G5","G","Table TAS I18D7_2","table","Table TAS I18D7_2","For the building, where A4G1 applies, Referenced documents [2019: A4. 0] must be provided or applied in accordance with Specification A4G1.",1,1,"","","NCC 2022 Vol1","",0,"","","false","","NCC2022_Volume1_Tables_ClauseStyle.txt","2022"
"Vol1","G5","G","Table TAS I18D7_3","table","Table TAS I18D7_3","For the building, where A5G4 applies, Evidence of suitability Volume Three (PCA) [2019: A5. 3] must be provided or applied in accordance with Specification A5G4.",1,1,"","","NCC 2022 Vol1","",0,"","","false","","NCC2022_Volume1_Tables_ClauseStyle.txt","2022"
"Vol1","G5","I","Table I12D4","table","Table I12D4","For the building, where Not sprinklered: 1500 m2; and Not sprinklered: 1200 m2 apply, Not sprinklered: 1000 m2 must be provided or applied in accordance with Specification TAS I12D4. For the building, where Sprinklered: 6000 m2; and Sprinklered: 5000 m2 apply, Sprinklered: 3000 m2 must be provided or applied in accordance with Specification TAS I12D4.",1,1,"","","NCC 2022 Vol1","",0,"","","false","","NCC2022_Volume1_Tables_ClauseStyle.txt","2022"
"Vol1","G5","I","Table TAS I17D2_2","table","Table TAS I17D2_2","For the building, where AS/NZS 3000; and 2018; and Electrical installations (known as the Australian/New Zealand Wiring Rules); and TAS I16D6 apply, the relevant requirement must be met in accordance with Specification TAS I17D2. For the building, where AS 4464; and 2007; and Hygienic production of game meat for human consumption; and TAS I6D2 apply, the relevant requirement must be met in accordance with Specification TAS I17D2. For the building, where AS 4465; and 2006; and Construction of premises and hygienic production of poultry meat for human consumption; and TAS I6D2 apply, the relevant requirement must be met in accordance with Specification TAS I17D2. For the building, where AS 4466; and 1998; and Hygienic production of rabbit meat for human consumption; and TAS I6D2 apply, the relevant requirement must be met in accordance with Specification TAS I17D2. For the building, where AS 4674; and 2004; and Design, construction and fit-out of food premises (Clauses 4. 2 and 4. 3); and TAS I4D9, TAS I4D13 apply, the relevant requirement must be met in accordance with Specification TAS I17D2. For the building, where AS 4696; and 2007; and Hygienic production and transportation of meat and meat products for human consumption; and TAS I6D2 apply, the relevant requirement must be met in accordance with Specification TAS I17D2. For the building, where AS 5008; and 2007; and Hygienic rendering of animal products; and TAS I6D2 apply, the relevant requirement must be met in accordance with Specification TAS I17D2. For the building, where AS 5010; and 2001; and Hygienic production of ratite (emu/ostrich) meat for human consumption; and TAS I6D2 apply, the relevant requirement must be met in accordance with Specification TAS I17D2. For the building, where AS 5011; and 2001; and Hygienic production of natural casings for human consumption; and TAS I6D2 apply, the relevant requirement must be met in accordance with Specification TAS I17D2. For the building, where ABCB; and Temporary Structures Standard; and TAS I16D2 apply, the relevant requirement must be met in accordance with Specification TAS I17D2.",1,1,"","","NCC 2022 Vol1","",0,"","","false","","NCC2022_Volume1_Tables_ClauseStyle.txt","2022"
"Vol1","G5","I","Table TAS I17D2_3","table","Table TAS I17D2_3","For the building, where Australasian Health Facility Guidelines; and TAS I9D2 apply, the relevant requirement must be met in accordance with Specification TAS I17D2. For the building, where BCA 2019 Amendment 1; and 2019; and Building Code of Australia; and TAS Section J; and TAS Part H6 apply, TAS Section 13 must be provided or applied in accordance with Specification TAS I17D2. For Class 4, where Centre Based Care Class 4 Standards; and Tasmanian Licencing Standards for Centre Based Child Care Class 4; and TAS Schedule 1; and TAS Schedule 1 apply, TAS Schedule 1 must be provided or applied in accordance with Specification TAS I17D2. For Class 5, where Centre Based Care Class 5 Standards; and Tasmanian Licencing Standards for Centre Based Child Care Class 5 (0-12 years); and TAS Schedule 1; and TAS Schedule 1 apply, TAS Schedule 1 must be provided or applied in accordance with Specification TAS I17D2. For the building, where Child Care Act; and 2001; and TAS I16P1, TAS I16P2, TAS I16P3, TAS I16D1, TAS Schedule 1; and TAS Schedule 1 apply, TAS Schedule 1 must be provided or applied in accordance with Specification TAS I17D2. For the building, where Condensation in Buildings Tasmanian Designers Guide; and TAS F8P1; and TAS H4D9 apply, the relevant requirement must be met in accordance with Specification TAS I17D2. For the building, where Dairy Industry Act; and 1994; and TAS I4P1, TAS I4D1, TAS I7D1 apply, the relevant requirement must be met in accordance with Specification TAS I17D2. For the building, where Disability (Access to Premises - Buildings) Standards; and 2010; and TAS D4D14 apply, the relevant requirement must be met in accordance with Specification TAS I17D2. For the building, where Disability Discrimination Act (Cth); and 1992; and TAS D1P10 apply, the relevant requirement must be met in accordance with Specification TAS I17D2. For the building, where Early Childhood Centre and School Age Care Facilities Code; and TAS I5D2 apply, the relevant requirement must be met in accordance with Specification TAS I17D2. For the building, where Education and Care Services National Law (Application) Act; and 2011; and TAS I16P1, TAS I16P2, TAS I16P3, TAS I16D1, TAS Schedule 1; and TAS Schedule 1 apply, the relevant requirement must be met in accordance with Specification TAS I17D2. For the building, where Export Control (Milk and Diary) Orders; and TAS I4D17 apply, the relevant requirement must be met in accordance with Specification TAS I17D2. For the building, where Health Service Establishments Act; and 2006; and TAS I9D1 apply, the relevant requirement must be met in accordance with Specification TAS I17D2. For the building, where Hygienic Production of Pet Meat; and Technical Report 88; and TAS I6D2 apply, the relevant requirement must be met in accordance with Specification TAS I17D2.",1,1,"","","NCC 2022 Vol1","",0,"","","false","","NCC2022_Volume1_Tables_ClauseStyle.txt","2022"
"Vol1","G5","I","Table TAS I17D2_4","table","Table TAS I17D2_4","For the building, where Liquor Licensing Act; and 1990; and TAS I4P1, TAS I4D1, TAS I5D1 apply, the relevant requirement must be met in accordance with Specification TAS I17D2. For the building, where Primary Produce Safety Act; and 2011; and TAS I4P1, TAS I4D1, TAS I4D16 apply, the relevant requirement must be met in accordance with Specification TAS I17D2. For the building, where Water and Sewerage Industry Act; and 2008; and TAS I4D3 apply, the relevant requirement must be met in accordance with Specification TAS I17D2.",1,1,"","","NCC 2022 Vol1","",0,"","","false","","NCC2022_Volume1_Tables_ClauseStyle.txt","2022"
"Vol1","F4","F","Table F4D13","table","Table F4D13","For the building, where 5. 001 to 10. 000 applies, 1 must be provided or applied in accordance with Specification VIC F4D13. For the building, where 10. 001 to 15. 000 applies, 2 must be provided or applied in accordance with Specification VIC F4D13. For the building, where 15. 001 to 30. 000 applies, 3 must be provided or applied in accordance with Specification VIC F4D13. For the building, where Each extra 15. 000 or part thereof applies, 1 must be provided or applied in accordance with Specification VIC F4D13.",1,1,"","","NCC 2022 Vol1","",0,"","","false","","NCC2022_Volume1_Tables_ClauseStyle.txt","2022"
"Vol1","F5","F","Table VIC F5D3_1","table","Table VIC F5D3_1","For the building, where VIC G1D2 applies, Swimming pools must be provided or applied in accordance with Specification VIC F5D3. For the building, where Part G5 applies, Construction in bushfire prone areas must be provided or applied in accordance with Specification VIC F5D3. For the building, where VIC G5O1 applies, Objective must be provided or applied in accordance with Specification VIC F5D3. For the building, where VIC G5F1 applies, Construction in bushfire prone areas must be provided or applied in accordance with Specification VIC F5D3. For the building, where VIC G5P1 applies, Bushfire resistance must be provided or applied in accordance with Specification VIC F5D3. For Class 9 b, where VIC G5P2 applies, Additional bushfire requirements for certain Class 9 buildings must be provided or applied in accordance with Specification VIC F5D3. For the building, where VIC G5D2 applies, Application of Part must be provided or applied in accordance with Specification VIC F5D3. For Class 9 b, where VIC G5D4 applies, Protection - certain Class 9 buildings must be provided or applied in accordance with Specification VIC F5D3.",1,1,"","","NCC 2022 Vol1","",0,"","","false","","NCC2022_Volume1_Tables_ClauseStyle.txt","2022"
"Vol1","G1","I","Table VIC I6D3_1","table","Table VIC I6D3_1","For the building, where A2G2 applies, Performance Solution [2019: A2. 2] must be provided or applied in accordance with Specification A2G2.",1,1,"","","NCC 2022 Vol1","",0,"","","false","","NCC2022_Volume1_Tables_ClauseStyle.txt","2022"
"Vol1","G1","I","Table VIC I6D3_3","table","Table VIC I6D3_3","For the building, where AS 1668. 2; and 2012; and The use of ventilation and air conditioning in buildings: Mechanical ventilation in buildings apply, VIC E2D2 must be provided or applied in accordance with Specification A2G2. For the building, where AS 1851; and 2012; and Routine service of fire protection systems and equipment apply, VIC B4D2 must be provided or applied in accordance with Specification A2G2. For the building, where AS 1926. 1; and 2012; and Swimming pool safety, Part 1: Safety barriers for swimming pools; and VIC G1D2 apply, the relevant requirement must be met in accordance with Specification A2G2. For the building, where AS 1926. 2; and 2007; and Swimming pool safety, Part 2: Location of safety barriers for swimming pools (incorporating amendments 1 and 2); and VIC G1D2 apply, the relevant requirement must be met in accordance with Specification A2G2. For the building, where AS 2118. 1; and 2017; and Automatic fire sprinkler systems, Part 1: General systems (incorporating amendment 1); and VIC S17C2, VIC S18C3 apply, VIC B1D5, VIC B4D2 must be provided or applied in accordance with Specification A2G2. For the building, where AS 2118. 2; and 2021; and Automatic fire sprinkler systems: Wall wetting sprinkler systems apply, VIC B4D2 must be provided or applied in accordance with Specification A2G2. For the building, where AS 2118. 3; and 2010; and Automatic fire sprinkler systems: Deluge systems apply, VIC B4D2 must be provided or applied in accordance with Specification A2G2. For the building, where AS 2118. 4; and 2012; and Automatic fire sprinkler systems, Part 4: Sprinkler protection for accommodation buildings not > four storeys in height; and VIC S17C2, VIC S18C3 apply, VIC B1D5, VIC B4D2 must be provided or applied in accordance with Specification A2G2. For the building, where AS 2118. 5; and 2008; and Automatic fire sprinkler systems apply, VIC B1D5, VIC B4D2 must be provided or applied in accordance with Specification A2G2. For the building, where AS 2118. 6; and 2012; and Automatic fire sprinkler systems, Part 6: Combined sprinkler and hydrant systems in multistorey buildings; and VIC S17C2 apply, the relevant requirement must be met in accordance with Specification A2G2. For the building, where AS2118. 8; and 1997; and Automatic fire sprinkler systems: Minor modifications apply, VIC B4D2 must be provided or applied in accordance with Specification A2G2.",1,1,"","","NCC 2022 Vol1","",0,"","","false","","NCC2022_Volume1_Tables_ClauseStyle.txt","2022"
"Vol1","G1","I","Table VIC I6D3_4","table","Table VIC I6D3_4","For the building, where AS 2118. 10; and 1995; and Automatic fire sprinkler systems: Approval documentation apply, VIC B4D2 must be provided or applied in accordance with Specification A2G2. For the building, where AS 2473. 3; and 2007; and Valves for compressed gas cylinders apply, VIC E2D2 must be provided or applied in accordance with Specification A2G2. For the building, where AS 2568; and 2019; and Purity of medical air produced from on- site compressor systems apply, VIC E2D2 must be provided or applied in accordance with Specification A2G2. For the building, where AS 2896; and 2021; and Medical gas systems - Installation and testing of non- flammable medical gas pipeline systems apply, VIC E2D2 must be provided or applied in accordance with Specification A2G2. For the building, where AS 2902; and 2005; and Medical gas systems - Low pressure flexible hose assemblies apply, VIC E2D2 must be provided or applied in accordance with Specification A2G2. For the building, where AS/NZS 2918; and 2018; and Domestic solid fuel burning appliances - Installation apply, VIC E2D2 must be provided or applied in accordance with Specification A2G2. For the building, where AS 2941; and 2013; and Fixed fire protection installations - Pumpset systems apply, VIC B4D2 must be provided or applied in accordance with Specification A2G2. For the building, where AS/NZS 3500. 1; and 2021; and Plumbing and drainage: Water services apply, VIC B1D3, VIC B1D5, VIC B3D3, VIC B4D2, VIC B6D2, VIC B7D3, VIC B7D4, VIC E2D2 must be provided or applied in accordance with Specification A2G2. For the building, where AS/NZS 3500. 2; and 2021; and Plumbing and drainage: Sanitary plumbing and drainage apply, VIC C1D3, VIC C2D4, VIC C4P1, VIC E2D2 must be provided or applied in accordance with Specification A2G2. For the building, where AS/NZS 3500. 3; and 2021; and Plumbing and drainage: Stormwater drainage apply, VIC C5D2, VIC C6D2 must be provided or applied in accordance with Specification A2G2. For the building, where AS/NZS 3500. 4; and 2021; and Plumbing and drainage: Heated water services apply, VIC E2D2, VIC B2D6 must be provided or applied in accordance with Specification A2G2. For the building, where AS/NZS 3666. 1; and 2011; and Air handling and water systems of buildings - Microbial control: Design, installation and commissioning apply, VIC E2D2 must be provided or applied in accordance with Specification A2G2.",1,1,"","","NCC 2022 Vol1","",0,"","","false","","NCC2022_Volume1_Tables_ClauseStyle.txt","2022"
"Vol1","G1","I","Table VIC I6D3_5","table","Table VIC I6D3_5","For the building, where AS/NZS 3666. 2; and 2011; and Air handling and water systems of buildings - Microbial control: Operation and maintenance apply, VIC E2D2 must be provided or applied in accordance with Specification A2G2. For the building, where AS 4032. 3; and 2022; and Water supply - Valves for the control of heated water supply temperatures apply, VIC B2D6 must be provided or applied in accordance with Specification A2G2. For the building, where AS 4041; and 2006; and Pressure piping apply, VIC E2D2 must be provided or applied in accordance with Specification A2G2. For the building, where AS 4118. 1. 1; and 1996; and Fire sprinkler systems: Components - Sprinklers and sprayers apply, VIC B4D2 must be provided or applied in accordance with Specification A2G2. For the building, where AS 4118. 1. 2; and 1996; and Fire sprinkler systems: Components - Alarm valves (wet) apply, VIC B4D2 must be provided or applied in accordance with Specification A2G2. For the building, where AS 4118. 1. 3; and 1995; and Fire sprinkler systems: Components - Water motor alarms apply, VIC B4D2 must be provided or applied in accordance with Specification A2G2. For the building, where AS 4118. 1. 4; and 1994; and Fire sprinkler systems: Components - Valve monitors apply, VIC B4D2 must be provided or applied in accordance with Specification A2G2. For the building, where AS 4118. 1. 5; and 1996; and Fire sprinkler systems: Components - Deluge and pre- action valves apply, VIC B4D2 must be provided or applied in accordance with Specification A2G2. For the building, where AS 4118. 1. 6; and 1995; and Fire sprinkler systems: Components - Stop valves and non- return valves apply, VIC B4D2 must be provided or applied in accordance with Specification A2G2. For the building, where AS 4118. 1. 7; and 1996; and Fire sprinkler systems: Components - Alarm valves (dry) apply, VIC B4D2 must be provided or applied in accordance with Specification A2G2. For the building, where AS 4118. 1. 8; and 1999; and Fire sprinkler systems: Components - Pressure reducing valves apply, VIC B4D2 must be provided or applied in accordance with Specification A2G2. For the building, where AS 4254. 1; and 2021; and Ductwork for air- handling systems in buildings: Flexible duct apply, VIC E2D2 must be provided or applied in accordance with Specification A2G2. For the building, where AS 4254. 2; and 2012; and Ductwork for air- handling systems in buildings: Rigid duct apply, VIC E2D2 must be provided or applied in accordance with Specification A2G2.",1,1,"","","NCC 2022 Vol1","",0,"","","false","","NCC2022_Volume1_Tables_ClauseStyle.txt","2022"
"Vol1","G1","I","Table VIC I6D3_6","table","Table VIC I6D3_6","For the building, where AS 4426; and 1997; and Thermal insulation of pipework, ductwork and equipment - Selection, installation and finish apply, VIC E2D2 must be provided or applied in accordance with Specification A2G2. For the building, where AS 4508; and 1999; and Thermal resistance of insulation for ductwork used in building air- conditioning apply, VIC E2D2 must be provided or applied in accordance with Specification A2G2. For the building, where AS/NZS 4859. 1; and 2018; and Thermal insulation materials for buildings: General criteria and technical provisions apply, VIC E2D2 must be provided or applied in accordance with Specification A2G2. For the building, where AS/NZS 5141; and 2018; and Residential heating and cooling systems - Minimum applications and requirements for energy efficiency, performance and comfort criteria apply, VIC E2D2 must be provided or applied in accordance with Specification A2G2. For the building, where AS/NZS 5149. 1; and 2016; and Refrigerating systems and heat pumps - Safety and environmental requirements: Definitions, classification and selection criteria apply, VIC E2D2 must be provided or applied in accordance with Specification A2G2. For the building, where AS/NZS 5149. 2; and 2016; and Refrigerating systems and heat pumps - Safety and environmental requirements: Design, construction, testing, marking and documentation apply, VIC E2D2 must be provided or applied in accordance with Specification A2G2. For the building, where AS/NZS 5149. 3; and 2016; and Refrigerating systems and heat pumps - Safety and environmental requirements: Installation site apply, VIC E2D2 must be provided or applied in accordance with Specification A2G2. For the building, where AS/NZS 5149. 4; and 2016; and Refrigerating systems and heat pumps - Safety and environmental requirements: Operation, maintenance, repair and recovery apply, VIC E2D2 must be provided or applied in accordance with Specification A2G2. For the building, where AS/NZS 5601. 1; and 2022; and Gas installations: General installations apply, VIC E2D2 must be provided or applied in accordance with Specification A2G2.",1,1,"","","NCC 2022 Vol1","",0,"","","false","","NCC2022_Volume1_Tables_ClauseStyle.txt","2022"
"Vol1","G1","I","Table VIC I6D3_7","table","Table VIC I6D3_7","For the building, where ABCB Standard for Construction of Buildings in Flood Hazard Areas, Version 2012. 3; and 2012; and Standard for Construction of Buildings in Flood Hazard Areas; and VIC B1D6 apply, the relevant requirement must be met in accordance with Specification A2G2. For the building, where 2022; and Motorsport Australia Track Operators Guide For Motorsport Race Venues - version 1; and VIC I5D4 apply, the relevant requirement must be met in accordance with Specification A2G2. For the building, where FPAA101D; and 2018; and Automatic Fire Sprinkler System Design and Installation- Drinking Water Supply; and VIC S17C2, VIC S18C3 apply, B1D5 must be provided or applied in accordance with Specification A2G2. For the building, where FPAA101H; and 2018; and Automatic Sprinkler System Design- Hydrant Water Supply; and VIC S17C2, VIC S18C3 apply, B4D3 must be provided or applied in accordance with Specification A2G2. For the building, where Building Practice Note FS-01; and Victorian Building Authority Practice Note FS-01; and VIC S20C8 apply, the relevant requirement must be met in accordance with Specification A2G2. For the building, where SA HB 39; and 2015; and Metal roof and wall cladding installation apply, VIC E3D2 must be provided or applied in accordance with Specification A2G2. For the building, where HB 276; and 2004; and A guide to good practice for energy efficient installation of residential heating, cooling and air conditioning plant and equipment apply, VIC E2D2 must be provided or applied in accordance with Specification A2G2. For the building, where 2007; and Australian and New Zealand refrigerant handling code of practice 2007 Part 1 - Self-contained low charge systems apply, VIC E2D2 must be provided or applied in accordance with Specification A2G2. For the building, where 2007; and Australian and New Zealand refrigerant handling code of practice 2007 Part 2 - Systems other than Self-contained low charge systems apply, VIC E2D2 must be provided or applied in accordance with Specification A2G2. For the building, where 1993; and The Building Act 1993 (Victoria) apply, B6D2 must be provided or applied in accordance with Specification A2G2. For the building, where 2018; and Plumbing Regulations; and VIC H6V1 apply, B2P7 must be provided or applied in accordance with Specification A2G2.",1,1,"","","NCC 2022 Vol1","",0,"","","false","","NCC2022_Volume1_Tables_ClauseStyle.txt","2022"
"Vol1","B1","B","Table VIC B1D6_1","table","Table VIC B1D6_1","For the building, where C2D11 applies, Fire hazard properties [2019: C1. 10] must be provided or applied in accordance with Specification C2D11.",1,1,"","","NCC 2022 Vol1","",0,"","","false","","NCC2022_Volume1_Tables_ClauseStyle.txt","2022"
"Vol1","B1","B","Table VIC B1D6_2","table","Table VIC B1D6_2","For the building, where D2D5 applies, Exit travel distances [2019: D1. 4] must be provided or applied in accordance with Specification D2D5.",1,1,"","","NCC 2022 Vol1","",0,"","","false","","NCC2022_Volume1_Tables_ClauseStyle.txt","2022"
"Vol1","G5","I","Table B2D1","table","Table B2D1","For the building, where Regional wind speed; and Non-cyclonic; and Non-cyclonic; and Cyclonic; and Cyclonic apply, Cyclonic must be provided or applied in accordance with Specification WA B2D1. For the building, where Regional wind speed; and A(0-5); and B1; and B2; and C (maximum) apply, D (maximum) must be provided or applied in accordance with Specification WA B2D1. For the building, where V1; and 30; and 26; and 26; and 23 apply, 23 must be provided or applied in accordance with Specification WA B2D1. For the building, where V5; and 32; and 28; and 28; and 33 apply, 35 must be provided or applied in accordance with Specification WA B2D1. For the building, where V10; and 34; and 33; and 33; and 39 apply, 43 must be provided or applied in accordance with Specification WA B2D1. For the building, where V20; and 37; and 38; and 38; and 45 apply, 51 must be provided or applied in accordance with Specification WA B2D1. For the building, where V25; and 37; and 39; and 39; and 47 apply, 53 must be provided or applied in accordance with Specification WA B2D1. For the building, where V50; and 39; and 44; and 44; and 52 apply, 60 must be provided or applied in accordance with Specification WA B2D1. For the building, where V100; and 41; and 48; and 48; and 56 apply, 66 must be provided or applied in accordance with Specification WA B2D1. For the building, where V200; and 43; and 52; and 52; and 61 apply, 72 must be provided or applied in accordance with Specification WA B2D1. For the building, where V250; and 43; and 53; and 53; and 62 apply, 74 must be provided or applied in accordance with Specification WA B2D1. For the building, where V500; and 45; and 57; and 57; and 66 apply, 80 must be provided or applied in accordance with Specification WA B2D1. For the building, where V1000; and 46; and 60; and 60; and 70 apply, 85 must be provided or applied in accordance with Specification WA B2D1. For the building, where V2000; and 48; and 63; and 63; and 73 apply, 90 must be provided or applied in accordance with Specification WA B2D1. For the building, where V2500; and 48; and 64; and 64; and 74 apply, 91 must be provided or applied in accordance with Specification WA B2D1. For the building, where V5000; and 50; and 67; and 67; and 78 apply, 95 must be provided or applied in accordance with Specification WA B2D1. For the building, where V10000; and 51; and 69; and 69; and 81 apply, 99 must be provided or applied in accordance with Specification WA B2D1. For the building, where VR (R 5 years); and 67-41R-0. 1; and 106-92R-0. 1; and 106-92R-0. 1; and 122-104R-0. 1 apply, 156-142R-0. 1 must be provided or applied in accordance with Specification WA B2D1.",1,1,"","","NCC 2022 Vol1","",0,"","","false","","NCC2022_Volume1_Tables_ClauseStyle.txt","2022"
"Vol1","G5","I","Table WA I4D3_1","table","Table WA I4D3_1","For the building, where Schedule 1; and Definitions apply, the relevant requirement must be met in accordance with Specification WA I4D3.",1,1,"","","NCC 2022 Vol1","",0,"","","false","","NCC2022_Volume1_Tables_ClauseStyle.txt","2022"
"Vol1","B1","I","Table UNNUMBERED_2","table","Table UNNUMBERED_2","For the building, where Spec no.; and Title; and Vols. One, Two and Housing Provisions apply, Vol. Three must be provided or applied in accordance with Specification WA I4D7. For Class 2 a, where 18; and Class 2 and 3 buildings   25 m in effective height; and E1D4; S17C2; S23C1; S23C3 apply, - must be provided or applied in accordance with Specification WA I4D7. For the building, where 19; and Fire control centres; and E1D14 apply, - must be provided or applied in accordance with Specification WA I4D7. For the building, where 20; and Smoke detection and alarm systems; and E2D3; E2D5; E2D7; E2D8; E2D9; E2D11; E2D13; E2D14; E2D15; E2D16; E2D17; E2D18; E2D19; E2D20; S5C19; S5C22; S17C8; S18C3; S21C7; S21C8; S22C3 apply, - must be provided or applied in accordance with Specification WA I4D7. For the building, where 21; and Smoke exhaust systems; and C3D13; E2D10; E2D14; E2D15; E2D16; E2D17; E2D18; E2D19; E2D20; S20C6; S20C8 apply, - must be provided or applied in accordance with Specification WA I4D7. For the building, where 22; and Smoke-and-heat vents; and E2D10; E2D14; E2D15; E2D16; E2D17; E2D18; E2D19; E2D20; S20C8 apply, - must be provided or applied in accordance with Specification WA I4D7. For the building, where 23; and Residential fire safety systems; and S18C3; S18C4 apply, - must be provided or applied in accordance with Specification WA I4D7. For the building, where 24; and Lift installations; and E3D2 apply, - must be provided or applied in accordance with Specification WA I4D7. For the building, where 25; and Photoluminescent exit signs; and E4D8 apply, - must be provided or applied in accordance with Specification WA I4D7. For the building, where 26; and Waterproofing and water resistance requirements for building elements in wet areas; and F1D6 apply, - must be provided or applied in accordance with Specification WA I4D7. For the building, where 27; and Accessible adult change facilities; and F4D12; S15C1 apply, - must be provided or applied in accordance with Specification WA I4D7. For the building, where 28; and Sound insulation for building elements; and F5D3; F5D4 apply, - must be provided or applied in accordance with Specification WA I4D7. For the building, where 29; and Impact sound - Test of equivalence; and F5D4; S28C2 apply, - must be provided or applied in accordance with Specification WA I4D7. For the building, where 30; and Installation of boilers and pressure vessels; and G2D2 apply, - must be provided or applied in accordance with Specification WA I4D7. For the building, where 31; and Fire and smoke control in buildings containing atriums; and G3D4; G3D8; S14C2 apply, - must be provided or applied in accordance with Specification WA I4D7. For the building, where 32; and Construction of proscenium walls; and C2D11; I1D3 apply, - must be provided or applied in accordance with Specification WA I4D7. For the building, where 33; and Additional requirements; and J1V1; J1V2; J1V3; J1V5 apply, - must be provided or applied in accordance with Specification WA I4D7. For the building, where 34; and Modelling parameters; and J1V3; S35C1 apply, - must be provided or applied in accordance with Specification WA I4D7. For the building, where 35; and Modelling profiles; and S34C3 apply, - must be provided or applied in accordance with Specification WA I4D7. For the building, where 36; and Material properties; and J4D3 apply, - must be provided or applied in accordance with Specification WA I4D7. For the building, where 37; and Calculation of U-Value and solar admittance; and J3D9; J3D13; J4D3; J4D6 apply, - must be provided or applied in accordance with Specification WA I4D7. For the building, where 38; and Spandrel panel thermal performance; and S37C3; S37C4 apply, - must be provided or applied in accordance with Specification WA I4D7. For the building, where 39; and Sub-floor thermal performance; and J4D3 apply, - must be provided or applied in accordance with Specification WA I4D7. For the building, where 40; and Lighting and power control devices; and J7D3; J7D4; J7D5; J7D6; J7D7 apply, - must be provided or applied in accordance with Specification WA I4D7. For the building, where 41; and Cross-connection hazards; and - apply, B5D2; B5D3; B5D4 must be provided or applied in accordance with Specification WA I4D7. For the building, where 42; and House energy rating software; and H6D2 apply, - must be provided or applied in accordance with Specification WA I4D7. For Class 9 b, where 43; and Bushfire protection for certain Class 9 buildings; and G5D4 apply, - must be provided or applied in accordance with Specification WA I4D7. For the building, where 44; and Calculation of heating load limit, cooling load limit and thermal energy load limit; and J1P2; H6P1 apply, - must be provided or applied in accordance with Specification WA I4D7. For the building, where 45; and Modelling profiles for J1V5; and J1V5 apply, - must be provided or applied in accordance with Specification WA I4D7.",1,1,"","","NCC 2022 Vol1","",0,"","","false","","NCC2022_Volume1_Tables_ClauseStyle.txt","2022"
"Vol1","B1","I","Table UNNUMBERED_4","table","Table UNNUMBERED_4","For the building, where BCA 2010; and 1 May 2010; and 1 May 2010; and 1 May 2010; and 1 May 2010; and 1 May 2010; and 1 May 2010; and 1 May 2010; and 1 May 2010 apply, 1 May 2010 must be provided or applied in accordance with Specification WA I4D7. For the building, where NCC 2011; and 1 May 2011; and 1 May 2011; and 1 May 2011; and 1 May 2011; and 1 May 2011; and 1 May 2011; and 1 May 2011; and 1 May 2011 apply, 1 May 2011 must be provided or applied in accordance with Specification WA I4D7. For the building, where NCC 2012; and 1 May 2012; and 1 May 2012; and 1 May 2012; and 1 May 2012; and 1 May 2012; and 1 May 2012; and 1 May 2012; and 1 May 2012 apply, 1 May 2012 must be provided or applied in accordance with Specification WA I4D7. For the building, where NCC 2013; and 1 May 2013; and 1 May 2013; and 1 May 2013; and 1 May 2013; and 1 May 2013; and 1 May 2013; and 1 May 2013; and 1 May 2013 apply, 1 May 2013 must be provided or applied in accordance with Specification WA I4D7. For the building, where NCC 2014; and 1 May 2014; and 1 May 2014; and 1 May 2014; and 1 May 2014; and 1 May 2014; and 1 May 2014; and 1 May 2014; and 1 May 2014 apply, 1 May 2014 must be provided or applied in accordance with Specification WA I4D7. For the building, where NCC 2015; and 1 May 2015; and 1 May 2015; and 1 May 2015; and 1 May 2015; and 1 May 2015; and 1 May 2015; and 1 May 2015; and 1 May 2015 apply, 1 May 2015 must be provided or applied in accordance with Specification WA I4D7. For the building, where NCC 2016; and 1 May 2016; and 1 May 2016; and 1 May 2016; and 1 May 2016; and 1 May 2016; and 1 May 2016; and 1 May 2016; and 1 May 2016 apply, 1 May 2016 must be provided or applied in accordance with Specification WA I4D7. For the building, where NCC 2016 Amendment 1; and 12 Mar 2018; and 12 Mar 2018; and 12 Mar 2018; and 12 Mar 2018; and 12 Mar 2018; and 12 Mar 2018; and 12 Mar 2018; and 12 Mar 2018 apply, 12 Mar 2018 must be provided or applied in accordance with Specification WA I4D7. For the building, where NCC 2019; and 1 May 2019; and 1 June 2019; and 1 May 2019; and 1 May 2019; and 1 May 2019; and 1 May 2019; and 1 May 2019; and 1 May 2019 apply, 1 May 2019 must be provided or applied in accordance with Specification WA I4D7. For the building, where NCC 2019 Amendment 1; and 1 Jul 2020; and 1 Jul 2020; and 1 Jul 2020; and 1 Jul 2020; and 1 Jul 2020; and 1 Jul 2020; and 1 Jul 2020; and 1 Jul 2020 apply, 1 Jul 2020 must be provided or applied in accordance with Specification WA I4D7. For the building, where NCC 2022; and 1 May 2023; and 1 May 2023; and 1 May 2023; and 1 May 2023; and 1 May 2023; and 1 May 2023; and 1 May 2023; and 1 May 2023 apply, 1 May 2023 must be provided or applied in accordance with Specification WA I4D7.",1,1,"","","NCC 2022 Vol1","",0,"","","false","","NCC2022_Volume1_Tables_ClauseStyle.txt","2022"
"Vol1","B1","I","Table UNNUMBERED_6","table","Table UNNUMBERED_6","For Class 7b, where B1P1(2)(a) applies, A new requirement for a Class 7b buildings to have the ability to support the addition of solar photovoltaic panels. An exemption is also provided to certain Class 7b buildings must be provided or applied in accordance with Specification D2D3. For Class 7b, where B1D3(a)(iv) applies, A new requirement for a Class 7b buildings to have the ability to support the addition of solar photovoltaic panels. An exemption is also provided to certain Class 7b buildings must be provided or applied in accordance with Specification D2D3. For the building, where B1D3(c) applies, Amended to clarify all parts ofAS 1170. 4 are applicable must be provided or applied in accordance with Specification D2D3. For the building, where Section C-Fire resistance applies, Section C-Fire resistance must be provided or applied in accordance with Specification D2D3. For the building, where C1V4 applies, Amended as a consequence of restructuring Schedule 7 of NCC 2019 Volume One Amendment 1 into the referenced document, ABCB Fire Safety Verification Method standard must be provided or applied in accordance with Specification D2D3. For the building, where C2D10(4) applies, Amended to provide additional concessions to C2D10(1) and (2) must be provided or applied in accordance with Specification D2D3. For the building, where C2D10(5) applies, A new sub-clause added to specify non-combustible materials must be provided or applied in accordance with Specification D2D3. For the building, where C2D10(6) applies, Amended to provide cross-reference for fixing requirements of externally located bonded laminated materials must be provided or applied in accordance with Specification D2D3. For the building, where C2D14 applies, Amended for clarity and to provide additional ancillary elements permitted on an external wall required to be non-combustible must be provided or applied in accordance with Specification D2D3. For the building, where C2D15 applies, A new clause added to specify fixing requirements for externally located bonded laminated cladding panels must be provided or applied in accordance with Specification D2D3. For the building, where C3D3 applies, Amended to make reference to new defined term Volume must be provided or applied in accordance with Specification D2D3. For the building, where C3D4 applies, Amended to make reference to new defined term Volume must be provided or applied in accordance with Specification D2D3. For Class 9b, where C3D6 applies, A new sub-clause(2) has been inserted to provide compartmentation and separation requirements to Class 9b early childhood centres. As a consequence, the heading has also been amended. An exemption statement has also been included to provide exemption to certain Class 9b early childhood centres must be provided or applied in accordance with Specification D2D3. For the building, where C4D10 applies, Amended to provide concession for test drain pipes used for fire services must be provided or applied in accordance with Specification D2D3. For the building, where C4D16 applies, Amended to permit use of reports where the tested system differs from the subject system in accordance with AS 4072. 1. Also, a new sub-clause has been inserted to clarify that tests must be reported in accordance with Specifications 1 and 2. in accordance with Specification D2D3. For the building, where S5C20(1) applies, Sub-clause(c) has been inserted to permit the use of timber framing for roof trusses and floor frames must be provided or applied in accordance with Specification D2D3. For the building, where S5C23(1) applies, Sub-clause(c) has been inserted to permit the use of timber framing for roof trusses and floor frames must be provided or applied in accordance with Specification D2D3. For the building, where Section D-Access and egress apply, Section D-Access and egress must be provided or applied in accordance with Specification D2D3. For the building, where D2D3 applies, Amended to provide concession to parts of a storey of certain buildings to require 1 exit in lieu of   2 provided there is direct egress to a road or open space and satisfies D2D5 provision for 1 exit must be provided or applied in accordance with Specification D2D3.",1,1,"","","NCC 2022 Vol1","",0,"","","false","","NCC2022_Volume1_Tables_ClauseStyle.txt","2022"
"Vol1","B1","I","Table UNNUMBERED_7","table","Table UNNUMBERED_7","For Class 9b, where D2D3(4)(iv) applies, Amended to require each part of storey or fire compartment used as a Class 9b early childhood centre be provided with   2 exits must be provided or applied in accordance with Specification E2D20. For Class 9b, where D2D4(2) applies, Amended to require stairways or ramps serving Class 9b early childhood centres as a required exit to be fire- isolated. An exemption has been included for certain Class 9b early childhood centres must be provided or applied in accordance with Specification E2D20. For the building, where D2D8 applies, Amended to provide exemption to ladders that are in accordance with D2D21, D3D23 or I3D3 must be provided or applied in accordance with Specification E2D20. For Class 9b, where D2D16(6) applies, Amended and includes a new sub-clause to specify the clear area to horizontal exits to Class 9b early childhood centres must accommodate all occupants. in accordance with Specification E2D20. For the building, where D2D16(8) applies, A new sub-clause has been inserted to require   2 horizontal exits to fire compartments required by C3D6(2) must be provided or applied in accordance with Specification E2D20. For the building, where D2D23 applies, Amended to include new provisions for primary schools. References to early childhood centres have been deleted as a consequence to new and amended Deemed-to- Satisfy Provisions and limitation statement located in A6G1, C3D6, D2D3, D2D4, D2D16, D3D19, D3D22, D3D27, E1D11, Specification 17 and E2D20 must be provided or applied in accordance with Specification E2D20. For Class 9c, where D3D16(b) applies, Amended to provide exemption only to resident use areas in a Class 9c building must be provided or applied in accordance with Specification E2D20. For Class 9b, where D3D19(4) applies, Amended to specify requirements of D3D19(2) and (3) cannot be applied to fire-isolated stairways or ramps serving Class 9b early childhood centres must be provided or applied in accordance with Specification E2D20. For the building element, where D3D19(6) and (7) apply, New sub-clauses have been inserted to provide a maximum opening between barrier and vertical face of a landing, balcony, deck, stairway or the like must be provided or applied in accordance with Specification E2D20. For Class 9b, where D3D22(1)(c) applies, Amended to include a new handrail requirement for Class 9b early childhood centres must be provided or applied in accordance with Specification E2D20. For Class 9b, where D3D27 applies, Amended and includes provision for doors of a fire- isolated exit to not be locked from the inside in a Class 9b early childhood centre must be provided or applied in accordance with Specification E2D20. For the building, where Section E-Services and equipment apply, Section E-Services and equipment must be provided or applied in accordance with Specification E2D20. For the building, where E1D2 applies, Concessions, included in previous editions, regarding protection of booster assemblies have been removed on account of these now being included in AS 2419. 1 must be provided or applied in accordance with Specification E2D20. For the building, where E1D8 applies, Amended to make reference to new defined term Volume must be provided or applied in accordance with Specification E2D20. For Class 9b, where E1D11 applies, Amended to require sprinkler protection for buildings containing a Class 9b early childhood centre. An exemption has been included for certain Class 9b early childhood centres must be provided or applied in accordance with Specification E2D20. For the building, where E1D13 applies, Amended to make reference to new defined term Volume must be provided or applied in accordance with Specification E2D20. For the building, where E2D10 applies, Amended to make reference to new defined term Volume must be provided or applied in accordance with Specification E2D20. For Class 9b, where E2D20 applies, A new sub-clause has been inserted to require automatic smoke detection and alarm system to a building containing Class 9b early childhood centre. An exemption has been included for certain Class 9b early childhood centres must be provided or applied in accordance with Specification E2D20.",1,1,"","","NCC 2022 Vol1","",0,"","","false","","NCC2022_Volume1_Tables_ClauseStyle.txt","2022"
"Vol1","B1","I","Table UNNUMBERED_8","table","Table UNNUMBERED_8","For Class 2 or 3 b, where S17C2(c) applies, Amended to specify that a Class 2 or 3 building with a Class 9b early childhood centre cannot adopt a sprinkler system in accordance with Specification 18 must be provided or applied in accordance with Specification F3D5. For Class 9b, where S17C14 applies, A new clause has been inserted to require quick response sprinklers to Class 9b early childhood centres required to have an automatic fire sprinkler system. An exemption has been provided to certain Class 9b early childhood centres must be provided or applied in accordance with Specification F3D5. For the building, where Section F-Health and amenity apply, Section F-Health and amenity must be provided or applied in accordance with Specification F3D5. For the building, where Part F1 applies, Part F1 has been re-named as a consequence of restructuring, includes new external waterproofing Deemed-to-Satisfy Provisions, and group provisions relating to rainwater management and rising damp must be provided or applied in accordance with Specification F3D5. For the building, where F1P2 applies, Amended to reflect contemporary terminology of annual exceedance probability in lieu of average recurrence interval must be provided or applied in accordance with Specification F3D5. For the building, where F1P3 applies, Amended to reflect contemporary terminology of annual exceedance probability in lieu of average recurrence interval must be provided or applied in accordance with Specification F3D5. For the building, where F1D2 applies, A new clause added to specify application of Part F1 must be provided or applied in accordance with Specification F3D5. For the building, where F1D3 applies, Amended to clarify design and construction of stormwater drainage must be provided or applied in accordance with Specification F3D5. For the building, where F1D4 applies, A new clause has been inserted to specify requirements for exposed joints incorporated in a roof, balcony, podium or similar horizontal part of building must be provided or applied in accordance with Specification F3D5. For the building, where F1D5 applies, Amended to clarify locations at which external waterproofing membranes are required must be provided or applied in accordance with Specification F3D5. For the building, where Part F2 applies, A new Part has been inserted as a consequence of restructuring Part F1 and contains group provisions for wet areas and overflow protection previously contained in NCC 2019 Amdt 1 Part F1. The remaining Parts of Section F have been renumbered accordingly must be provided or applied in accordance with Specification F3D5. For the building, where F2O1 applies, A new Objective has been included for wet areas must be provided or applied in accordance with Specification F3D5. For the building, where F2F1 applies, A new Functional Statement has been included for wet areas must be provided or applied in accordance with Specification F3D5. For the building, where F2D4 applies, Amended to include new requirement for a floor to fall to waste where a floor waste is installed must be provided or applied in accordance with Specification F3D5. For the building, where Part F3 applies, A new Part has been inserted containing new and relocated Deemed-to-Satisfy Provisions relating to roof and external wall weatherproofing must be provided or applied in accordance with Specification F3D5. For the building, where F3O1 applies, A new Objective has been included for roof and wall cladding must be provided or applied in accordance with Specification F3D5. For the building, where F3F1 applies, A new Functional Statement has been included for roof and wall cladding must be provided or applied in accordance with Specification F3D5. For the building, where F3D2 applies, A new sub-clause has been added to include external waterproofing membrane complying with F1D5. Cellulose cement corrugated sheeting has been removed from the clause must be provided or applied in accordance with Specification F3D5. For the building, where F3D5 applies, A new provision has been included to provide options for masonry, autoclaved aerated concrete and metal wall cladding complying with certain NCC referenced documents for satisfying external wall weatherproofing requirements must be provided or applied in accordance with Specification F3D5.",1,1,"","","NCC 2022 Vol1","",0,"","","false","","NCC2022_Volume1_Tables_ClauseStyle.txt","2022"
"Vol1","B1","I","Table UNNUMBERED_9","table","Table UNNUMBERED_9","For the building, where F4D5(c) applies, Amended to clarify ambulant sanitary compartment must be provided for each sex, and for male ambulant sanitary compartment to be separate from female ambulant sanitary compartment. in accordance with Specification G1D4. For the building, where F7P1 applies, Amended and now contains quantified level of performance for sound transmission through floors must be provided or applied in accordance with Specification G1D4. For the building, where F7P2 applies, Amended and now contains quantified level of performance for sound transmission through walls must be provided or applied in accordance with Specification G1D4. For the building, where FP5. 3 applies, This Performance Requirement in NCC 2019 Amdt 1 has been deleted as a consequence of amendments to F7P1 and F7P2 must be provided or applied in accordance with Specification G1D4. For the building, where F7P3 applies, Amended and now contains quantified level of performance for sound transmission through floors in a residential care building must be provided or applied in accordance with Specification G1D4. For the building, where F7P4 applies, Amended and now contains quantified level of performance for sound transmission through walls in a residential care building must be provided or applied in accordance with Specification G1D4. For the building, where FP5. 6 applies, This Performance Requirement in NCC 2019 Amdt 1 has been deleted as a consequence of amendments to F7P3 and F7P4 must be provided or applied in accordance with Specification G1D4. For the building, where F8V1 applies, Amended to include new references to sections of the standard AIRAH DA07 for input assumptions, and new failure criteria included based on a mould index of 3 must be provided or applied in accordance with Specification G1D4. For the building, where F8D3 applies, Amended to include vapour permeance requirements for several materials in climate zones 4 to 8 must be provided or applied in accordance with Specification G1D4. For the building, where F8D4 applies, Amended to include additional exhaust requirements, including ducting of exhausts to outdoor air, exhaust run- on timers in some rooms and provision of make-up air to some rooms must be provided or applied in accordance with Specification G1D4. For the building, where F8D5 applies, Amended to require a ventilated roof space in climate zones 6, 7 and 8, with exceptions for concrete roofs, roofs made from structural insulated panels and roofs subject to Bushfire Attack Level FZ must be provided or applied in accordance with Specification G1D4. For the building, where Specification 26 applies, A new specification has been inserted and contains the requirements of Table F1. 7 of NCC 2019 Volume One Amendment 1 must be provided or applied in accordance with Specification G1D4. For the building, where S26C3 applies, Amended to require walls in shower areas to be waterproof to   1800 mm above the floor substrate must be provided or applied in accordance with Specification G1D4. For the building, where S26C4 and S26C5 apply, Sub-clause(1) has been amended to include fibre-cement sheet flooring must be provided or applied in accordance with Specification G1D4. For the building, where S26C6 applies, A new sub-clause(3) has been inserted to specify wet area requirements where a hand-held bidet spray is installed in a WC. Sub-clause(2) has been amended as a consequence of sub-clause (3) must be provided or applied in accordance with Specification G1D4. For the building, where S28C7 applies, Amended and includes new forms of timber and steel wall construction must be provided or applied in accordance with Specification G1D4. For the building, where S28C10 applies, Amended and includes new form of timber floor construction must be provided or applied in accordance with Specification G1D4. For the building, where Section G-Ancillary provisions applies, Section G-Ancillary provisions must be provided or applied in accordance with Specification G1D4. For the building, where G1D4 applies, Amended to require barriers to outdoor play spaces located more than 2 m above the surface beneath to be 1. 8 m high and non-climbable must be provided or applied in accordance with Specification G1D4.",1,1,"","","NCC 2022 Vol1","",0,"","","false","","NCC2022_Volume1_Tables_ClauseStyle.txt","2022"
"Vol1","B1","I","Table UNNUMBERED_10","table","Table UNNUMBERED_10","For the building, where G2D3 applies, Consequential amendments as a result of changes to the Part 12. 4 of the ABCB Housing Provisions as part of the Acceptable Construction Practice review project must be provided or applied in accordance with Specification J1P4. For the building, where G5O1(c) applies, Amended to include new sub-clause to reflect protection of building occupants who may be unable to readily evacuate prior to a bushfire must be provided or applied in accordance with Specification J1P4. For the building, where G5F1 applies, Amended to include protection of building occupants who may be unable to readily evacuate prior to a bushfire must be provided or applied in accordance with Specification J1P4. For the building, where G5P1 applies, Amended and now contains quantified level of performance for bushfire resistance must be provided or applied in accordance with Specification J1P4. For Class 9 b, where G5P2 applies, New Performance Requirement for Class 9 buildings has been added must be provided or applied in accordance with Specification J1P4. For Class 9 b, where G5V1 applies, A limitation box has been inserted to specify that G5V1 does not apply to a Class 9 building must be provided or applied in accordance with Specification J1P4. For the building, where G5D1 applies, Amended on account of the introduction of G5P2 must be provided or applied in accordance with Specification J1P4. For Class 9 b, where G5D2 applies, Amended to include Class 9 buildings located in an area subject to BAL not > 12. 5 must be provided or applied in accordance with Specification J1P4. For the building, where G5D3 applies, Title amended to include reference to residential buildings must be provided or applied in accordance with Specification J1P4. For Class 9 b, where G5D4 applies, A new provision has been added for the protection of certain Class 9 buildings must be provided or applied in accordance with Specification J1P4. For the building, where Part G7 applies, A new Part has been inserted containing the Livable housing design requirements. This includes a new Objective, Functional Statement, Performance Requirement and Deemed-to-Satisfy Provisions must be provided or applied in accordance with Specification J1P4. For Class 9 b, where Specification 43 applies, A new Specification has been inserted as a consequence of new bushfire protection provisions for certain Class 9 buildings must be provided or applied in accordance with Specification J1P4. For the building, where Section I-Special use buildings applies, Section I-Special use buildings must be provided or applied in accordance with Specification J1P4. For the building, where Section I applies, Section H of NCC 2019 Volume One Amendment 1 has been amended to Section I as a result of structural changes to NCC Volume Two must be provided or applied in accordance with Specification J1P4. For the building, where Section J-Energy efficiency applies, Section J-Energy efficiency must be provided or applied in accordance with Specification J1P4. For the building, where J1O1 applies, Amended to expand the energy efficiency Objectives of Section J must be provided or applied in accordance with Specification J1P4. For the building, where J1F1 applies, Amended to expand the energy efficiency functional requirements of Section J must be provided or applied in accordance with Specification J1P4. For Class 2 b, where J1P1 applies, Amended to clarify requirements for a Class 2 building or a Class 4 part of a building must be provided or applied in accordance with Specification J1P4. For Class 2, where J1P2 applies, A new Performance Requirement for the thermal performance of Class 2 sole-occupancy units must be provided or applied in accordance with Specification J1P4. For Class 2, where J1P3 applies, A new Performance Requirement for the energy usage of Class 2 sole-occupancy units must be provided or applied in accordance with Specification J1P4. For the building, where J1P4 applies, A new Performance Requirement for renewable energy and electric vehicle charging equipment must be provided or applied in accordance with Specification J1P4. For Class 2 c, where J1V1(2) applies, Expands the NABERS pathway to Class 2 common areas must be provided or applied in accordance with Specification J1P4. For Class 3 b, where J1V1(3) applies, Expands the NABERS pathway to Class 3 buildings must be provided or applied in accordance with Specification J1P4. For Class 6 b, where J1V1(4) applies, Expands the NABERS pathway to Class 6 buildings must be provided or applied in accordance with Specification J1P4.",1,1,"","","NCC 2022 Vol1","",0,"","","false","","NCC2022_Volume1_Tables_ClauseStyle.txt","2022"
"Vol1","B1","I","Table UNNUMBERED_11","table","Table UNNUMBERED_11","For the building, where J1V2(1) applies, Aligns the Green Star pathway with the most recent Green Building Council of Australia modelling requirements must be provided or applied in accordance with Specification J9D5. For the building, where J1V2(2) applies, Amended to remove reference to Specification 34 as a required calculation method must be provided or applied in accordance with Specification J9D5. For the building, where J1V4 applies, Expands the existing building sealing verification method by setting additional ventilation requirements for well- sealed buildings must be provided or applied in accordance with Specification J9D5. For Class 2 b, where J1V5 applies, A new verification method for a sole-occupancy unit of Class 2 building must be provided or applied in accordance with Specification J9D5. For the building, where Part J2 applies, Expanded section on the application of Section J must be provided or applied in accordance with Specification J9D5. For Class 2 b, where Part J3 applies, New Deemed-to-Satisfy Provisions J3D1 to J3D15, for energy efficiency in a sole-occupancy unit of Class 2 building or a Class 4 part of a building must be provided or applied in accordance with Specification J9D5. For the building, where J4D6 applies, Amended to clarify how the requirements apply to internal envelope walls must be provided or applied in accordance with Specification J9D5. For the building, where J4D7 applies, Amended to set a deemed R-Value for concrete slab-on- ground construction in most circumstances must be provided or applied in accordance with Specification J9D5. For the building, where J9D3 applies, Amended to provide concession to individual sole- occupancy units with a floor area of 500 m2 or less must be provided or applied in accordance with Specification J9D5. For the building, where J9D4 applies, Provisions to provide ease of retrofit for electric vehicle charging equipment must be provided or applied in accordance with Specification J9D5. For the building, where J9D5 applies, Provisions to provide ease of retrofit for solar photovoltaic and battery storage equipment must be provided or applied in accordance with Specification J9D5. For the building, where S34C2(d)(ii) applies, Amended to clarify infiltration rate applies throughout all zones must be provided or applied in accordance with Specification J9D5. For the building, where S34C3(4)(d) applies, Amended to clarify building form inclusions for ground floor and basements must be provided or applied in accordance with Specification J9D5. For the building, where S34C3(6)(f) applies, Amended to clarify scope of air-conditioning configuration and zoning requirements must be provided or applied in accordance with Specification J9D5. For the building, where Table S34C3 applies, Amends table to use the most up to date greenhouse gas emissions factors must be provided or applied in accordance with Specification J9D5. For the building, where Table S35C2k applies, Amends the artificial lighting schedule from weekly to daily must be provided or applied in accordance with Specification J9D5. For the building, where Specification 36 applies, Amended to align the tables of R-Values for material, surface air film and airspace with current calculation methodologies must be provided or applied in accordance with Specification J9D5. For the building, where Table S39C2b applies, Amended to include a table note on wall thickness must be provided or applied in accordance with Specification J9D5. For the building, where Specification 44 applies, A new specification referenced by J1P2 has been inserted that describes the calculation of heating, cooling and thermal load limits must be provided or applied in accordance with Specification J9D5. For the building, where Specification 45 applies, A new specification has been inserted to provide modelling profiles for J1V5 must be provided or applied in accordance with Specification J9D5. For the building, where Schedule 1-Definitions applies, Schedule 1-Definitions must be provided or applied in accordance with Specification J9D5. For the building, where Schedule 1 applies, Schedule 1 has been amended as part of the initiative to improve readability of the NCC. Schedule 1 - Definitions includes Abbreviations, Symbols and Glossary. States & Territory Appendices (formerly located in Schedule 1) have been incorporated into Schedule 3 to Schedule 11 must be provided or applied in accordance with Specification J9D5. For the building, where Abbreviations applies, Acrylic conformal coating(ACC) has been added must be provided or applied in accordance with Specification J9D5. For the building, where Abbreviations applies, Acrylic latex(ACL) has been added must be provided or applied in accordance with Specification J9D5.",1,1,"","","NCC 2022 Vol1","",0,"","","false","","NCC2022_Volume1_Tables_ClauseStyle.txt","2022"
"Vol1","B1","I","Table UNNUMBERED_12","table","Table UNNUMBERED_12","For the building, where Abbreviations applies, Australian Institute of Refrigeration, Air conditioning and Heating(AIRAH) has been added must be provided or applied in accordance with Specification J9D5. For the building, where Abbreviations applies, American National Standards Institute(ANSI) has been added must be provided or applied in accordance with Specification J9D5. For the building, where Abbreviations applies, American Society of Heating, Refrigerating and Air Conditioning Engineers(ASHRAE) has been added must be provided or applied in accordance with Specification J9D5. For the building, where Abbreviations applies, National Standard of Canada(CAN) has been added must be provided or applied in accordance with Specification J9D5. For the building, where Abbreviations applies, Chartered Institution of Building Services Engineer (CIBSE) has been added must be provided or applied in accordance with Specification J9D5. For the building, where Abbreviations applies, Flame zone(FZ) has been added must be provided or applied in accordance with Specification J9D5. For the building, where Abbreviations applies, Greenhouse and Energy Minimum Standards(GEMS) has been added must be provided or applied in accordance with Specification J9D5. For the building, where Abbreviations applies, Hot dip galvanising (HDG) has been added must be provided or applied in accordance with Specification J9D5. For the building, where Abbreviations applies, Inorganic zinc silicate(IZS) has been added must be provided or applied in accordance with Specification J9D5. For the building, where Abbreviations applies, NATA has been amended to include reference to Australia must be provided or applied in accordance with Specification J9D5. For the building, where Abbreviations applies, National Sanitation Foundation(NSF) has been added must be provided or applied in accordance with Specification J9D5. For the building, where Abbreviations applies, Polyurethane(PUR) has been added must be provided or applied in accordance with Specification J9D5. For the building, where Symbols applies, g/N. s has been added must be provided or applied in accordance with Specification J9D5. For the building, where Symbols applies, fc has been added must be provided or applied in accordance with Specification J9D5. For the building, where Symbols applies, fy has been added must be provided or applied in accordance with Specification J9D5. For the building, where Symbols applies, G has been added must be provided or applied in accordance with Specification J9D5. For the building, where Symbols applies, N/m has been added must be provided or applied in accordance with Specification J9D5. For the building, where Symbols applies, Q has been added must be provided or applied in accordance with Specification J9D5. For the building, where Symbols applies, ULS has been added must be provided or applied in accordance with Specification J9D5. For the building, where Glossary applies, A defined term, Above ground rainwater tank, has been added must be provided or applied in accordance with Specification J9D5. For the building, where Glossary applies, A defined term, Annual exceedance probability, has been added as a consequence of amendments to Part 7. 4 Gutters and downpipes of the ABCB Housing Provisions must be provided or applied in accordance with Specification J9D5. For the building, where Glossary applies, A defined term, Assumed cooling thermostat set point has been added as a consequence of quantification in J1P2 and H6P1 must be provided or applied in accordance with Specification J9D5. For the building, where Glossary applies, A defined term, Average recurrence interval, has been deleted as a consequence of amendments to Part 7. 4 Gutters and downpipes of the ABCB Housing Provisions must be provided or applied in accordance with Specification J9D5. For the building, where Glossary applies, A defined term, Bond breaker, has been added as a consequence of amendments to Part 10. 2 of the ABCB Housing Provisions must be provided or applied in accordance with Specification J9D5. For the building, where Glossary applies, A defined term, Building complexity criteria, has been added must be provided or applied in accordance with Specification J9D5. For the building, where Glossary applies, A defined term, Buried rainwater tank, has been added as a consequence of amendments to Specification 41 of Volume Three must be provided or applied in accordance with Specification J9D5. For the building, where Glossary applies, A defined term, Cooling degree hours has been added as a consequence of quantification in J1P2 and H6P1 must be provided or applied in accordance with Specification J9D5. For the building, where Glossary applies, A defined term, Daily outdoor temperature range has been added as a consequence of quantification in J1P2 and H6P1 must be provided or applied in accordance with Specification J9D5.",1,1,"","","NCC 2022 Vol1","",0,"","","false","","NCC2022_Volume1_Tables_ClauseStyle.txt","2022"
"Vol1","B1","I","Table UNNUMBERED_13","table","Table UNNUMBERED_13","For the building, where Glossary applies, A defined term, Dehumidification gram hours, has been added as a consequence of quantification in J1P2 and H6P1 must be provided or applied in accordance with Specification J9D5. For the building, where Glossary applies, A defined term, Design bushfire, has been added as a consequence of amendments to Part G5 must be provided or applied in accordance with Specification J9D5. For the building, where Glossary applies, The defined term, Domestic services, has been amended to include on-site renewable energy equipment as a result of quantification in J1P3 and H6P2 must be provided or applied in accordance with Specification J9D5. For the building, where Glossary applies, A defined term, Drainage flange, has been added as a consequence of amendments to Part 10. 2 of the ABCB Housing Provisions must be provided or applied in accordance with Specification J9D5. For the building, where Glossary applies, A defined term, Drainage riser, has been added as a consequence of amendments to Part 10. 2 of the ABCB Housing Provisions must be provided or applied in accordance with Specification J9D5. For the building, where Glossary applies, A defined term, Efficacy, has been added as a consequence of including quantified Performance Requirement H3P2 for automatic warning for occupants must be provided or applied in accordance with Specification J9D5. For the building, where Glossary applies, A defined term, Energy value, has been added as a consequence of quantification in J1P3 and H6P2 must be provided or applied in accordance with Specification J9D5. For the building, where Glossary applies, A defined term, Engaged pier, has been added as a consequence of amendments to Section 5 of the ABCB Housing Provisions must be provided or applied in accordance with Specification J9D5. For the building, where Glossary applies, A defined term, Fire actions, has been added as a consequence of amendments to Part G5 must be provided or applied in accordance with Specification J9D5. For the building, where Glossary applies, The defined term, Flashing, has been amended to clarify perimeter and vertical flashings as a consequence of amendments to Part 10. 2 of the ABCB Housing Provisions must be provided or applied in accordance with Specification J9D5. For the building, where Glossary applies, The defined term, Floor area, for Volume One, has been amended on account of new defined term Volume must be provided or applied in accordance with Specification J9D5. For the building, where Glossary applies, A defined term, Floor waste, has been added as a consequence of amendments to Part 10. 2 of the ABCB Housing Provisions must be provided or applied in accordance with Specification J9D5. For Class 2 b, where Glossary applies, The defined term, Glazing, has been amended as a consequence of the updates to the energy efficiency Deemed-to-Satisfy provisions for Class 2 buildings must be provided or applied in accordance with Specification J9D5. For the building, where Glossary applies, A defined term, Heating degree hours, has been added as a consequence of quantification in J1P2 and H6P1 must be provided or applied in accordance with Specification J9D5. For the building, where Glossary applies, A defined term, Hob, has been added as a consequence of amendments to Part 10. 2 of the ABCB Housing Provisions must be provided or applied in accordance with Specification J9D5. For the building, where Glossary applies, A defined term Irrigation system, has been added as a consequence of amendments to S41C2 in Volume Three must be provided or applied in accordance with Specification J9D5. For the building, where Glossary applies, A defined term, Lateral support, has been added as a consequence of amendments to Part 5. 3 of the ABCB Housing Provisions must be provided or applied in accordance with Specification J9D5. For the building, where Glossary applies, A defined term, Main water heater has been added as a consequence of including new whole-of-home energy efficiency requirements must be provided or applied in accordance with Specification J9D5. For the building, where Glossary applies, A defined term, Main space conditioning has been added as a consequence of including new whole-of-home energy efficiency requirements must be provided or applied in accordance with Specification J9D5.",1,1,"","","NCC 2022 Vol1","",0,"","","false","","NCC2022_Volume1_Tables_ClauseStyle.txt","2022"
"Vol1","B1","I","Table UNNUMBERED_14","table","Table UNNUMBERED_14","For the building, where Glossary applies, A defined term, Maximum retained water level, has been added as a consequence of amendments to Part 10. 2 of the ABCB Housing Provisions must be provided or applied in accordance with Specification J9D5. For the building, where Glossary applies, A defined term, Membrane, has been added as a consequence of amendments to Part 10. 2 of the ABCB Housing Provisions must be provided or applied in accordance with Specification J9D5. For The defined term, NABERS Energy for Offices has been amended to be NABERS Energy to reflect its use for multiple building classifications., where Glossary applies, The defined term, NABERS Energy for Offices has been amended to be NABERS Energy to reflect its use for multiple building classifications must be provided or applied in accordance with Specification J9D5. For the building, where Glossary applies, The defined term, Performance-based design brief has been amended for clarity must be provided or applied in accordance with Specification J9D5. For the building, where Glossary applies, The defined term, Point of connection, has been amended for clarity must be provided or applied in accordance with Specification J9D5. For the building, where Glossary applies, A defined term, Preformed shower base, has been added as a consequence of amendments to Part 10. 2 of the ABCB Housing Provisions must be provided or applied in accordance with Specification J9D5. For the building, where Glossary applies, A defined term, Primary insulation layer, has been added as a consequence of amendments to condensation management provisions must be provided or applied in accordance with Specification J9D5. For the building, where Glossary applies, The defined term, Rainwater harvesting system, has been amended to Rainwater service and Rainwater storage as a consequence of amendments to Part B6 of Volume Three must be provided or applied in accordance with Specification J9D5. For the building, where Glossary applies, The defined term, Reference building, has been amended to remove reference to Thermal comfort levels and as a consequence of the introduction of J1V5 must be provided or applied in accordance with Specification J9D5. For the building, where Glossary applies, A defined term, Reliability, has been added as a consequence of including quantified Performance Requirements for automatic warning for occupants must be provided or applied in accordance with Specification J9D5. For the building, where Glossary applies, A defined term, Screed, has been added as a consequence of amendments to Part 10. 2 of the ABCB Housing Provisions must be provided or applied in accordance with Specification J9D5. For the building, where Glossary applies, The defined term, Shower area, has been amended to clarify enclosed and unenclosed shower areas as a consequence of amendments to Part 10. 2 of the ABCB Housing Provisions must be provided or applied in accordance with Specification J9D5. For the building, where Glossary applies, A defined term, Shower screen, has been added as a consequence of amendments to Part 10. 2 of the ABCB Housing Provisions must be provided or applied in accordance with Specification J9D5. For the building, where Glossary applies, A defined term, Thermal energy load, has been added as a consequence of quantification in J1P2 and H6P1 must be provided or applied in accordance with Specification J9D5. For the building, where Glossary applies, The defined term Total R-Value in the ABCB Housing Provisions has been amended to align with Volume One must be provided or applied in accordance with Specification J9D5. For the building, where Glossary applies, The defined term, Total System U-Value, in the ABCB Housing Provisions has been amended to align with Volume One must be provided or applied in accordance with Specification J9D5. For the building, where Glossary applies, A defined term Unprotected water service, has been added as a consequence of introducing new provision for unprotected water service B5D5 of Volume Three must be provided or applied in accordance with Specification J9D5. For the building, where Glossary applies, A defined term, Vapour permeance, has been added as a consequence of amendments to the condensation management provisions must be provided or applied in accordance with Specification J9D5.",1,1,"","","NCC 2022 Vol1","",0,"","","false","","NCC2022_Volume1_Tables_ClauseStyle.txt","2022"
"Vol1","B1","I","Table UNNUMBERED_15","table","Table UNNUMBERED_15","For the building, where Glossary applies, A defined term, Volume, has been added to clarify the volume space with respect to a building, fire compartment and atrium must be provided or applied in accordance with Specification J9D5. For the building, where Glossary applies, A defined term, Waterproofing system, has been added as a consequence of amendments to Part 10. 2 of the ABCB Housing Provisions must be provided or applied in accordance with Specification J9D5. For the building, where Glossary applies, A defined term, Water stop, has been added as a consequence of amendments to Part 10. 2 of the ABCB Housing Provisions must be provided or applied in accordance with Specification J9D5. For the building, where Glossary applies, A defined term, Weighted average, has been added as a consequence of amendments toA5G4 must be provided or applied in accordance with Specification J9D5. For the building, where Glossary applies, A defined term, Wetted surface area, has been added to provide clarification to the defined term Weighted average must be provided or applied in accordance with Specification J9D5. For the building, where Schedule 2-Referenced documents applies, Schedule 2-Referenced documents must be provided or applied in accordance with Specification J9D5. For the building, where AS/NZS 1170. 2 applies, The 2021 edition of AS/NZS 1170 Part 2 Structural design actions - Wind actions has been referenced must be provided or applied in accordance with Specification J9D5. For the building, where AS 1288 applies, The 2021 edition of AS 1288 Glass in buildings - Selection and installation has been referenced must be provided or applied in accordance with Specification J9D5. For the building, where AS 1397 applies, The 2021 edition of AS 1397 Continuous hot-dip metallic coated steel sheet and strip - Coatings of zinc and zinc alloyed with aluminium and magnesium has been referenced. A note has been included to outline transitional arrangements must be provided or applied in accordance with Specification J9D5. For the building, where AS 1530 Parts 1 to 4 applies, The notes to AS 1530 Parts 1 to 4 have been deleted must be provided or applied in accordance with Specification J9D5. For the building, where AS 1530. 8. 1 applies, The 2018 edition of AS 1530 Part 8. 1 Methods for fire tests on building materials, components and structures - Tests on elements of construction for buildings exposed to simulated bushfire attack - Radiant heat and small flaming sources has been referenced must be provided or applied in accordance with Specification J9D5. For the building, where AS/NZS 1546. 1 applies, The 2008 edition of AS/NZS 1546 Part 1 On-site domestic wastewater treatment units - Septic tanks has been referenced must be provided or applied in accordance with Specification J9D5. For the building, where AS/NZS 1546. 2 applies, The 2008 edition of AS/NZS 1546 Part 2 On-site domestic wastewater treatment units - Waterless composting toilets has been referenced must be provided or applied in accordance with Specification J9D5. For the building, where AS 1546. 3 applies, Amdt 1 of the 2017 edition of AS 1546 Part 3 On-site domestic wastewater treatment units - Secondary treatment systems (incorporating amendment 1) has been referenced must be provided or applied in accordance with Specification J9D5. For the building, where AS 1546. 4 applies, The 2016 edition of AS 1546 Part 4 On-site domestic wastewater treatment units - Domestic greywater treatment systems has been referenced must be provided or applied in accordance with Specification J9D5. For the building, where AS/NZS 1547 applies, The 2012 edition of AS/NZS 1547 On-site domestic wastewater management has been referenced must be provided or applied in accordance with Specification J9D5. For the building, where AS/NZS 1562. 2 applies, The 1999 edition of AS/NZS 1562 Part 2 Design and installation of sheet roof and wall cladding - Corrugated fibre-reinforced cement has been deleted must be provided or applied in accordance with Specification J9D5. For the building, where AS 1562. 3 applies, The 2006 edition of AS 1562 Part 3 Design and installation of sheet roof and wall cladding - Plastic has been referenced must be provided or applied in accordance with Specification J9D5.",1,1,"","","NCC 2022 Vol1","",0,"","","false","","NCC2022_Volume1_Tables_ClauseStyle.txt","2022"
"Vol1","B1","I","Table UNNUMBERED_16","table","Table UNNUMBERED_16","For the building, where AS 1670. 1 applies, Amdt 1 of the 2018 edition AS 1670 Part 1 Fire detection, warning, control and intercom systems - System design, installation and commissioning - Fire (incorporating amendment 1) has been referenced. Notes to AS 1670 have been amended to outline transitional arrangements must be provided or applied in accordance with Specification J9D5. For the building, where AS 1670. 3 applies, Amdt 1 of the 2018 edition AS 1670 Part 3 Fire detection, warning, control and intercom systems - System design, installation and commissioning - Fire alarm monitoring (incorporating amendment 1) has been referenced. Notes to AS 1670 have been amended to outline transitional arrangements must be provided or applied in accordance with Specification J9D5. For the building, where AS 1670. 4 applies, Amdt 1 of the 2018 edition AS 1670 Part 4 Fire detection, warning, control and intercom systems - System design, installation and commissioning - Emergency warning and intercom systems (incorporating amendment 1) has been referenced. Notes to AS 1670 have been amended to outline transitional arrangements must be provided or applied in accordance with Specification J9D5. For the building, where AS 1684. 2 applies, The 2021 edition of AS 1684 Part 2 Residential timber- framed construction - Non-cyclonic areas has been referenced must be provided or applied in accordance with Specification J9D5. For the building, where AS 1684. 3 applies, The 2021 edition of AS 1684 Part 3 Residential timber- framed construction -Cyclonic areas has been referenced must be provided or applied in accordance with Specification J9D5. For the building, where AS/NZS 1720. 4 applies, The 2019 edition of AS/NZS 1720 Part 4 Timber structures - Fire resistance of timber elements has been referenced must be provided or applied in accordance with Specification J9D5. For the building, where AS 1720. 5 applies, Amdt 1 of the 2015 edition of AS 1720 Part 5 Timber structures -Nailplated timber roof trusses (incorporating amendment 1) has been referenced must be provided or applied in accordance with Specification J9D5. For the building, where AS/NZS 1859. 4 applies, The note to AS/NZS 1859. 4 has been deleted must be provided or applied in accordance with Specification J9D5. For the building, where AS 2118. 1 applies, Amdt 2 of the 2017 edition of AS 2118 Part 1 Automatic fire sprinkler systems - General systems (incorporating amendments 1 and 2) has been referenced must be provided or applied in accordance with Specification J9D5. For the building, where AS 2118. 4 applies, The 2012 edition of AS 2118 Part 4 Automatic fire sprinkler systems - Sprinkler protection for accommodation buildings not > four storeys in height must be provided or applied in accordance with Specification J9D5. For the building, where AS 2118. 5 applies, The 2008 edition of AS 2118 Part 5 Automatic fire sprinkler systems - Home fire sprinkler systems has been referenced must be provided or applied in accordance with Specification J9D5. For the building, where AS 2118. 6 applies, The 2012 edition of AS 2118 Part 6 Automatic fire sprinkler systems - Combined sprinkler and hydrant systems in multistorey buildings must be provided or applied in accordance with Specification J9D5. For the building, where AS/NZS 2293. 1 applies, Amdt 1 of the 2018 edition of AS/NZS 2293 Part 1 Emergency lighting and exit signs for buildings - System design, installation and operation (incorporating amendment 1) has been referenced must be provided or applied in accordance with Specification J9D5. For the building, where AS 2312. 1 applies, The 2014 edition of AS 2312 Part 1 Guide to the protection of structural steel against atmospheric corrosion by the use of protective coatings - Paint coatings has been referenced must be provided or applied in accordance with Specification J9D5.",1,1,"","","NCC 2022 Vol1","",0,"","","false","","NCC2022_Volume1_Tables_ClauseStyle.txt","2022"
"Vol1","B1","I","Table UNNUMBERED_17","table","Table UNNUMBERED_17","For the building, where AS/NZS 2312. 2 applies, The 2014 edition of AS/NZS 2312 Part 2 Guide to the protection of structural steel against atmospheric corrosion by the use of protective coatings - Hot dip galvanizing has been referenced must be provided or applied in accordance with Specification J9D5. For the building, where AS/NZS 2327 applies, Amdt 1 of the 2017 edition of AS/NZS 2327 Composite structures - composite steel-concrete construction in buildings (incorporating amendment 1) has been referenced must be provided or applied in accordance with Specification J9D5. For the building, where AS 2419. 1 applies, The 2021 edition of AS 2419 Part 1 Fire hydrant installations - System design, installation and commissioning has been referenced must be provided or applied in accordance with Specification J9D5. For the building, where AS 2699. 1 applies, The 2020 edition of AS 2699 Part 1 Built-in components for masonry construction - Wall ties has been referenced. A note has been included to outline transitional arrangements must be provided or applied in accordance with Specification J9D5. For the building, where AS 2699. 3 applies, The 2020 edition of AS 2699 Part 3 Built-in components for masonry construction - Lintels and shelf angles (durability requirements) has been referenced. A note has been included to outline transitional arrangements must be provided or applied in accordance with Specification J9D5. For the building, where AS/NZS 3500. 0 applies, The 2021 edition of AS 3500 Part 0 Plumbing and drainage - Glossary of terms has been referenced must be provided or applied in accordance with Specification J9D5. For the building, where AS/NZS 3500. 1 applies, The 2021 edition of AS 3500 Part 1 Plumbing and drainage - Water services has been referenced must be provided or applied in accordance with Specification J9D5. For the building, where AS/NZS 3500. 2 applies, Amdt 1 of the 2021 edition of AS 3500 Part 2 Plumbing and drainage - Sanitary plumbing and drainage (incorporating amendment 1) has been referenced must be provided or applied in accordance with Specification J9D5. For the building, where AS/NZS 3500. 3 applies, The 2021 edition of AS 3500 Part 3 Plumbing and drainage - Stormwater drainage has been referenced. A note has been included to outline transitional arrangements must be provided or applied in accordance with Specification J9D5. For the building, where AS/NZS 3500. 4 applies, The 2021 edition of AS 3500 Part 4 Plumbing and drainage - Heated water services has been referenced must be provided or applied in accordance with Specification J9D5. For the building, where AS 3600 applies, Amdt 2 of the 2018 edition of AS 3600 Concrete structures (incorporating amendments 1 and 2) has been referenced must be provided or applied in accordance with Specification J9D5. For the building, where AS 3740 applies, The 2021 edition of AS 3740 Waterproofing of domestic wet areas has been referenced must be provided or applied in accordance with Specification J9D5. For the building, where AS 3959 applies, Amdts 1 and 2 of the 2018 edition of AS 3959 Construction of buildings in bushfire-prone areas (incorporating amendments 1 and 2) has been referenced must be provided or applied in accordance with Specification J9D5. For the building, where AS 4055 applies, The 2021 edition of AS 4055 Wind loads for housing has been referenced must be provided or applied in accordance with Specification J9D5. For the building, where AS 4072. 1 applies, The note to AS 4072 Part 1 has been deleted must be provided or applied in accordance with Specification J9D5. For the building, where AS 4100 applies, The 2020 edition of AS 4100 Steel structures has been referenced must be provided or applied in accordance with Specification J9D5. For the building, where AS 4200. 1 applies, Amdt 1 of the 2017 edition of AS 4200 Part 1 Pliable building membranes and underlays - Materials (incorporating amendment 1) has been referenced must be provided or applied in accordance with Specification J9D5. For the building, where AS 4200. 2 applies, Amdts 1 and 2 of the 2017 edition of AS 4200 Part 2 Pliable building membranes and underlays - Installation (incorporating amendments 1 and 2) has been referenced must be provided or applied in accordance with Specification J9D5.",1,1,"","","NCC 2022 Vol1","",0,"","","false","","NCC2022_Volume1_Tables_ClauseStyle.txt","2022"
"Vol1","B1","I","Table UNNUMBERED_18","table","Table UNNUMBERED_18","For the building, where AS/NZS 4234 applies, The 2021 edition of AS/NZS 4234 Heated water systems - Calculation of energy consumption has been referenced must be provided or applied in accordance with Specification J9D5. For the building, where AS 4254. 1 applies, The 2021 edition of AS 4254 Part 1 Ductwork for air- handling systems in buildings - Flexible duct has been referenced must be provided or applied in accordance with Specification J9D5. For the building, where AS/NZS 4256. 1 applies, The 1994 edition of AS/NZS 4256 Part 1 Plastic roof and wall cladding materials - General requirements has been deleted must be provided or applied in accordance with Specification J9D5. For the building, where AS/NZS 4256. 2 applies, The 1994 edition of AS/NZS 4256 Part 2 Plastic roof and wall cladding materials - Unplasticized polyvinyl chloride (uPVC) building sheets has been deleted must be provided or applied in accordance with Specification J9D5. For the building, where AS/NZS 4256. 3 applies, The 1994 edition of AS/NZS 4256 Part 3 Plastic roof and wall cladding materials - Glass fibre reinforced polyester (GRP) has been deleted must be provided or applied in accordance with Specification J9D5. For the building, where AS/NZS 4256. 5 applies, The 1996 edition of AS/NZS 4256 Part 5 Plastic roof and wall cladding materials - Polycarbonate has been deleted must be provided or applied in accordance with Specification J9D5. For the building, where AS 4773. 2 applies, Amdt 1 of the 2015 edition of AS 4773 Part 2 Masonry in small buildings - Construction has been referenced must be provided or applied in accordance with Specification J9D5. For the building, where AS/NZS 4858 applies, The 2004 edition of AS/NZS 4858 Wet area membranes has been referenced must be provided or applied in accordance with Specification J9D5. For the building, where AS 5146. 3 applies, The 2018 edition of AS 5146 Part 3 Reinforced Autoclaved Aerated Concrete - Construction has been referenced must be provided or applied in accordance with Specification J9D5. For the building, where AS 5216 applies, The 2021 edition of AS 5216 Design of post-installed and cast-in fastenings in concrete has been referenced must be provided or applied in accordance with Specification J9D5. For the building, where AS/NZS 5601. 1 applies, The 2013 edition of AS/NZS 5601 Part 1 Gas installations - General installations has been referenced must be provided or applied in accordance with Specification J9D5. For the building, where AIRAH-DA07 applies, The 2021 edition of AIRAH-DA07 Criteria for moisture control design analysis in buildings has been referenced must be provided or applied in accordance with Specification J9D5. For the building, where ASTM E903 applies, The 2012 edition ofASTM E903 Standard Test Method for Solar Absorptance, Reflectance, and Transmittance of Materials Using Integrating Spheres has been deleted must be provided or applied in accordance with Specification J9D5. For the building, where ASTM E96 applies, The 2016 edition ofASTM E96 Standard Test Methods for Water Vapor Transmission of Materials has been referenced must be provided or applied in accordance with Specification J9D5. For the building, where ABCB applies, The 2022 version of the ABCB Fire Safety Verification Method Standard has been referenced. As a consequence, the FSVM is deleted as a standalone schedule must be provided or applied in accordance with Specification J9D5. For the building, where ABCB applies, The 2012 edition of AS 2118 Part 6 Automatic fire sprinkler systems - Combined sprinkler and hydrant systems in multistorey buildings must be provided or applied in accordance with Specification J9D5. For the building, where ABCB applies, The 2022 version of the ABCB Livable Housing Design Standard has been referenced must be provided or applied in accordance with Specification J9D5. For the building, where ABCB applies, The 2022 version of the ABCB Standard for NatHERS Heating and Cooling Load Limits has been referenced must be provided or applied in accordance with Specification J9D5. For the building, where ABCB applies, The 2022 version of the ABCB Standard for Whole-of- home Efficiency Factors has been referenced must be provided or applied in accordance with Specification J9D5. For the building, where FPAA101D applies, The 2021 edition of FPAA101D Automatic Fire Sprinkler System Design and Installation - Drinking Water Supply has been referenced must be provided or applied in accordance with Specification J9D5.",1,1,"","","NCC 2022 Vol1","",0,"","","false","","NCC2022_Volume1_Tables_ClauseStyle.txt","2022"
"Vol1","B1","I","Table UNNUMBERED_19","table","Table UNNUMBERED_19","For the building, where FPAA101H applies, Amdt 1 of the 2018 edition of FPAA101H Automatic Fire Sprinkler System Design and Installation - Hydrant Water Supply (incorporating amendment 1) has been referenced must be provided or applied in accordance with Specification J9D5. For the building, where NASH Standard applies, The 2021 edition of NASH Standard Steel Framed Construction in Bushfire Areas has been referenced must be provided or applied in accordance with Specification J9D5. For the building, where NSF/ANSI/CAN 372 applies, The 2020 edition of NSF/ANS/CAN 372 Drinking Water System Components - Lead Content has been referenced must be provided or applied in accordance with Specification J9D5. # Total: 3177 clause-style sentences from tables.",1,1,"","","NCC 2022 Vol1","",0,"","","false","","NCC2022_Volume1_Tables_ClauseStyle.txt","2022"
