"volume","part_code","section_code","table_id","unit_type","table_title","table_content","content_part","content_parts_total","called_in","clause_reference","source","context","clause_count","first_clause_id","last_clause_id","archived","state_territory","source_file","ncc_version"
"Vol2","H7","H","Table H7V2","table","Table H7V2","For the building, where 1; and No requirement apply, No requirement must be provided or applied in accordance with Specification H7V2. For the building, where 2; and 1: 500 apply, 1: 50 must be provided or applied in accordance with Specification H7V2. For Class 1 a, where 3; and N/A for Class 1 and 10 buildings apply, the relevant requirement must be met in accordance with Specification H7V2. For the building, where 4; and 1: 2000 apply, 1: 200 must be provided or applied in accordance with Specification H7V2.",1,1,"","","NCC 2022 Vol2","",0,"","","false","","NCC2022_Volume2_Tables_ClauseStyle.txt","2022"
"Vol2","H7","H","Table 1","table","Table 1","For the building element, where AS 1657; and 2018; and Fixed platforms, walkways, stairways and ladders - Design, construction and installation; and TAS I10D3 apply, the relevant requirement must be met in accordance with Specification H7D2. For the building, where AS/NZS 1668 Part 1; and 2015; and The use of ventilation and air-conditioning in buildings: Fire and smoke control in multi- compartment buildings; and TAS I4D7 apply, the relevant requirement must be met in accordance with Specification H7D2. For the building, where AS 1668 Part 2; and 2012; and The use of ventilation and air-conditioning in buildings: Mechanical ventilation in buildings; and TAS I4D7, TAS I16D5 apply, the relevant requirement must be met in accordance with Specification H7D2. For the building, where AS/NZS 1680 Part 1; and 2006; and Interior lighting: General principles and recommendations; and TAS I4D8, TAS I7D2, TAS I7D3, TAS I16D4 apply, the relevant requirement must be met in accordance with Specification H7D2. For the building, where AS/NZS1680 Part 2. 1; and 2008; and Interior lighting: Circulation spaces and other general areas; and TAS I7D2, TAS I7D3, TAS I16D4 apply, the relevant requirement must be met in accordance with Specification H7D2. For the building, where AS/NZS1680 Part 2. 2; and 2008; and Interior lighting: Office and screen based tasks; and TAS I7D2, TAS I7D3, TAS I16D4 apply, the relevant requirement must be met in accordance with Specification H7D2. For the building, where AS/NZS1680 Part 2. 3; and 2008; and Interior lighting: Education and training facilities; and TAS I7D2, TAS I7D3, TAS I16D4 apply, the relevant requirement must be met in accordance with Specification H7D2. For the building, where AS/NZS1680 Part 2. 4; and 2017; and Interior lighting: Industrial tasks and processes; and TAS I4D8, TAS I7D2, TAS I7D3 apply, the relevant requirement must be met in accordance with Specification H7D2. For the building, where AS/NZS1680 Part 2. 5; and 2018; and Interior lighting: Hospitals and medical tasks; and TAS I7D2, TAS I7D3 apply, the relevant requirement must be met in accordance with Specification H7D2. For the building, where AS 2658; and 2008; and LP Gas - Portable and mobile appliances; and TAS I16D7 apply, the relevant requirement must be met in accordance with Specification H7D2. For the building, where AS 2746; and 2008; and Working areas for gas fuelled vehicles; and TAS I17D2 apply, the relevant requirement must be met in accordance with Specification H7D2.",1,1,"","","NCC 2022 Vol2","",0,"","","false","","NCC2022_Volume2_Tables_ClauseStyle.txt","2022"
"Vol2","H7","H","Table H7D2_8","table","Table H7D2_8","For the building, where AS/NZS 3000; and 2018; and Electrical installations (known as the Australian/New Zealand Wiring Rules); and TAS I16D6 apply, the relevant requirement must be met in accordance with Specification H7D2. For the building, where AS 4464; and 2007; and Hygienic production of game meat for human consumption; and TAS I6D2 apply, the relevant requirement must be met in accordance with Specification H7D2. For the building, where AS 4465; and 2006; and Construction of premises and hygienic production of poultry meat for human consumption; and TAS I6D2 apply, the relevant requirement must be met in accordance with Specification H7D2. For the building, where AS 4466; and 1998; and Hygienic production of rabbit meat for human consumption; and TAS I6D2 apply, the relevant requirement must be met in accordance with Specification H7D2. For the building, where AS 4674; and 2004; and Design, construction and fit-out of food premises (Clauses 4. 2 and 4. 3); and TAS I4D9, TAS I4D13 apply, the relevant requirement must be met in accordance with Specification H7D2. For the building, where AS 4696; and 2007; and Hygienic production and transportation of meat and meat products for human consumption; and TAS I6D2 apply, the relevant requirement must be met in accordance with Specification H7D2. For the building, where AS 5008; and 2007; and Hygienic rendering of animal products; and TAS I6D2 apply, the relevant requirement must be met in accordance with Specification H7D2. For the building, where AS 5010; and 2001; and Hygienic production of ratite (emu/ostrich) meat for human consumption; and TAS I6D2 apply, the relevant requirement must be met in accordance with Specification H7D2. For the building, where AS 5011; and 2001; and Hygienic production of natural casings for human consumption; and TAS I6D2 apply, the relevant requirement must be met in accordance with Specification H7D2. For the building, where ABCB; and Temporary Structures Standard; and TAS I16D2 apply, the relevant requirement must be met in accordance with Specification H7D2.",1,1,"","","NCC 2022 Vol2","",0,"","","false","","NCC2022_Volume2_Tables_ClauseStyle.txt","2022"
"Vol2","H7","H","Table H7D2_9","table","Table H7D2_9","For the building, where Australasian Health Facility Guidelines; and TAS I9D2 apply, the relevant requirement must be met in accordance with Specification H7D2. For the building, where BCA 2019 Amendment 1; and 2019; and Building Code of Australia; and TAS Section J; and TAS Part H6 apply, TAS Section 13 must be provided or applied in accordance with Specification H7D2. For Class 4, where Centre Based Care Class 4 Standards; and Tasmanian Licencing Standards for Centre Based Child Care Class 4; and TAS Schedule 1; and TAS Schedule 1 apply, TAS Schedule 1 must be provided or applied in accordance with Specification H7D2. For Class 5, where Centre Based Care Class 5 Standards; and Tasmanian Licencing Standards for Centre Based Child Care Class 5 (0-12 years); and TAS Schedule 1; and TAS Schedule 1 apply, TAS Schedule 1 must be provided or applied in accordance with Specification H7D2. For the building, where Child Care Act; and 2001; and TAS I16P1, TAS I16P2, TAS I16P3, TAS I16D1, TAS Schedule 1; and TAS Schedule 1 apply, TAS Schedule 1 must be provided or applied in accordance with Specification H7D2. For the building, where Condensation in Buildings Tasmanian Designers Guide; and TAS F8P1; and TAS H4D9 apply, the relevant requirement must be met in accordance with Specification H7D2. For the building, where Dairy Industry Act; and 1994; and TAS I4P1, TAS I4D1, TAS I7D1 apply, the relevant requirement must be met in accordance with Specification H7D2. For the building, where Disability (Access to Premises - Buildings) Standards; and 2010; and TAS D4D14 apply, the relevant requirement must be met in accordance with Specification H7D2. For the building, where Disability Discrimination Act (Cth); and 1992; and TAS D1P10 apply, the relevant requirement must be met in accordance with Specification H7D2. For the building, where Early Childhood Centre and School Age Care Facilities Code; and TAS I5D2 apply, the relevant requirement must be met in accordance with Specification H7D2. For the building, where Education and Care Services National Law (Application) Act; and 2011; and TAS I16P1, TAS I16P2, TAS I16P3, TAS I16D1, TAS Schedule 1; and TAS Schedule 1 apply, the relevant requirement must be met in accordance with Specification H7D2. For the building, where Export Control (Milk and Diary) Orders; and TAS I4D17 apply, the relevant requirement must be met in accordance with Specification H7D2. For the building, where Health Service Establishments Act; and 2006; and TAS I9D1 apply, the relevant requirement must be met in accordance with Specification H7D2. For the building, where Hygienic Production of Pet Meat; and Technical Report 88; and TAS I6D2 apply, the relevant requirement must be met in accordance with Specification H7D2.",1,1,"","","NCC 2022 Vol2","",0,"","","false","","NCC2022_Volume2_Tables_ClauseStyle.txt","2022"
"Vol2","H7","H","Table H7D2_10","table","Table H7D2_10","For the building, where Liquor Licensing Act; and 1990; and TAS I4P1, TAS I4D1, TAS I5D1 apply, the relevant requirement must be met in accordance with Specification H7D2. For the building, where Primary Produce Safety Act; and 2011; and TAS I4P1, TAS I4D1, TAS I4D16 apply, the relevant requirement must be met in accordance with Specification H7D2. For the building, where Water and Sewerage Industry Act; and 2008; and TAS I4D3 apply, the relevant requirement must be met in accordance with Specification H7D2.",1,1,"","","NCC 2022 Vol2","",0,"","","false","","NCC2022_Volume2_Tables_ClauseStyle.txt","2022"
"Vol2","H7","H","Table H7D2_12","table","Table H7D2_12","For Class 1 a, where Section H applies, Class 1 and 10 buildings Part H1 VIC H1D10 Part H2H2D6 Part H6 VIC H6V1 VIC H6D2 must be provided or applied in accordance with Specification H7D2. For the building, where Schedule 1 Schedule 2 applies, Definitions Referenced documents must be provided or applied in accordance with Specification H7D2.",1,1,"","","NCC 2022 Vol2","",0,"","","false","","NCC2022_Volume2_Tables_ClauseStyle.txt","2022"
"Vol2","H7","H","Table H7D4_5","table","Table H7D4_5","For Class 6 b, where Section H applies, Part A6 Building classification SA A6G7 Class 6 buildings Class 1 and 10 buildings Part H1 SA H1P2 Part H2 SA H2P3H2D4 Part H3H3P1 Part H4H4P1 Part H5 SA H5O2 SA H5F2 SA H5P3H5D1 SA H5D4 Part H7H7P1H7D2H7D4 must be provided or applied in accordance with Specification H7D4. For the building, where SA Part H9 applies, Water efficiency Objectives SA H9O1 Objective Functional Statements SA H9F1 Water efficiency Performance Requirements SA H9P1 Water efficiency Deemed-to-Satisfy Provisions SA H9D1 Deemed-to-Satisfy Provisions SA H9D2 Application of Part SA H9D3 Rainwater tank capacity SA H9D4 Rainwater tank overflow SA H9D5 Rainwater tank water quality SA H9D6 Rainwater tank stands must be provided or applied in accordance with Specification H7D4. For the building, where SA Part H10 applies, Access for people with a disability Objectives SA H10O1 Objective Functional Statements SA H10F1 Equitable and dignified access must be provided or applied in accordance with Specification H7D4.",1,1,"","","NCC 2022 Vol2","",0,"","","false","","NCC2022_Volume2_Tables_ClauseStyle.txt","2022"
"Vol2","H8","H","Table S44C2","table","Table S44C2","For the building, where 50 m2 applies, 1. 37 must be provided or applied in accordance with Specification S44C2. For the building, where > 50 m2 to 350 m2 applies, (5. 11 x 10 6)A H2 (3. 82  x 103)A H + 1. 55 must be provided or applied in accordance with Specification S44C2. For the building, where > 350 m2 applies, 0. 84 must be provided or applied in accordance with Specification S44C2.",1,1,"","","NCC 2022 Vol2","",0,"","","false","","NCC2022_Volume2_Tables_ClauseStyle.txt","2022"
"Vol2","H8","H","Table S44C3","table","Table S44C3","For the building, where 50 m2 applies, 1. 34 must be provided or applied in accordance with Specification S44C3. For the building, where > 50 m2 and 200 m2 apply, (1. 29 x 105)A H2 (5. 55 x 103)A H + 1. 58 must be provided or applied in accordance with Specification S44C3.",1,1,"","","NCC 2022 Vol2","",0,"","","false","","NCC2022_Volume2_Tables_ClauseStyle.txt","2022"
"Vol2","H8","H","Table S44C3_2","table","Table S44C3_2","For the building, where > 200 m2 and 1000 m2 apply, (3. 76 x 107)A H2 (7. 82 x 104)A H + 1. 12 must be provided or applied in accordance with Specification S44C3. For the building, where > 1000 m2 applies, 0. 71 must be provided or applied in accordance with Specification S44C3.",1,1,"","","NCC 2022 Vol2","",0,"","","false","","NCC2022_Volume2_Tables_ClauseStyle.txt","2022"
"Vol2","H8","H","Table S44C4_4","table","Table S44C4_4","For the building, where ABCB applies, Australian Building Codes Board must be provided or applied in accordance with Specification S44C4. For the building, where AC applies, Alternating Current must be provided or applied in accordance with Specification S44C4. For the building, where ACC applies, Acrylic conformal coating must be provided or applied in accordance with Specification S44C4. For the building, where ACL applies, Acrylic latex must be provided or applied in accordance with Specification S44C4. For the building, where ACP applies, Aluminium Composite Panel must be provided or applied in accordance with Specification S44C4. For the building, where AIRAH applies, Australian Institute of Refrigeration, Air conditioning and Heating must be provided or applied in accordance with Specification S44C4. For the building, where ANSI applies, American National Standards Institute must be provided or applied in accordance with Specification S44C4. For the building, where AS applies, Australian Standard must be provided or applied in accordance with Specification S44C4. For the building, where ASET applies, Available Safe Egress Time must be provided or applied in accordance with Specification S44C4. For the building, where ASHRAE applies, American Society of Heating, Refrigerating and Air Conditioning Engineers must be provided or applied in accordance with Specification S44C4. For the building, where ASTM applies, American Society for Testing and Materials must be provided or applied in accordance with Specification S44C4. For the building, where BAL applies, Bushfire Attack Level must be provided or applied in accordance with Specification S44C4. For the building, where BCA applies, Building Code of Australia must be provided or applied in accordance with Specification S44C4. For the building, where BE applies, Fire blocks evacuation route must be provided or applied in accordance with Specification S44C4. For the building, where CAN applies, National Standard of Canada must be provided or applied in accordance with Specification S44C4. For the building, where CCT applies, Correlated Colour Temperature must be provided or applied in accordance with Specification S44C4. For the building, where CF applies, Challenging fire must be provided or applied in accordance with Specification S44C4. For the building, where CHF applies, Critical Heat Flux must be provided or applied in accordance with Specification S44C4. For the building, where CIBSE applies, Chartered Institution of Building Services Engineers must be provided or applied in accordance with Specification S44C4. For the building, where CRF applies, Critical Radiant Flux must be provided or applied in accordance with Specification S44C4. For the building, where CRI applies, Colour Rendering Index must be provided or applied in accordance with Specification S44C4. For the building, where CS applies, Fire starts in a concealed space must be provided or applied in accordance with Specification S44C4. For the building, where CSHGC applies, Constant for solar heat gain must be provided or applied in accordance with Specification S44C4. For the building, where CSIRO applies, Commonwealth Scientific and Industrial Research Organisation must be provided or applied in accordance with Specification S44C4. For the building, where CU applies, Constant for conductance must be provided or applied in accordance with Specification S44C4. For the building, where DC applies, Direct Current must be provided or applied in accordance with Specification S44C4. For the building, where FED applies, Fractional Effective Dose must be provided or applied in accordance with Specification S44C4. For the building, where FI applies, Fire brigade intervention must be provided or applied in accordance with Specification S44C4. For the building, where FRL applies, Fire Resistance Level must be provided or applied in accordance with Specification S44C4. For the building, where FZ applies, Flame Zone must be provided or applied in accordance with Specification S44C4. For the building, where GEMS applies, Greenhouse and Energy Minimum Standards must be provided or applied in accordance with Specification S44C4. For the building, where GRP applies, Glass fibre reinforced polyester must be provided or applied in accordance with Specification S44C4. For the building, where HDG applies, Hot dip galvanising must be provided or applied in accordance with Specification S44C4. For the building, where HRR applies, Heat Release Rate must be provided or applied in accordance with Specification S44C4. For the building, where HS applies, Horizontal fire spread must be provided or applied in accordance with Specification S44C4. For the building, where IS applies, Rapid fire spread involving internal surface linings must be provided or applied in accordance with Specification S44C4. For the building, where ISO applies, International Organisation for Standardisation must be provided or applied in accordance with Specification S44C4. For the building, where IZS applies, Inorganic zinc silicate must be provided or applied in accordance with Specification S44C4. For the building, where LED applies, Light-Emitting Diode must be provided or applied in accordance with Specification S44C4. For the building, where MEPS applies, Minimum Energy Performance Standards must be provided or applied in accordance with Specification S44C4.",1,1,"","","NCC 2022 Vol2","",0,"","","false","","NCC2022_Volume2_Tables_ClauseStyle.txt","2022"
"Vol2","H8","H","Table S44C4_5","table","Table S44C4_5","For the building, where NABERS applies, National Australian Built Environment Rating System must be provided or applied in accordance with Specification S44C4. For the building, where NASH applies, National Association of Steel-Framed Housing must be provided or applied in accordance with Specification S44C4. For the building, where NATA applies, National Association of Testing Authorities Australia must be provided or applied in accordance with Specification S44C4. For the building, where NatHERS applies, Nationwide House Energy Rating Scheme must be provided or applied in accordance with Specification S44C4. For the building, where NCC applies, National Construction Code must be provided or applied in accordance with Specification S44C4. For the building, where NSF applies, National Sanitation Foundation must be provided or applied in accordance with Specification S44C4. For the building, where PBDB applies, Performance-based design brief must be provided or applied in accordance with Specification S44C4. For the building, where PCA applies, Plumbing Code of Australia must be provided or applied in accordance with Specification S44C4. For the building, where PMV applies, Predicted Mean Vote must be provided or applied in accordance with Specification S44C4. For the building, where ppm applies, parts per million must be provided or applied in accordance with Specification S44C4. For the building, where PUR applies, Polyurethane must be provided or applied in accordance with Specification S44C4. For the building, where PVC applies, Polyvinyl chloride must be provided or applied in accordance with Specification S44C4. For the building, where RC applies, Robustness check must be provided or applied in accordance with Specification S44C4. For the building, where RSET applies, Required Safe Egress Time must be provided or applied in accordance with Specification S44C4. For the building, where RW applies, Weighted sound reduction index must be provided or applied in accordance with Specification S44C4. For the building, where SF applies, Smouldering fire must be provided or applied in accordance with Specification S44C4. For the building, where SHGC applies, Solar Heat Gain Coefficient must be provided or applied in accordance with Specification S44C4. For the building, where SL applies, Square mesh must be provided or applied in accordance with Specification S44C4. For the building, where SS applies, Structural stability and other property must be provided or applied in accordance with Specification S44C4. For the building, where STC applies, Sound Transmission Class must be provided or applied in accordance with Specification S44C4. For the building, where TM applies, Trench mesh must be provided or applied in accordance with Specification S44C4. For the building, where UF applies, Unexpected catastrophic failure must be provided or applied in accordance with Specification S44C4. For the building, where UPVC applies, Unplasticized polyvinyl chloride must be provided or applied in accordance with Specification S44C4. For the building, where UT applies, Fire in normally unoccupied room threatening occupants of other rooms must be provided or applied in accordance with Specification S44C4. For the building, where U-Value applies, Thermal transmittance must be provided or applied in accordance with Specification S44C4. For the building, where VS applies, Vertical fire spread involving external cladding or external openings must be provided or applied in accordance with Specification S44C4. For the building, where WC applies, Water closet must be provided or applied in accordance with Specification S44C4.",1,1,"","","NCC 2022 Vol2","",0,"","","false","","NCC2022_Volume2_Tables_ClauseStyle.txt","2022"
"Vol2","H8","H","Table S44C4_6","table","Table S44C4_6","For the building, where  deg applies, degree(s) must be provided or applied in accordance with Specification S44C4. For the building, where  degC applies, degree(s) Celsius must be provided or applied in accordance with Specification S44C4. For the building, where  degCDB applies, degree(s) Celsius Dry Bulb must be provided or applied in accordance with Specification S44C4. For the building, where  degCWB applies, degree(s) Celsius Wet Bulb must be provided or applied in accordance with Specification S44C4. For the building, where -e/MJ applies, equivalent per Megajoule(s) must be provided or applied in accordance with Specification S44C4. For the building, where m applies, micrometre must be provided or applied in accordance with Specification S44C4. For the building, where g/N. s applies, Micrograms per newton-second must be provided or applied in accordance with Specification S44C4. For the building, where dB(A) applies, decibels A scale weighting network must be provided or applied in accordance with Specification S44C4. For the building, where fc applies, Characteristic compressive strength of concrete at 28 days must be provided or applied in accordance with Specification S44C4. For the building, where fy applies, Yield stress used in design must be provided or applied in accordance with Specification S44C4. For the building, where G applies, Permanent load must be provided or applied in accordance with Specification S44C4. For the building, where J applies, Joule(s) must be provided or applied in accordance with Specification S44C4. For the building, where J/kg. K applies, Joules per kilogram degree Kelvin must be provided or applied in accordance with Specification S44C4. For the building, where J/s. m2 applies, Joules per second square metre must be provided or applied in accordance with Specification S44C4. For the building, where K applies, Kelvin(s) must be provided or applied in accordance with Specification S44C4. For the building, where kg applies, kilogram(s) must be provided or applied in accordance with Specification S44C4. For the building, where kg/m applies, kilogram(s) per metre must be provided or applied in accordance with Specification S44C4. For the building, where kg/m2 applies, kilogram(s) per square metre must be provided or applied in accordance with Specification S44C4. For the building, where kg/m3 applies, kilogram(s) per cubic metre must be provided or applied in accordance with Specification S44C4. For the building, where kJ/m2. hour applies, kilojoules per square metre hour must be provided or applied in accordance with Specification S44C4. For the building, where km applies, kilometre(s) must be provided or applied in accordance with Specification S44C4. For the building, where kPa applies, kilopascal(s) must be provided or applied in accordance with Specification S44C4. For the building, where kW/m2 applies, kilowatt(s) per square metre must be provided or applied in accordance with Specification S44C4. For the building, where kWheating applies, kilowatt(s) of heating must be provided or applied in accordance with Specification S44C4. For the building, where kWr applies, kilowatt(s) of refrigeration must be provided or applied in accordance with Specification S44C4. For the building, where L applies, litre(s) must be provided or applied in accordance with Specification S44C4. For the building, where L/min applies, litre(s) per minute must be provided or applied in accordance with Specification S44C4. For the building, where L/s applies, litre(s) per second must be provided or applied in accordance with Specification S44C4. For the building, where L/s. m2 applies, litre(s) per second square metre must be provided or applied in accordance with Specification S44C4. For the building, where Lumens/W applies, Lumens per Watt must be provided or applied in accordance with Specification S44C4. For the building, where lx applies, lux must be provided or applied in accordance with Specification S44C4. For the building, where m applies, metre(s) must be provided or applied in accordance with Specification S44C4. For the building, where m/s applies, metre(s) per second must be provided or applied in accordance with Specification S44C4. For the building, where m2 applies, square metre(s) must be provided or applied in accordance with Specification S44C4. For the building, where m2. K/W applies, square metre Kelvin(s) per Watt must be provided or applied in accordance with Specification S44C4. For the building, where m3 applies, cubic metre(s) must be provided or applied in accordance with Specification S44C4. For the building, where m3/hour applies, cubic metre(s) per hour must be provided or applied in accordance with Specification S44C4. For the building, where m3/s applies, cubic metre(s) per second must be provided or applied in accordance with Specification S44C4. For the building, where mcd/m2 applies, millicandelas per square metre must be provided or applied in accordance with Specification S44C4. For the building, where min applies, minute(s) must be provided or applied in accordance with Specification S44C4.",1,1,"","","NCC 2022 Vol2","",0,"","","false","","NCC2022_Volume2_Tables_ClauseStyle.txt","2022"
"Vol2","H8","H","Table S44C4_7","table","Table S44C4_7","For the building, where MJ/hour applies, Megajoules per hour must be provided or applied in accordance with Specification S44C4. For the building, where MJ/m2. annum applies, Megajoules per square metre annum must be provided or applied in accordance with Specification S44C4. For the building, where mm applies, millimetre(s) must be provided or applied in accordance with Specification S44C4. For the building, where mm2 applies, square millimetre(s) must be provided or applied in accordance with Specification S44C4. For the building, where MW applies, megawatt(s) must be provided or applied in accordance with Specification S44C4. For the building, where N applies, newton(s) must be provided or applied in accordance with Specification S44C4. For the building, where N/m applies, Newton(s) per metre must be provided or applied in accordance with Specification S44C4. For the building, where Pa applies, pascal(s) must be provided or applied in accordance with Specification S44C4. For the building, where Pa/m applies, pascal(s) per metre must be provided or applied in accordance with Specification S44C4. For the building, where Q applies, Imposed load must be provided or applied in accordance with Specification S44C4. For the building, where s applies, second(s) must be provided or applied in accordance with Specification S44C4. For the building, where ULS applies, Ultimate limit state must be provided or applied in accordance with Specification S44C4. For the building, where V applies, Volt(s) must be provided or applied in accordance with Specification S44C4. For the building, where W applies, Watt(s) must be provided or applied in accordance with Specification S44C4. For the building, where W input power applies, Watts of input power must be provided or applied in accordance with Specification S44C4. For the building, where Wr/Winput power applies, Watts of thermal refrigeration per watt of input power must be provided or applied in accordance with Specification S44C4. For the building, where W/kWrej applies, Watts per kilowatt of heat rejected must be provided or applied in accordance with Specification S44C4. For the building, where Wm-1K-1 applies, Watts per metre degree Kelvin must be provided or applied in accordance with Specification S44C4. For the building, where W/m2 applies, Watts per square metre must be provided or applied in accordance with Specification S44C4. For the building, where  degsouth applies, degree south must be provided or applied in accordance with Specification S44C4. For the building, where % applies, percent must be provided or applied in accordance with Specification S44C4. For the building, where > applies, > must be provided or applied in accordance with Specification S44C4. For the building, where < applies, less than must be provided or applied in accordance with Specification S44C4. For the building, where the relevant conditions applies, less than or equal to must be provided or applied in accordance with Specification S44C4. For the building, where the relevant conditions applies, equal to or more than must be provided or applied in accordance with Specification S44C4.",1,1,"","","NCC 2022 Vol2","",0,"","","false","","NCC2022_Volume2_Tables_ClauseStyle.txt","2022"
"Vol2","H8","H","Table 2","table","Table 2","For Class 2, where Low applies, The building meets only one of the following building complexity criteria: (a) (Attributes), (b) (Class 2), (c) (Occupant numbers) or (d) (Occupant characteristics) must be provided or applied in accordance with Specification S44C4. For Class 2, where Medium applies, The building meets two of the following building complexity criteria: (a) (Attributes), (b) (Class 2), (c) (Occupant numbers) or (d) (Occupant characteristics) must be provided or applied in accordance with Specification S44C4. For Class 2, where High applies, The building meets three of the following building complexity criteria: (a) (Attributes), (b) (Class 2), (c) (Occupant numbers) or (d) (Occupant characteristics) must be provided or applied in accordance with Specification S44C4. For Class 2, where Very high applies, The building meets all of the following building complexity criteria: (a) (Attributes), (b) (Class 2), (c) (Occupant numbers) and (d) (Occupant characteristics); or (e) (Building Importance Level 4 or 5) must be provided or applied in accordance with Specification S44C4.",1,1,"","","NCC 2022 Vol2","",0,"","","false","","NCC2022_Volume2_Tables_ClauseStyle.txt","2022"
"Vol2","H8","H","Table 3","table","Table 3","For the building, where ACT; and Canberra apply, 7 must be provided or applied in accordance with Specification S44C4. For the building, where NSW; and Albury apply, 4 must be provided or applied in accordance with Specification S44C4. For the building, where NSW; and Armidale apply, 7 must be provided or applied in accordance with Specification S44C4. For the building, where NSW; and Batemans Bay apply, 6 must be provided or applied in accordance with Specification S44C4. For the building, where NSW; and Bathurst apply, 7 must be provided or applied in accordance with Specification S44C4. For the building, where NSW; and Bega apply, 6 must be provided or applied in accordance with Specification S44C4. For the building, where NSW; and Bellingen Shire - Dorrigo Plateau apply, 7 must be provided or applied in accordance with Specification S44C4. For the building, where NSW; and Bellingen Shire - Valley & seaboard apply, 2 must be provided or applied in accordance with Specification S44C4. For the building, where NSW; and Bourke apply, 4 must be provided or applied in accordance with Specification S44C4. For the building, where NSW; and Broken Hill apply, 4 must be provided or applied in accordance with Specification S44C4. For the building, where NSW; and Byron Bay apply, 2 must be provided or applied in accordance with Specification S44C4. For the building, where NSW; and Cobar apply, 4 must be provided or applied in accordance with Specification S44C4. For the building, where NSW; and Coffs Harbour apply, 2 must be provided or applied in accordance with Specification S44C4. For the building, where NSW; and Dubbo apply, 4 must be provided or applied in accordance with Specification S44C4. For the building, where NSW; and Goulburn apply, 7 must be provided or applied in accordance with Specification S44C4. For the building, where NSW; and Grafton apply, 2 must be provided or applied in accordance with Specification S44C4. For the building, where NSW; and Griffith apply, 4 must be provided or applied in accordance with Specification S44C4. For the building, where NSW; and Ivanhoe apply, 4 must be provided or applied in accordance with Specification S44C4. For the building, where NSW; and Lismore apply, 2 must be provided or applied in accordance with Specification S44C4. For the building, where NSW; and Lord Howe Island apply, 2 must be provided or applied in accordance with Specification S44C4. For the building, where NSW; and Moree apply, 4 must be provided or applied in accordance with Specification S44C4. For the building, where NSW; and Newcastle apply, 5 must be provided or applied in accordance with Specification S44C4. For the building, where NSW; and Nowra apply, 6 must be provided or applied in accordance with Specification S44C4. For the building, where NSW; and Orange apply, 7 must be provided or applied in accordance with Specification S44C4. For the building, where NSW; and Perisher - Smiggins apply, 8 must be provided or applied in accordance with Specification S44C4. For the building, where NSW; and Port Macquarie apply, 5 must be provided or applied in accordance with Specification S44C4. For the building, where NSW; and Sydney East apply, 5 must be provided or applied in accordance with Specification S44C4. For the building, where NSW; and Sydney West apply, 6 must be provided or applied in accordance with Specification S44C4. For the building, where NSW; and Tamworth apply, 4 must be provided or applied in accordance with Specification S44C4. For the building, where NSW; and Thredbo apply, 8 must be provided or applied in accordance with Specification S44C4. For the building, where NSW; and Wagga Wagga apply, 4 must be provided or applied in accordance with Specification S44C4. For the building, where NSW; and Williamtown apply, 5 must be provided or applied in accordance with Specification S44C4.",1,1,"","","NCC 2022 Vol2","",0,"","","false","","NCC2022_Volume2_Tables_ClauseStyle.txt","2022"
"Vol2","H8","H","Table S44C4_11","table","Table S44C4_11","For the building, where NSW; and Wollongong apply, 5 must be provided or applied in accordance with Specification S44C4. For the building, where NSW; and Yass apply, 6 must be provided or applied in accordance with Specification S44C4. For the building, where NT; and Alice Springs apply, 3 must be provided or applied in accordance with Specification S44C4. For the building, where NT; and Darwin apply, 1 must be provided or applied in accordance with Specification S44C4. For the building, where NT; and Elliot apply, 3 must be provided or applied in accordance with Specification S44C4. For the building, where NT; and Katherine apply, 1 must be provided or applied in accordance with Specification S44C4. For the building, where NT; and Renner Springs apply, 3 must be provided or applied in accordance with Specification S44C4. For the building, where NT; and Tennant Creek apply, 3 must be provided or applied in accordance with Specification S44C4. For the building, where QLD; and Birdsville apply, 3 must be provided or applied in accordance with Specification S44C4. For the building, where QLD; and Brisbane apply, 2 must be provided or applied in accordance with Specification S44C4. For the building, where QLD; and Bundaberg apply, 2 must be provided or applied in accordance with Specification S44C4. For the building, where QLD; and Cairns apply, 1 must be provided or applied in accordance with Specification S44C4. For the building, where QLD; and Cooktown apply, 1 must be provided or applied in accordance with Specification S44C4. For the building, where QLD; and Cunnamulla apply, 3 must be provided or applied in accordance with Specification S44C4. For the building, where QLD; and Gladstone apply, 2 must be provided or applied in accordance with Specification S44C4. For the building, where QLD; and Hervey Bay apply, 2 must be provided or applied in accordance with Specification S44C4. For the building, where QLD; and Hughenden apply, 3 must be provided or applied in accordance with Specification S44C4. For the building, where QLD; and Longreach apply, 3 must be provided or applied in accordance with Specification S44C4. For the building, where QLD; and Mackay apply, 2 must be provided or applied in accordance with Specification S44C4. For the building, where QLD; and Mount Isa apply, 3 must be provided or applied in accordance with Specification S44C4. For the building, where QLD; and Normanton apply, 1 must be provided or applied in accordance with Specification S44C4. For the building, where QLD; and Rockhampton apply, 2 must be provided or applied in accordance with Specification S44C4. For the building, where QLD; and Roma apply, 3 must be provided or applied in accordance with Specification S44C4. For the building, where QLD; and Southport apply, 2 must be provided or applied in accordance with Specification S44C4. For the building, where QLD; and Toowoomba apply, 5 must be provided or applied in accordance with Specification S44C4. For the building, where QLD; and Townsville apply, 1 must be provided or applied in accordance with Specification S44C4. For the building, where QLD; and Warwick apply, 5 must be provided or applied in accordance with Specification S44C4. For the building, where QLD; and Weipa apply, 1 must be provided or applied in accordance with Specification S44C4. For the building, where SA; and Adelaide apply, 5 must be provided or applied in accordance with Specification S44C4. For the building, where SA; and Bordertown apply, 6 must be provided or applied in accordance with Specification S44C4. For the building, where SA; and Ceduna apply, 5 must be provided or applied in accordance with Specification S44C4. For the building, where SA; and Cook apply, 4 must be provided or applied in accordance with Specification S44C4. For the building, where SA; and Elliston apply, 5 must be provided or applied in accordance with Specification S44C4. For the building, where SA; and Kingscote apply, 6 must be provided or applied in accordance with Specification S44C4. For the building, where SA; and Leigh Creek apply, 5 must be provided or applied in accordance with Specification S44C4. For the building, where SA; and Lobethal apply, 6 must be provided or applied in accordance with Specification S44C4. For the building, where SA; and Loxton apply, 5 must be provided or applied in accordance with Specification S44C4. For the building, where SA; and Naracoorte apply, 6 must be provided or applied in accordance with Specification S44C4. For the building, where SA; and Marree apply, 4 must be provided or applied in accordance with Specification S44C4. For the building, where SA; and Mount Gambier apply, 6 must be provided or applied in accordance with Specification S44C4. For the building, where SA; and Murray Bridge apply, 6 must be provided or applied in accordance with Specification S44C4. For the building, where SA; and Oodnadatta apply, 4 must be provided or applied in accordance with Specification S44C4. For the building, where SA; and Port Augusta apply, 4 must be provided or applied in accordance with Specification S44C4. For the building, where SA; and Port Lincoln apply, 5 must be provided or applied in accordance with Specification S44C4.",1,1,"","","NCC 2022 Vol2","",0,"","","false","","NCC2022_Volume2_Tables_ClauseStyle.txt","2022"
"Vol2","H8","H","Table S44C4_12","table","Table S44C4_12","For the building, where SA; and Renmark apply, 5 must be provided or applied in accordance with Specification S44C4. For the building, where SA; and Tarcoola apply, 4 must be provided or applied in accordance with Specification S44C4. For the building, where SA; and Victor Harbour apply, 6 must be provided or applied in accordance with Specification S44C4. For the building, where SA; and Whyalla apply, 4 must be provided or applied in accordance with Specification S44C4. For the building, where TAS; and Burnie apply, 7 must be provided or applied in accordance with Specification S44C4. For the building, where TAS; and Bicheno apply, 7 must be provided or applied in accordance with Specification S44C4. For the building, where TAS; and Deloraine apply, 7 must be provided or applied in accordance with Specification S44C4. For the building, where TAS; and Devonport apply, 7 must be provided or applied in accordance with Specification S44C4. For the building, where TAS; and Flinders Island apply, 7 must be provided or applied in accordance with Specification S44C4. For the building, where TAS; and Hobart apply, 7 must be provided or applied in accordance with Specification S44C4. For the building, where TAS; and Huonville apply, 7 must be provided or applied in accordance with Specification S44C4. For the building, where TAS; and King Island apply, 7 must be provided or applied in accordance with Specification S44C4. For the building, where TAS; and Launceston apply, 7 must be provided or applied in accordance with Specification S44C4. For the building, where TAS; and New Norfolk apply, 7 must be provided or applied in accordance with Specification S44C4. For the building, where TAS; and Oatlands apply, 7 must be provided or applied in accordance with Specification S44C4. For the building, where TAS; and Orford apply, 7 must be provided or applied in accordance with Specification S44C4. For the building, where TAS; and Rossarden apply, 7 must be provided or applied in accordance with Specification S44C4. For the building, where TAS; and Smithton apply, 7 must be provided or applied in accordance with Specification S44C4. For the building, where TAS; and St Marys apply, 7 must be provided or applied in accordance with Specification S44C4. For the building, where TAS; and Zeehan apply, 7 must be provided or applied in accordance with Specification S44C4. For the building, where VIC; and Anglesea apply, 6 must be provided or applied in accordance with Specification S44C4. For the building, where VIC; and Ararat apply, 7 must be provided or applied in accordance with Specification S44C4. For the building, where VIC; and Bairnsdale apply, 6 must be provided or applied in accordance with Specification S44C4. For the building, where VIC; and Ballarat apply, 7 must be provided or applied in accordance with Specification S44C4. For the building, where VIC; and Benalla apply, 6 must be provided or applied in accordance with Specification S44C4. For the building, where VIC; and Bendigo apply, 6 must be provided or applied in accordance with Specification S44C4. For the building, where VIC; and Bright apply, 7 must be provided or applied in accordance with Specification S44C4. For the building, where VIC; and Colac apply, 6 must be provided or applied in accordance with Specification S44C4. For the building, where VIC; and Dandenong apply, 6 must be provided or applied in accordance with Specification S44C4. For the building, where VIC; and Echuca apply, 4 must be provided or applied in accordance with Specification S44C4. For the building, where VIC; and Geelong apply, 6 must be provided or applied in accordance with Specification S44C4. For the building, where VIC; and Hamilton apply, 7 must be provided or applied in accordance with Specification S44C4. For the building, where VIC; and Horsham apply, 6 must be provided or applied in accordance with Specification S44C4. For the building, where VIC; and Melbourne apply, 6 must be provided or applied in accordance with Specification S44C4. For the building, where VIC; and Mildura apply, 4 must be provided or applied in accordance with Specification S44C4. For the building, where VIC; and Portland apply, 6 must be provided or applied in accordance with Specification S44C4. For the building, where VIC; and Sale apply, 6 must be provided or applied in accordance with Specification S44C4. For the building, where VIC; and Shepparton apply, 4 must be provided or applied in accordance with Specification S44C4. For the building, where VIC; and Swan Hill apply, 4 must be provided or applied in accordance with Specification S44C4. For the building, where VIC; and Traralgon apply, 6 must be provided or applied in accordance with Specification S44C4. For the building, where VIC; and Wangaratta apply, 7 must be provided or applied in accordance with Specification S44C4. For the building, where VIC; and Warrnambool apply, 6 must be provided or applied in accordance with Specification S44C4. For the building, where VIC; and Wodonga apply, 6 must be provided or applied in accordance with Specification S44C4. For the building, where WA; and Albany apply, 6 must be provided or applied in accordance with Specification S44C4.",1,1,"","","NCC 2022 Vol2","",0,"","","false","","NCC2022_Volume2_Tables_ClauseStyle.txt","2022"
"Vol2","H8","H","Table S44C4_13","table","Table S44C4_13","For the building, where WA; and Balladonia apply, 4 must be provided or applied in accordance with Specification S44C4. For the building, where WA; and Broome apply, 1 must be provided or applied in accordance with Specification S44C4. For the building, where WA; and Bunbury apply, 5 must be provided or applied in accordance with Specification S44C4. For the building, where WA; and Carnarvon apply, 3 must be provided or applied in accordance with Specification S44C4. For the building, where WA; and Christmas Island apply, 1 must be provided or applied in accordance with Specification S44C4. For the building, where WA; and Cocos Island apply, 1 must be provided or applied in accordance with Specification S44C4. For the building, where WA; and Derby apply, 1 must be provided or applied in accordance with Specification S44C4. For the building, where WA; and Esperance apply, 5 must be provided or applied in accordance with Specification S44C4. For the building, where WA; and Exmouth apply, 1 must be provided or applied in accordance with Specification S44C4. For the building, where WA; and Geraldton apply, 5 must be provided or applied in accordance with Specification S44C4. For the building, where WA; and Halls Creek apply, 3 must be provided or applied in accordance with Specification S44C4. For the building, where WA; and Kalgoorlie-Boulder apply, 4 must be provided or applied in accordance with Specification S44C4. For the building, where WA; and Karratha apply, 1 must be provided or applied in accordance with Specification S44C4. For the building, where WA; and Meekatharra apply, 4 must be provided or applied in accordance with Specification S44C4. For the building, where WA; and Northam apply, 4 must be provided or applied in accordance with Specification S44C4. For the building, where WA; and Pemberton apply, 6 must be provided or applied in accordance with Specification S44C4. For the building, where WA; and Perth apply, 5 must be provided or applied in accordance with Specification S44C4. For the building, where WA; and Port Hedland apply, 1 must be provided or applied in accordance with Specification S44C4. For the building, where WA; and Wagin apply, 4 must be provided or applied in accordance with Specification S44C4. For the building, where WA; and Wyndham apply, 1 must be provided or applied in accordance with Specification S44C4.",1,1,"","","NCC 2022 Vol2","",0,"","","false","","NCC2022_Volume2_Tables_ClauseStyle.txt","2022"
"Vol2","H8","H","Table 4","table","Table 4","For the building, where N1, N2, N3 applies, C1 must be provided or applied in accordance with Specification S44C4. For the building, where N4, N5, N6 (these wind classes are covered in the ABCB Housing Provisions Part 2. 2). applies, C2, C3, C4 (these wind classes are covered in the ABCB Housing Provisions Part 2. 2) must be provided or applied in accordance with Specification S44C4.",1,1,"","","NCC 2022 Vol2","",0,"","","false","","NCC2022_Volume2_Tables_ClauseStyle.txt","2022"
"Vol2","H8","H","Table S44C4_17","table","Table S44C4_17","For the building, where AS 1397; and 2021; and Continuous hot-dip metallic coated steel sheet and strip - Coatings of zinc and zinc alloyed with aluminium and magnesium (See Note 10); and 7. 2. 2 apply, the relevant requirement must be met in accordance with Specification S44C4. For the building, where AS 1428 Part 1; and 2009; and Design for access and mobility - General requirements for access - New building work (incorporating amendments 1 and 2); and D3D11, D3D16, D3D22, D4D2, D4D3, D4D4, D4D7, D4D10, D4D11, D4D13, Spec 16, E3D10, F4D5, G4D5, Schedule 1; and Schedule 1; and Schedule 1 apply, Schedule 1, E1D2 must be provided or applied in accordance with Specification S44C4. For the building, where AS 1428 Part 1; and 2001; and Design for access and mobility - General requirements for access - New building work; and I2D7, I2D8, I2D10, I2D15 apply, E1D2 must be provided or applied in accordance with Specification S44C4. For the building, where AS 1428 Part 1 (Supplement 1); and 1993; and Design for access and mobility - General requirements for access - Buildings - Commentary; and I2D2 apply, the relevant requirement must be met in accordance with Specification S44C4. For the building, where AS 1428 Part 2; and 1992; and Design for access and mobility - Enhanced and additional requirements - Buildings and facilities; and I2D2, I2D3, I2D4, I2D5, I2D7, I2D10, I2D11, I2D12, I2D13, I2D14 apply, E1D2 must be provided or applied in accordance with Specification S44C4. For the building, where AS 1428 Part 4; and 1992; and Design for access and mobility - Tactile ground surface indicators for the orientation of people with vision impairment; and I2D11 apply, the relevant requirement must be met in accordance with Specification S44C4. For the building, where AS/NZS 1428 Part 4. 1; and 2009; and Design for access and mobility - Means to assist the orientation of people with vision impairment - Tactile ground surface indicators (incorporating amendments 1 and 2); and D4D9 apply, the relevant requirement must be met in accordance with Specification S44C4. For the building, where AS 1530 Part 1; and 1994; and Methods for fire tests on building materials, components and structures - Combustibility test for materials; and Schedule 1; and Schedule 1; and Schedule 1 apply, Schedule 1 must be provided or applied in accordance with Specification S44C4. For the building, where AS 1530 Part 2; and 1993; and Methods for fire tests on building materials, components and structures - Test for flammability of materials (incorporating amendment 1); and Schedule 1; and Schedule 1; and Schedule 1 apply, Schedule 1 must be provided or applied in accordance with Specification S44C4.",1,1,"","","NCC 2022 Vol2","",0,"","","false","","NCC2022_Volume2_Tables_ClauseStyle.txt","2022"
"Vol2","H8","H","Table S44C4_18","table","Table S44C4_18","For the building, where AS/NZS 1530 Part 3; and 1999; and Methods for fire tests on building materials, components and structures - Simultaneous determination of ignitability, flame propagation, heat release and smoke release; and Schedule 1, Spec 3; and Schedule 1, Spec 3; and Schedule 1 apply, Schedule 1, Spec 3 must be provided or applied in accordance with Specification S44C4. For the building, where AS 1530 Part 4; and 2014; and Methods for fire tests on building materials, components and structures - Fire resistance tests for elements of construction; and C4D15, C4D16, Spec 9, Spec 10, Spec 13, Spec 14, Schedule 1, Spec 3; and 9. 3. 2, Schedule 1, Spec 3; and Schedule 1 apply, Schedule 1, Spec 3 must be provided or applied in accordance with Specification S44C4. For the building, where AS 1530 Part 8. 1; and 2018; and Methods for fire tests on building materials, components and structures - Tests on elements of construction for buildings exposed to simulated bushfire attack - Radiant heat and small flaming sources; and Spec 43 apply, the relevant requirement must be met in accordance with Specification S44C4. For the building, where AS/NZS 1546 Part 1; and 2008; and On-site domestic wastewater treatment units - Septic tanks apply, C3D2 must be provided or applied in accordance with Specification S44C4. For the building, where AS/NZS 1546 Part 2; and 2008; and On-site domestic wastewater treatment units - Waterless composting toilets apply, C3D3 must be provided or applied in accordance with Specification S44C4. For the building, where AS 1546 Part 3; and 2017; and On-site domestic wastewater treatment units - Secondary treatment systems (incorporating amendment 1) apply, C3D4 must be provided or applied in accordance with Specification S44C4. For the building, where AS 1546 Part 4; and 2016; and On-site domestic wastewater treatment units - Domestic greywater treatment systems apply, C3D5 must be provided or applied in accordance with Specification S44C4. For the building, where AS/NZS 1547; and 2012; and On-site domestic wastewater management apply, C3D6 must be provided or applied in accordance with Specification S44C4. For the building, where AS 1562 Part 1; and 2018; and Design and installation of sheet roof and wall cladding - Metal (See Note 2); and B1D4, F3D2, F3D5; and H1D7 apply, the relevant requirement must be met in accordance with Specification S44C4. For the building, where AS1562 Part 3; and 2006; and Design and installation of sheet roof and wall cladding - Plastic; and B1D4, F3D2; and H1D7 apply, the relevant requirement must be met in accordance with Specification S44C4. For the building element, where AS 1657; and 2018; and Fixed platforms, walkways, stairways and ladders - Design, construction and installation; and D2D21, D2D22, D3D23, I1D6, I3D5 apply, the relevant requirement must be met in accordance with Specification S44C4. For the building, where AS/NZS 1664 Part 1; and 1997; and Aluminium structures - Limit state design (incorporating amendment 1); and B1D4; and 2. 2. 4 apply, the relevant requirement must be met in accordance with Specification S44C4. For the building, where AS/NZS 1664 Part 2; and 1997; and Aluminium structures - Allowable stress design (incorporating amendment 1); and B1D4; and 2. 2. 4 apply, the relevant requirement must be met in accordance with Specification S44C4.",1,1,"","","NCC 2022 Vol2","",0,"","","false","","NCC2022_Volume2_Tables_ClauseStyle.txt","2022"
"Vol2","H8","H","Table S44C4_19","table","Table S44C4_19","For the building, where AS 1668 Part 1; and 2015; and The use of ventilation and air conditioning in buildings - Fire and smoke control in buildings (incorporating amendment 1); and C3D13, C4D15, Spec 11, D2D12, Spec 19, E2D3, E2D4, E2D6, E2D7, E2D8, E2D9, E2D11, E2D12, E2D13, E2D16, E2D17, E2D19, F6D12, Spec 21, Spec 31 apply, the relevant requirement must be met in accordance with Specification S44C4. For the building, where AS 1668 Part 2; and 2012; and The use of ventilation and air conditioning in buildings - Mechanical ventilation in buildings (incorporating amendments 1 and 2); and E2D12, F6V1, F6D6, F6D11, F6D12, F8D4, J6D4; and H4V3, H4D7; and 10. 8. 2 apply, the relevant requirement must be met in accordance with Specification S44C4. For the building, where AS 1668 Part 4; and 2012; and The use of ventilation and air conditioning in buildings - Natural ventilation of buildings; and F6D11 apply, the relevant requirement must be met in accordance with Specification S44C4. For the building, where AS 1670 Part 1; and 2018; and Fire detection, warning, control and intercom systems - System design, installation and commissioning - Fire (incorporating amendment 1) (See Note 3); and C4D6, C4D7, C4D8, C4D9, C4D12, D3D26, E2D3, E2D10, G4D7, Spec 12, Spec 20, Spec 23, Spec 31; and 9. 5. 1 apply, the relevant requirement must be met in accordance with Specification S44C4. For the building, where AS 1670 Part 3; and 2018; and Fire detection, warning, control and intercom systems - System design, installation and commissioning - Fire alarm monitoring (incorporating amendment 1) (See Note 3); and Spec 20, Spec 23 apply, the relevant requirement must be met in accordance with Specification S44C4. For the building, where AS 1670 Part 4; and 2018; and Fire detection, warning, control and intercom systems - System design, installation and commissioning - Emergency warning and intercom systems (incorporating amendment 1) (See Note 3); and E3V2, E4D9, Spec 31 apply, the relevant requirement must be met in accordance with Specification S44C4. For the building, where AS/NZS 1680 Part 0; and 2009; and Interior lighting - Safe movement; and F6D5; and 10. 5. 2 apply, the relevant requirement must be met in accordance with Specification S44C4. For the building, where AS 1684 Part 2; and 2021; and Residential timber-framed construction - Non-cyclonic areas; and B1D4, B1D5, F1D8; and H1D6; and 2. 2. 5, 4. 2. 13, 5. 6. 6, 6. 2. 1, 6. 3. 6, 7. 5. 2, 7. 5. 3, 7. 5. 4, 10. 2. 19, 10. 2. 20 apply, the relevant requirement must be met in accordance with Specification S44C4.",1,1,"","","NCC 2022 Vol2","",0,"","","false","","NCC2022_Volume2_Tables_ClauseStyle.txt","2022"
"Vol2","H8","H","Table S44C4_20","table","Table S44C4_20","For the building, where AS 1684 Part 3; and 2021; and Residential timber-framed construction - Cyclonic areas; and B1D4, B1D5, F1D8; and H1D6; and 2. 2. 5, 4. 2. 13, 5. 6. 6, 6. 2. 1, 6. 3. 6, 7. 5. 2, 7. 5. 3, 7. 5. 4, 10. 2. 19, 10. 2. 20 apply, the relevant requirement must be met in accordance with Specification S44C4. For the building, where AS 1684 Part 4; and 2010; and Residential timber-framed construction - Simplified - Non-cyclonic areas (incorporating amendment 1); and B1D4, B1D5, F1D8; and H1D6; and 2. 2. 5, 4. 2. 13, 5. 6. 6, 6. 2. 1, 7. 5. 2, 7. 5. 3, 7. 5. 4, 10. 2. 19, 10. 2. 20 apply, the relevant requirement must be met in accordance with Specification S44C4. For the building, where AS 1720 Part 1; and 2010; and Timber structures - Design methods (incorporating amendments 1, 2 and 3); and B1V1, B1D4; and H1V1, H1D6; and 4. 2. 13, 5. 3. 3 apply, the relevant requirement must be met in accordance with Specification S44C4. For the building, where AS/NZS 1720 Part 4; and 2019; and Timber structures - Fire resistance of timber elements; and Spec 1; and Spec 1 apply, Spec 1 must be provided or applied in accordance with Specification S44C4. For the building, where AS 1720 Part 5; and 2015; and Timber structures - Nailplated timber roof trusses (incorporating amendment 1); and B1D4; and H1D6 apply, the relevant requirement must be met in accordance with Specification S44C4. For the building, where AS 1735 Part 11; and 1986; and Lifts, escalators and moving walks - Fire rated landing doors; and C4D11 apply, the relevant requirement must be met in accordance with Specification S44C4. For the building, where AS 1735 Part 12; and 1999; and Lifts, escalators and moving walks - Facilities for persons with disabilities (incorporating amendment 1); and E3D8, I2D6 apply, the relevant requirement must be met in accordance with Specification S44C4. For the building, where AS/NZS 1859 Part 4; and 2018; and Reconstituted wood based panels - Specifications - Wet process fibreboard; and 7. 5. 3, 7. 5. 4 apply, the relevant requirement must be met in accordance with Specification S44C4. For the building, where AS 1860 Part 2; and 2006; and Particleboard flooring - Installation (incorporating amendment 1); and B1D4; and H1D6 apply, the relevant requirement must be met in accordance with Specification S44C4. For the building, where AS 1905 Part 1; and 2015; and Components for the protection of openings in fire-resistant walls - Fire-resistant doorsets (incorporating amendment 1); and C4D7, Spec 12 apply, the relevant requirement must be met in accordance with Specification S44C4. For the building, where AS 1905 Part 2; and 2005; and Components for the protection of openings in fire-resistant walls - Fire-resistant roller shutters; and Spec 12 apply, the relevant requirement must be met in accordance with Specification S44C4. For the building, where AS 1926 Part 1; and 2012; and Swimming pool safety - Safety barriers for swimming pools; and G1D2, G1D4; and H7D2 apply, the relevant requirement must be met in accordance with Specification S44C4. For the building, where AS 1926 Part 2; and 2007; and Swimming pool safety - Location of safety barriers for swimming pools (incorporating amendments 1 and 2); and G1D2; and H7D2 apply, the relevant requirement must be met in accordance with Specification S44C4. For the building, where AS 1926 Part 3; and 2010; and Swimming pool safety - Water recirculation systems (incorporating amendment 1); and G1D2; and H7D2 apply, the relevant requirement must be met in accordance with Specification S44C4.",1,1,"","","NCC 2022 Vol2","",0,"","","false","","NCC2022_Volume2_Tables_ClauseStyle.txt","2022"
"Vol2","H8","H","Table S44C4_21","table","Table S44C4_21","For the building, where AS 2047; and 2014; and Windows and external glazed doors in buildings (incorporating amendments 1 and 2) (See Note 4); and B1D4, F3V1, F3D4, J5D5; and H1D8, H2V1; and 13. 4. 4 apply, the relevant requirement must be met in accordance with Specification S44C4. For the building, where AS 2049; and 2002; and Roof tiles (incorporating amendment 1); and F3D2; and H1D7 apply, the relevant requirement must be met in accordance with Specification S44C4. For the building, where AS 2050; and 2018; and Installation of roof tiles; and B1D4, F3D2; and H1D7; and 7. 3. 2 apply, the relevant requirement must be met in accordance with Specification S44C4. For the building, where AS 2118 Part 1; and 2017; and Automatic fire sprinkler systems - General systems (incorporating amendments 1 and 2); and C1V3, Spec 17, Spec 18 apply, the relevant requirement must be met in accordance with Specification S44C4. For the building, where AS 2118 Part 4; and 2012; and Automatic fire sprinkler systems - Sprinkler protection for accommodation buildings not > four storeys in height; and Spec 17, Spec 18 apply, B4D3 must be provided or applied in accordance with Specification S44C4. For the building, where AS 2118 Part 5; and 2008 (R 2020); and Automatic fire sprinkler systems - Home fire sprinkler systems apply, B4D3 must be provided or applied in accordance with Specification S44C4. For the building, where AS 2118 Part 6; and 2012; and Automatic fire sprinkler systems - Combined sprinkler and hydrant systems in multistorey buildings; and Spec 17 apply, B4D3 must be provided or applied in accordance with Specification S44C4. For the building, where AS 2159; and 2009; and Piling - Design and installation (incorporating amendment 1); and B1D4; and H1D12 apply, the relevant requirement must be met in accordance with Specification S44C4. For the building, where AS/NZS 2179 Part 1; and 2014; and Specifications for rainwater goods, accessories and fasteners - Metal shape or sheet rainwater goods, and metal accessories and fasteners; and 7. 4. 2 apply, the relevant requirement must be met in accordance with Specification S44C4. For the building, where AS/NZS 2269 Part 0; and 2012; and Plywood - Structural - Specifications (incorporating amendment 1); and 7. 5. 4 apply, the relevant requirement must be met in accordance with Specification S44C4. For the building, where AS/NZS 2293 Part 1; and 2018; and Emergency lighting and exit signs for buildings - System design, installation and operation (incorporating amendment 1); and E4D4, E4D8, Spec 25, I3D15 apply, the relevant requirement must be met in accordance with Specification S44C4. For the building, where AS 2312 Part 1; and 2014; and Guide to the protection of structural steel against atmospheric corrosion by the use of protective coatings - Paint coatings; and 6. 3. 9 apply, the relevant requirement must be met in accordance with Specification S44C4. For the building, where AS/NZS 2312 Part 2; and 2014; and Guide to the protection of structural steel against atmospheric corrosion by the use of protective coatings - Hot dip galvanizing; and 6. 3. 9 apply, the relevant requirement must be met in accordance with Specification S44C4. For the building, where AS/NZS 2327; and 2017; and Composite structures - Composite steel- concrete construction in buildings (incorporating amendment 1); and B1D4, Spec 1; and Spec 1; and 2. 2. 4 apply, Spec 1 must be provided or applied in accordance with Specification S44C4.",1,1,"","","NCC 2022 Vol2","",0,"","","false","","NCC2022_Volume2_Tables_ClauseStyle.txt","2022"
"Vol2","H8","H","Table S44C4_22","table","Table S44C4_22","For the building, where AS 2419 Part 1; and 2021; and Fire hydrant installations - System design, installation and commissioning; and C3D13, E1D2, Spec 18, I3D9 apply, B4D4 must be provided or applied in accordance with Specification S44C4. For the building, where AS 2441; and 2005; and Installation of fire hose reels (incorporating amendment 1); and E1D3 apply, B4D5 must be provided or applied in accordance with Specification S44C4. For the building, where AS 2444; and 2001; and Portable fire extinguishers and fire blankets - Selection and location; and E1D14, I3D11 apply, the relevant requirement must be met in accordance with Specification S44C4. For the building, where AS 2665; and 2001; and Smoke/heat venting systems - Design, installation and commissioning; and Spec 22, Spec 31 apply, the relevant requirement must be met in accordance with Specification S44C4. For the building, where AS 2699 Part 1; and 2020; and Built-in components for masonry construction - Wall ties (See Note 9); and C2D10; and 5. 6. 5 apply, the relevant requirement must be met in accordance with Specification S44C4. For the building, where AS 2699 Part 3; and 2020; and Built-in components for masonry construction - Lintels and shelf angles (durability requirements) (See Note 9); and C2D10; and 5. 6. 7 apply, the relevant requirement must be met in accordance with Specification S44C4. For the building, where AS 2870; and 2011; and Residential slabs and footings; and F1D7; and H1D4, H1D5; and 3. 4. 2, 4. 2. 2, 4. 2. 6, 4. 2. 8, 4. 2. 11, 4. 2. 14, 4. 2. 15, 10. 2. 9 apply, the relevant requirement must be met in accordance with Specification S44C4. For the building, where AS/NZS 2890 Part 6; and 2009; and Parking facilities - Offstreet parking for people with disabilities; and D4D6 apply, the relevant requirement must be met in accordance with Specification S44C4. For the building, where AS/NZS 2904; and 1995; and Damp-proof courses and flashings (incorporating amendments 1 and 2); and F1D6; and 5. 7. 3, 7. 5. 6, 12. 3. 3 apply, the relevant requirement must be met in accordance with Specification S44C4. For the building, where AS/NZS 2908 Part 1; and 2000; and Cellulose-cement products - Corrugated sheets; and B1D4 apply, the relevant requirement must be met in accordance with Specification S44C4. For the building, where AS/NZS 2908 Part 2; and 2000; and Cellulose-cement products - Flat sheets; and Schedule 1; and Schedule 1; and 7. 5. 3, 7. 5. 4, 7. 5. 5, 10. 2. 9, 10. 2. 10, Schedule 1 apply, Schedule 1 must be provided or applied in accordance with Specification S44C4. For the building, where AS/NZS 2918; and 2018; and Domestic solid fuel burning appliances - Installation (See Note 8); and G2D2; and H7D5; and 12. 4. 4, 12. 4. 5 apply, the relevant requirement must be met in accordance with Specification S44C4. For Electrical installations - Classification of the fire and mechanical performance of wiring system elements, where AS/NZS 3013; and 2005; and Electrical installations - Classification of the fire and mechanical performance of wiring system elements; and C3D14 apply, the relevant requirement must be met in accordance with Specification S44C4. For the building, where AS/NZS 3500 Part 0; and 2021; and Plumbing and drainage - Glossary of terms; and A1G4; and A1G4 apply, A1G4 must be provided or applied in accordance with Specification S44C4. For the building, where AS/NZS 3500 Part 1; and 2018; and Plumbing and drainage - Water services apply, B5D6 must be provided or applied in accordance with Specification S44C4.",1,1,"","","NCC 2022 Vol2","",0,"","","false","","NCC2022_Volume2_Tables_ClauseStyle.txt","2022"
"Vol2","H8","H","Table S44C4_23","table","Table S44C4_23","For the building, where AS/NZS 3500 Part 1; and 2021; and Plumbing and drainage - Water services apply, B1D3, B1D5, B1D6, B3D3, B5V1, B5D2, B5D3, B5D4, Spec 41, B6D2, B6D3, B6D5, B7D3, must be provided or applied in accordance with Specification S44C4. For the building, where AS/NZS 3500 Part 2; and 2021; and Plumbing and drainage - Sanitary plumbing and drainage (incorporating amendment 1) apply, C1D3, C1V1, C1V2, C1V3, C1V4, C1V5, C2V2, C2D3, C2D4, C3D7 must be provided or applied in accordance with Specification S44C4. For the building, where AS/NZS 3500 Part 3; and 2021; and Plumbing and drainage - Stormwater drainage (See Note 11); and F1D3; and H2D2, H2D6; and 7. 4. 3 apply, the relevant requirement must be met in accordance with Specification S44C4. For the building, where AS/NZS 3500 Part 4; and 2021; and Plumbing and drainage - Heated water services (incorporating amendment 1) apply, B2D2, B2D6, B2D7, B2D8, B2D9, B2D11 must be provided or applied in accordance with Specification S44C4. For the building, where AS 3600; and 2018; and Concrete structures (incorporating amendments 1 and 2); and B1V1, B1D4, Spec 1; and H1V1, H1D4, Spec 1; and 3. 4. 2, 4. 2. 6, 4. 2. 10, 4. 2. 13, 5. 3. 3, 10. 2. 9 apply, Spec 1 must be provided or applied in accordance with Specification S44C4. For the building, where AS 3660 Part 1; and 2014; and Termite management - New building work (incorporating amendment 1); and B1D4, F1D6; and 3. 4. 1, 3. 4. 2 apply, the relevant requirement must be met in accordance with Specification S44C4. For the building, where AS 3660 Part 3; and 2014; and Termite management - Assessment criteria for termite management systems; and 3. 4. 2 apply, the relevant requirement must be met in accordance with Specification S44C4. For the building, where AS/NZS 3666 Part 1; and 2011; and Air-handling and water systems of buildings - Microbial control - Design, installation and commissioning; and F4D10, F6D6 apply, the relevant requirement must be met in accordance with Specification S44C4. For the building, where AS 3700; and 2018; and Masonry structures; and B1D4, F3D5, Spec 1, Spec 2; and H1D5, H2D4, Spec 1, Spec 2; and 5. 3. 3, 5. 4. 2, 5. 6. 3, 6. 3. 6, 10. 2. 9, 10. 2. 19, 10. 2. 20, 12. 4. 3 apply, Spec 1, Spec 2 must be provided or applied in accordance with Specification S44C4. For the building, where AS 3740; and 2021; and Waterproofing of domestic wet areas; and F2D2; and H4D2, H4D3; and 10. 2. 20 apply, the relevant requirement must be met in accordance with Specification S44C4. For the building, where AS 3786; and 2014; and Smoke alarms using scattered light, transmitted light or ionization (incorporating amendment 1 and 2) (See Note 5); and Spec 20; and 9. 5. 1 apply, the relevant requirement must be met in accordance with Specification S44C4. For the building, where AS/NZS 3823 Part 1. 2; and 2012; and Performance of electrical appliances - Air conditioners and heat pumps - Ducted air conditioners and air-to-air heat pumps - Testing and rating for performance; and Spec 33, J6D12 apply, the relevant requirement must be met in accordance with Specification S44C4.",1,1,"","","NCC 2022 Vol2","",0,"","","false","","NCC2022_Volume2_Tables_ClauseStyle.txt","2022"
"Vol2","H8","H","Table S44C4_24","table","Table S44C4_24","For the building, where AS 3959; and 2018; and Construction of buildings in bushfire-prone areas (incorporating amendments 1 and 2); and C2D14, F8D5, G5D2, G5D3, Spec 43; and H7D4; and 10. 8. 3 apply, B1D4, B2D10, B3D4, C1D4, C2D5 must be provided or applied in accordance with Specification S44C4. For the building, where AS/NZS 4020; and 2018; and Testing of products for use in contact with drinking water (See Note 6); and A5G4; and A5G4 apply, A5G4 must be provided or applied in accordance with Specification S44C4. For the building, where AS 4055; and 2021; and Wind loads for housing; and Schedule 1; and H1D6, H1D8, Schedule 1; and 2. 2. 3, Schedule 1 apply, Schedule 1 must be provided or applied in accordance with Specification S44C4. For the building, where AS 4072 Part 1; and 2005; and Components for the protection of openings in fire-resistant separating elements - Service penetrations and control joints (incorporating amendment 1); and C4D15, C4D16; and 9. 3. 2 apply, the relevant requirement must be met in accordance with Specification S44C4. For the building, where AS 4100; and 2020; and Steel structures; and B1D4, Spec 1; and H1D6, Spec 1; and 4. 2. 13, 5. 6. 7 apply, Spec 1 must be provided or applied in accordance with Specification S44C4. For the building, where AS 4200 Part 1; and 2017; and Pliable building membranes and underlays - Materials (incorporating amendment 1); and F3D3, F8D3, Spec 36, Schedule 1; and Schedule 1; and 7. 3. 4, 7. 5. 2, 7. 5. 8, 10. 8. 1, Schedule 1 apply, Schedule 1 must be provided or applied in accordance with Specification S44C4. For the building, where AS 4200 Part 2; and 2017; and Pliable building membranes and underlays - Installation requirements (incorporating amendments 1 and 2); and F3D3, F8D3; and 10. 8. 1 apply, the relevant requirement must be met in accordance with Specification S44C4. For the building, where AS/NZS 4234; and 2021; and Heated water systems - Calculation of energy consumption; and Spec 45 apply, B2D2 must be provided or applied in accordance with Specification S44C4. For the building, where AS 4254 Part 1; and 2021; and Ductwork for air-handling systems in buildings - Flexible duct; and Spec 7, J6D7; and H3D2; and 13. 7. 4 apply, the relevant requirement must be met in accordance with Specification S44C4. For the building, where AS 4254 Part 2; and 2012; and Ductwork for air-handling systems in buildings - Rigid duct; and Spec 7, J6D5, J6D7; and 13. 7. 4 apply, the relevant requirement must be met in accordance with Specification S44C4. For the building, where AS/NZS 4284; and 2008; and Testing of building facades; and F3V1; and H2V1 apply, the relevant requirement must be met in accordance with Specification S44C4. For the building, where AS/NZS 4505; and 2012; and Garage doors and other large access doors (incorporating amendment 1); and B1D4; and 2. 2. 4 apply, the relevant requirement must be met in accordance with Specification S44C4. For the building, where AS 4552; and 2005; and Gas fired water heaters for hot water supply and/or central heating apply, B2D2 must be provided or applied in accordance with Specification S44C4. For the building, where AS 4586; and 2013; and Slip resistance classification of new pedestrian surface materials (incorporating amendment 1) (See Note 7); and D3D11, D3D14, D3D15. Spec 27; and 11. 2. 4 apply, the relevant requirement must be met in accordance with Specification S44C4. For the building, where AS 4597; and 1999; and Installation of roof slates and shingles (Non- interlocking type); and B1D4, F3D2; and H1D7 apply, the relevant requirement must be met in accordance with Specification S44C4. For the building, where AS/NZS 4600; and 2018; and Cold-formed steel structures; and B1D4, Spec 1; and H1D6, Spec 1; and 5. 3. 3, 6. 3. 6 apply, Spec 1 must be provided or applied in accordance with Specification S44C4.",1,1,"","","NCC 2022 Vol2","",0,"","","false","","NCC2022_Volume2_Tables_ClauseStyle.txt","2022"
"Vol2","H8","H","Table S44C4_25","table","Table S44C4_25","For the building, where AS 4654 Part 1; and 2012; and Waterproofing membranes for external above-ground use - Materials; and F1D5; and H2D8 apply, the relevant requirement must be met in accordance with Specification S44C4. For the building, where AS 4654 Part 2; and 2012; and Waterproofing membranes for external above-ground use - Design and installation; and C2D14, F1D4, F1D5; and H2D8 apply, the relevant requirement must be met in accordance with Specification S44C4. For the building, where AS 4678; and 2002; and Earth-retaining structures; and H1D3 apply, the relevant requirement must be met in accordance with Specification S44C4. For the building, where AS 4773 Part 1; and 2015; and Masonry in small buildings - Design (incorporating amendment 1); and H1D5, H2D4; and 5. 6. 3, 12. 4. 3 apply, the relevant requirement must be met in accordance with Specification S44C4. For the building, where AS 4773 Part 2; and 2015; and Masonry in small buildings - Construction (incorporating amendment 1); and H1D5, H2D4; and 5. 6. 3, 12. 4. 3 apply, the relevant requirement must be met in accordance with Specification S44C4. For the building, where AS/NZS 4859 Part 1; and 2018; and Thermal insulation materials for buildings - General criteria and technical provisions; and J4D3, J6D6, J6D9; and 13. 2. 2, 13. 7. 2, 13. 7. 4 apply, the relevant requirement must be met in accordance with Specification S44C4. For the building, where AS/NZS 4859 Part 2; and 2018; and Thermal insulation materials for buildings - Design; and J3D8, J4D3, Spec 36, Spec 37; and 13. 2. 5, 13. 2. 6 apply, the relevant requirement must be met in accordance with Specification S44C4. For the building, where AS/NZS 4858; and 2004; and Wet area membranes; and 10. 2. 8 apply, the relevant requirement must be met in accordance with Specification S44C4. For Classification of external walls of buildings based on reaction-to-fire performance (incorporating amendment 1), where AS 5113; and 2016; and Classification of external walls of buildings based on reaction-to-fire performance (incorporating amendment 1); and C1V3 apply, the relevant requirement must be met in accordance with Specification S44C4. For the building, where AS 5146 Part 1; and 2015; and Reinforced autoclaved aerated concrete - Structures (incorporating amendment 1); and B1D4; and H1D7 apply, the relevant requirement must be met in accordance with Specification S44C4. For the building, where AS 5146 Part 3; and 2018; and Reinforced autoclaved aerated concrete - Construction; and B1D4, F3D5 apply, the relevant requirement must be met in accordance with Specification S44C4. For the building, where AS 5216; and 2021; and Design of post-installed and cast-in fastenings in concrete; and B1D4; and 2. 2. 4 apply, the relevant requirement must be met in accordance with Specification S44C4. For the building, where AS/NZS 5601 Part 1; and 2013; and Gas installations - General installations; and J1V4; and H6V3 apply, the relevant requirement must be met in accordance with Specification S44C4. For the building, where AS 5637 Part 1; and 2015; and Determination of fire hazard properties - Wall and ceiling linings; and Spec 7, Schedule 1; and Schedule 1; and Schedule 1 apply, Schedule 1 must be provided or applied in accordance with Specification S44C4. For the building, where AS ISO 9239 Part 1; and 2003; and Reaction to fire tests for floorings - Determination of the burning behaviour using a radiant heat source; and Schedule 1; and Schedule 1; and Schedule 1 apply, Schedule 1 must be provided or applied in accordance with Specification S44C4. For the building, where AS/NZS ISO 9972; and 2015; and Thermal performance of buildings - Determination of air permeability of buildings - Fan pressurization method; and J1V4; and H6V3 apply, the relevant requirement must be met in accordance with Specification S44C4. For the building, where AIRAH-DA07; and 2021; and Criteria for moisture control design analysis in buildings; and F8V1; and H4V5 apply, the relevant requirement must be met in accordance with Specification S44C4.",1,1,"","","NCC 2022 Vol2","",0,"","","false","","NCC2022_Volume2_Tables_ClauseStyle.txt","2022"
"Vol2","H8","H","Table S44C4_26","table","Table S44C4_26","For the building, where AIRAH-DA09; and 1998; and Air conditioning load estimation; and Spec 35 apply, the relevant requirement must be met in accordance with Specification S44C4. For the building, where AIRAH-DA28; and 2011; and Building management and control systems; and Spec 34 apply, the relevant requirement must be met in accordance with Specification S44C4. For the building, where ANSI/ASHRAE Standard 55; and 2013; and Thermal environmental conditions for human occupancy; and Schedule 1; and Schedule 1; and Schedule 1 apply, Schedule 1 must be provided or applied in accordance with Specification S44C4. For the building, where ANSI/ASHRAE Standard 140; and 2007; and Standard method of test for the evaluation of building energy analysis computer programs; and J1V1, J1V2, J1V3, J1V5; and H6V2 apply, the relevant requirement must be met in accordance with Specification S44C4. For the building, where ASTM E2073-10; and 2010; and Standard Test Method for Photopic Luminance of Photoluminescent (Phosphorescent) Markings; and Spec 25 apply, the relevant requirement must be met in accordance with Specification S44C4. For the building, where ASTM E72-15; and 2015; and Standard Test Methods of Conducting Strength Tests of Panels for Building Construction; and Spec 6 apply, the relevant requirement must be met in accordance with Specification S44C4. For the building, where ASTM E695-03; and 2003; and Standard Test Method of Measuring Relative Resistance of Wall, Floor and Roof Construction to Impact Loading; and Spec 6 apply, the relevant requirement must be met in accordance with Specification S44C4. For the building, where ASTM E96; and 2016; and Standard Test Methods for Water Vapor Transmission of Materials; and Schedule 1; and Schedule 1; and Schedule 1 apply, Schedule 1 must be provided or applied in accordance with Specification S44C4. For the building, where AHRI 460; and 2005; and Performance rating of remote mechanical- draft air-cooled refrigerant condensers; and J6D13 apply, the relevant requirement must be met in accordance with Specification S44C4. For the building, where AHRI 551/591; and 2015; and Performance rating of water-chilling and heat pump water-heating packages using the vapor compression cycle.; and Spec 33, J6D11 apply, the relevant requirement must be met in accordance with Specification S44C4. For the building, where ABCB; and 2022; and Fire Safety Verification Method; and C1V4 apply, the relevant requirement must be met in accordance with Specification S44C4. For the building, where ABCB; and 2022; and Housing Provisions Standard; and Throughout; and Throughout apply, the relevant requirement must be met in accordance with Specification S44C4. For the building, where ABCB; and 2022; and Livable Housing Design; and G7D2; and H4D3, H8D2; and 3. 3. 3, 11. 2. 3 apply, the relevant requirement must be met in accordance with Specification S44C4. For the building, where ABCB; and 2011; and Protocol for Structural Software, Version 2011. 2; and B1D5; and H1D6; and 2. 2. 5 apply, the relevant requirement must be met in accordance with Specification S44C4. For the building, where ABCB; and 2012; and Standard for Construction of Buildings in Flood Hazard Areas, Version 2012. 3; and B1D6; and H1D10 apply, the relevant requirement must be met in accordance with Specification S44C4. For the building, where ABCB; and 2022; and Standard for NatHERS Heating and Cooling Load Limits, Version 2022. 1; and J3D3; and Spec 42 apply, the relevant requirement must be met in accordance with Specification S44C4. For the building, where ABCB; and 2022; and Standard for Whole-of-Home Efficiency Factors; and J3D14; and 13. 6. 2 apply, the relevant requirement must be met in accordance with Specification S44C4. For the building, where CIBSE Guide A; and 2015; and Environmental design; and Spec 34, Spec 35, J4D3, J4D7 apply, the relevant requirement must be met in accordance with Specification S44C4.",1,1,"","","NCC 2022 Vol2","",0,"","","false","","NCC2022_Volume2_Tables_ClauseStyle.txt","2022"
"Vol2","H8","H","Table S44C4_27","table","Table S44C4_27","For the building, where 2002; and Disability Standards for Accessible Public Transport; and F4D12, I2D1 apply, the relevant requirement must be met in accordance with Specification S44C4. For the building, where 2010; and Education and Care Services National Law Act (Vic); and Schedule 1; and Schedule 1; and Schedule 1 apply, Schedule 1 must be provided or applied in accordance with Specification S44C4. For the building, where European Union Commission Regulation 547/2012; and 2012; and Eco-design requirements for water pumps; and J6D8 apply, the relevant requirement must be met in accordance with Specification S44C4. For the building, where European Union Commission Regulation 622/Annexx II, point 2; and 2012; and Eco-design requirements for glandless standalone circulators and glandless circulators integrated in products; and J6D8 apply, the relevant requirement must be met in accordance with Specification S44C4. For the building, where FPAA101D; and 2021; and Automatic Fire Sprinkler System Design and Installation - Drinking Water Supply; and C1V3, C2D6, C2D13, C3D2, C3D7, C3D8, C4D6, C4D7, C4D8, C4D9, C4D12, Spec 5, Spec 7, D2D4, D2D17, D3D26, D3D30, E2D8, E2D9, E2D13, E2D14, E2D15, E2D16, E2D17, E2D19, E2D20, Spec 17, Spec 18, Spec 20, G3D1, G3D6, Spec 31, I1D2, Schedule 1; and Schedule 1; and Schedule 1 apply, B4D3, Schedule 1, B1D5 must be provided or applied in accordance with Specification S44C4.",1,1,"","","NCC 2022 Vol2","",0,"","","false","","NCC2022_Volume2_Tables_ClauseStyle.txt","2022"
"Vol2","H8","H","Table S44C4_28","table","Table S44C4_28","For the building, where FPAA101H; and 2018; and Automatic Fire Sprinkler System Design and Installation - Hydrant Water Supply (incorporating amendment 1); and C1V3, C2D6, C2D13, C3D2, C3D7, C3D8, Spec 5, Spec 7, Spec 17, Spec 18, E2D8, E2D9, E2D13, E2D14, E2D15, E2D16, E2D17, E2D19, E2D20, Spec 20, G3D1, G3D6, Spec 31, I1D2 apply, B4D3 must be provided or applied in accordance with Specification S44C4. For the building, where ISO 140 Part 6; and 1998E; and Acoustics - Measurement of sound insulation in buildings and of building elements - Laboratory measurements of impact sound insulation of floors; and Spec 29 apply, the relevant requirement must be met in accordance with Specification S44C4. For the building, where ISO 540; and 2008; and Hard coal and coke - Determination of ash fusibility; and Spec 13 apply, the relevant requirement must be met in accordance with Specification S44C4. For the building, where ISO 8336; and 1993E; and Fibre-cement flat sheets; and Schedule 1; and Schedule 1; and 7. 5. 3, 7. 5. 4, 7. 5. 5, Schedule 1 apply, Schedule 1 must be provided or applied in accordance with Specification S44C4. For the building, where ISO 25745 Part 2; and 2015; and Energy performance of lifts, escalators and moving walks: Energy calculation and classification for lifts (elevators); and J7D8 apply, the relevant requirement must be met in accordance with Specification S44C4. For the building, where NASH Standard; and 2021; and Steel Framed Construction in Bushfire Areas; and H7D4 apply, the relevant requirement must be met in accordance with Specification S44C4. For the building, where NASH Standard Part 1; and 2005; and Residential and Low Rise Steel Framing - Design Criteria (incorporating amendments A, B and C); and B1D4; and H1D6 apply, the relevant requirement must be met in accordance with Specification S44C4. For the building, where NASH Standard Part 2; and 2014; and Residential and Low Rise Steel Framing - Design Solutions (incorporating amendment A); and B1D4, B1D5, F1D8; and H1D6; and 2. 2. 5, 6. 2. 1, 6. 3. 6, 7. 5. 2, 7. 5. 3, 7. 5. 4, 10. 2. 19, 10. 2. 20 apply, the relevant requirement must be met in accordance with Specification S44C4. For the building, where NSF/ ANSI/ CAN 372; and 2020; and Drinking Water System Components - Lead Content; and A5G4; and A5G4 apply, A5G4 must be provided or applied in accordance with Specification S44C4. For the building, where Northern Territory Deemed to Comply Standards Manual; and 2. 2. 4 apply, the relevant requirement must be met in accordance with Specification S44C4. For the building, where SATS 5344; and 2019; and Permanent labelling for Aluminium Composite Panel (ACP) products; and A5G8; and A5G8 apply, A5G8 must be provided or applied in accordance with Specification S44C4. For the building, where TN 61; and Cement Concrete and Aggregates Australia - Technical note - Articulated walling; and H1D4 apply, the relevant requirement must be met in accordance with Specification S44C4.",1,1,"","","NCC 2022 Vol2","",0,"","","false","","NCC2022_Volume2_Tables_ClauseStyle.txt","2022"
"Vol2","H8","H","Table S44C4_29","table","Table S44C4_29","For the building, where WMK NOD 2021/4. 2; and 2021; and Water Mark Notice of Direction 2021/4. 2 Certification transition arrangements for lead free plumbing products; and A5G4; and A5G4 apply, A5G4 must be provided or applied in accordance with Specification S44C4.",1,1,"","","NCC 2022 Vol2","",0,"","","false","","NCC2022_Volume2_Tables_ClauseStyle.txt","2022"
"Vol2","H8","H","Table S44C4_33","table","Table S44C4_33","For Class 1 a, where Section H applies, Class 1 and 10 buildings Part H1H1D4 Part H2 NSW H2P3 Part H3 NSW H3D5 Part H7 NSW H7P1 NSW H7D2 NSW H7D4 NSW Part H8 must be provided or applied in accordance with Specification S44C4. For the building, where NSW Part H6 applies, Energy efficiency Performance Requirements Verification Methods NSW H6V3 Verification of building envelope sealing Deemed-to-Satisfy Provisions NSW H6D1 Deemed-to-Satisfy Provisions NSW H6D2 Application of Part H6 must be provided or applied in accordance with Specification S44C4. For the building, where Schedule 1 Schedule 2 applies, Definitions Referenced documents must be provided or applied in accordance with Specification S44C4.",1,1,"","","NCC 2022 Vol2","",0,"","","false","","NCC2022_Volume2_Tables_ClauseStyle.txt","2022"
"Vol2","H8","H","Table H1V1a","table","Table H1V1a","For the building, where Permanent action (Y G = 1. 35); and --- (G/GN) = 1. 00; and --- (G/GN) = 1. 00 apply, VG = 0. 10 must be provided or applied in accordance with Specification H1V1. For the building, where Imposed action (Y Q = 1. 50); and --- (Q/Q N) = 0. 50; and --- (Q/Q N) = 0. 50 apply, VQ = 0. 43 must be provided or applied in accordance with Specification H1V1. For the building, where Wind action (Y W = 1. 00) (Non- cyclonic); and ---- (W/W N) = 0. 16; and ---- (W/W N) = 0. 16 apply, VW = 0. 49 must be provided or applied in accordance with Specification H1V1. For the building, where Wind action (Y W = 1. 00) (Cyclonic); and ---- (W/W N) = 0. 16; and ---- (W/W N) = 0. 16 apply, VW = 0. 71 must be provided or applied in accordance with Specification H1V1. For the building, where Snow action (Y S = 1. 00); and --- (S/SN) = 0. 29; and --- (S/SN) = 0. 29 apply, VS = 0. 57 must be provided or applied in accordance with Specification H1V1. For the building, where Earthquake action (Y E = 1. 00); and --- (E/EN) = 0. 05; and --- (E/EN) = 0. 05 apply, VE = 1. 98 must be provided or applied in accordance with Specification H1V1. For the building, where Table H1V1b: Annual target reliability indices (#); and Table H1V1b: Annual target reliability indices (#); and Table H1V1b: Annual target reliability indices (#) apply, Table H1V1b: Annual target reliability indices (#) must be provided or applied in accordance with Specification H1V1. For the building, where Type of action; and Target reliability index apply, Target reliability index must be provided or applied in accordance with Specification H1V1. For the building, where Permanent action; and 4. 3 apply, 4. 3 must be provided or applied in accordance with Specification H1V1. For the building, where Imposed action; and 4. 0 apply, 4. 0 must be provided or applied in accordance with Specification H1V1. For the building, where Wind, snow and earthquake action; and 3. 7 apply, 3. 7 must be provided or applied in accordance with Specification H1V1. For the building, where Table Notes (1) Table H1V1b is applicable for components that exhibit brittle failure similar to concrete as specified in AS 3600. (2) For components with creep characteristics similar to timber as specified in AS 1720. 1, the target reliability index for permanent action shall be increased to 5. 0. (3) The above target reliability indices are based on materials or systems that exhibit creep or brittle failure characteristics similar to timber and concrete. (4) Table H1V1b may also be applicable to materials or systems that exhibit creep or brittle failure differently to steel, timber or concrete provided that the creep and/or brittle nature of the material or system are properly accounted for in the design model. (5) The above target reliability indices are also applicable for materials or systems that exhibit ductile failure characteristics.; and Table Notes (1) Table H1V1b is applicable for components that exhibit brittle failure similar to concrete as specified in AS 3600. (2) For components with creep characteristics similar to timber as specified in AS 1720. 1, the target reliability index for permanent action shall be increased to 5. 0. (3) The above target reliability indices are based on materials or systems that exhibit creep or brittle failure characteristics similar to timber and concrete. (4) Table H1V1b may also be applicable to materials or systems that exhibit creep or brittle failure differently to steel, timber or concrete provided that the creep and/or brittle nature of the material or system are properly accounted for in the design model. (5) The above target reliability indices are also applicable for materials or systems that exhibit ductile failure characteristics.; and Table Notes (1) Table H1V1b is applicable for components that exhibit brittle failure similar to concrete as specified in AS 3600. (2) For components with creep characteristics similar to timber as specified in AS 1720. 1, the target reliability index...",1,1,"","","NCC 2022 Vol2","",0,"","","false","","NCC2022_Volume2_Tables_ClauseStyle.txt","2022"
"Vol2","H8","H","Table H1D6a","table","Table H1D6a","For the building, where Effective load width; and 0. 5 x Span 1 apply, 0. 5 x (Span 1 + Span 2) must be provided or applied in accordance with Specification H1D6.",1,1,"","","NCC 2022 Vol2","",0,"","","false","","NCC2022_Volume2_Tables_ClauseStyle.txt","2022"
"Vol2","H8","H","Table H1D6b","table","Table H1D6b","For the building, where Effective load width; and 0. 4 x Span 1; and 0. 6 x (Span 1 + Span 2) apply, 0. 5 x (Span 2) + Span 3 must be provided or applied in accordance with Specification H1D6.",1,1,"","","NCC 2022 Vol2","",0,"","","false","","NCC2022_Volume2_Tables_ClauseStyle.txt","2022"
"Vol2","H8","H","Table H1D7","table","Table H1D7","For the building, where A; and 4500 apply, 0 to 0. 45 Pt must be provided or applied in accordance with Specification H1D7. For the building, where B; and 600 apply, 0 to 0. 6 Pt must be provided or applied in accordance with Specification H1D7. For the building, where C; and 80 apply, 0 to 0. 8 Pt must be provided or applied in accordance with Specification H1D7. For the building, where D; and 1 apply, 0 to 1. 0 Pt must be provided or applied in accordance with Specification H1D7. For the building, where E; and 80 apply, 0 to 0. 8 Pt must be provided or applied in accordance with Specification H1D7. For the building, where F; and 600 apply, 0 to 0. 6 Pt must be provided or applied in accordance with Specification H1D7. For the building, where G; and 4500 apply, 0 to 0. 45 Pt must be provided or applied in accordance with Specification H1D7.",1,1,"","","NCC 2022 Vol2","",0,"","","false","","NCC2022_Volume2_Tables_ClauseStyle.txt","2022"
"Vol2","H8","H","Table H2V1a","table","Table H2V1a","For the building, where Wind region; and Region A(0-5) (AS/NZS 1170. 2); and Low to medium apply, 0 must be provided or applied in accordance with Specification H2V1. For the building, where Wind region; and Region B1-2 (AS/NZS 1170. 2); and Low to medium apply, 0 must be provided or applied in accordance with Specification H2V1. For the building, where Wind region; and Region C (AS/NZS 1170. 2); and High apply, 1 must be provided or applied in accordance with Specification H2V1. For the building, where Wind region; and Region D (AS/NZS 1170. 2); and Very high apply, 2 must be provided or applied in accordance with Specification H2V1. For the building, where Number of storeys; and One storey; and Low apply, 0 must be provided or applied in accordance with Specification H2V1. For the building, where Number of storeys; and Two storeys in part; and Medium apply, 1 must be provided or applied in accordance with Specification H2V1. For the building, where Number of storeys; and Two storeys; and High apply, 2 must be provided or applied in accordance with Specification H2V1. For the building, where Number of storeys; and More than two storeys; and Very high apply, 4 must be provided or applied in accordance with Specification H2V1. For the building, where Roof/wall junctions; and Roof-to-wall junctions fully protected; and Low apply, 0 must be provided or applied in accordance with Specification H2V1. For the building, where Roof/wall junctions; and Roof-to-wall junctions partially exposed; and Medium apply, 1 must be provided or applied in accordance with Specification H2V1. For the building, where Roof/wall junctions; and Roof-to-wall junctions fully exposed; and High apply, 3 must be provided or applied in accordance with Specification H2V1. For the building, where Roof/wall junctions; and Roof elements finishing within the boundaries formed by the external walls; and Very high apply, 5 must be provided or applied in accordance with Specification H2V1. For the building, where Eaves width; and > 600 mm for single storey; and Low apply, 0 must be provided or applied in accordance with Specification H2V1. For the building, where Eaves width; and 451-600 mm for single storey; and Medium apply, 1 must be provided or applied in accordance with Specification H2V1. For the building, where Eaves width; and > 600 mm for two storey; and Medium apply, 1 must be provided or applied in accordance with Specification H2V1. For the building, where Eaves width; and 101-450 mm for single storey; and High apply, 2 must be provided or applied in accordance with Specification H2V1. For the building, where Eaves width; and 451-600 mm for two storey; and High apply, 2 must be provided or applied in accordance with Specification H2V1. For the building, where Eaves width; and > 600 mm for above two storey; and High apply, 2 must be provided or applied in accordance with Specification H2V1. For the building, where Eaves width; and 0-100 mm for single storey; and Very high apply, 5 must be provided or applied in accordance with Specification H2V1. For the building, where Eaves width; and 0-450 mm for two storey; and Very high apply, 5 must be provided or applied in accordance with Specification H2V1. For the building, where Eaves width; and Less than 600 mm for above two storey; and Very high apply, 5 must be provided or applied in accordance with Specification H2V1. For the building, where Envelope complexity; and Simple shape with single cladding type; and Low apply, 0 must be provided or applied in accordance with Specification H2V1. For the building, where Envelope complexity; and Complex shape with no more than two cladding types; and Medium apply, 1 must be provided or applied in accordance with Specification H2V1. For the building, where Envelope complexity; and Complex shape with more than two cladding types; and High apply, 3 must be provided or applied in accordance with Specification H2V1. For the building, where Envelope complexity; and As for high risk but with fully exposed roof-to-wall junctions; and Very high apply, 6 must be provided or applied in accordance with Specification H2V1. For the building, where Decks, porches and balconies; and None; and Low apply, 0 must be provided or applied in accordance with Specification H2V1. For the building, where Decks, porches and balconies; and Timber slat deck or porch at ground level; and Low apply, 0 must be provided or applied in accordance with Specification H2V1. For the building, where Decks, porches and balconies; and Fully covered in plan view; and Medium apply, 2 must be provided or applied in accordance with Specification H2V1.",1,1,"","","NCC 2022 Vol2","",0,"","","false","","NCC2022_Volume2_Tables_ClauseStyle.txt","2022"
"Vol2","H8","H","Table H2V1_2","table","Table H2V1_2","For the building, where by roof applies, the relevant requirement must be met in accordance with Specification H2V1. For the building, where Timber slat deck attached at first or second floor level; and Medium apply, 2 must be provided or applied in accordance with Specification H2V1. For the building, where Balcony exposed in plan view at first floor level; and High apply, 4 must be provided or applied in accordance with Specification H2V1. For the building, where Balcony cantilevered at first floor level; and High apply, 4 must be provided or applied in accordance with Specification H2V1. For the building, where Balcony exposed in plan view at second floor level or above; and Very high apply, 6 must be provided or applied in accordance with Specification H2V1. For the building, where Balcony cantilevered at second floor level or above; and Very high apply, 6 must be provided or applied in accordance with Specification H2V1.",1,1,"","","NCC 2022 Vol2","",0,"","","false","","NCC2022_Volume2_Tables_ClauseStyle.txt","2022"
"Vol2","H8","H","Table H2V1b","table","Table H2V1b","",1,1,"","","NCC 2022 Vol2","",0,"","","false","","NCC2022_Volume2_Tables_ClauseStyle.txt","2022"
"Vol2","H8","H","Table H3V3","table","Table H3V3","For the building, where On boundary applies, 80 must be provided or applied in accordance with Specification H3V3. For the building, where 1 m from boundary applies, 40 must be provided or applied in accordance with Specification H3V3. For the building, where 3 m from boundary applies, 20 must be provided or applied in accordance with Specification H3V3. For the building, where 6 m from boundary applies, 10 must be provided or applied in accordance with Specification H3V3.",1,1,"","","NCC 2022 Vol2","",0,"","","false","","NCC2022_Volume2_Tables_ClauseStyle.txt","2022"
"Vol2","H8","H","Table H3V4","table","Table H3V4","For the building, where 0 m applies, 80 must be provided or applied in accordance with Specification H3V4. For the building, where 2 m applies, 40 must be provided or applied in accordance with Specification H3V4.",1,1,"","","NCC 2022 Vol2","",0,"","","false","","NCC2022_Volume2_Tables_ClauseStyle.txt","2022"
"Vol2","H8","H","Table H3V4_2","table","Table H3V4_2","For the building, where 6 m applies, 20 must be provided or applied in accordance with Specification H3V4. For the building, where 12 m applies, 10 must be provided or applied in accordance with Specification H3V4.",1,1,"","","NCC 2022 Vol2","",0,"","","false","","NCC2022_Volume2_Tables_ClauseStyle.txt","2022"
"Vol2","H8","H","Table H4V3","table","Table H4V3","For the building, where Carbon dioxide, CO2; and 8 hours apply, 850 ppm Note 1 must be provided or applied in accordance with Specification H4V3. For the building, where Carbon monoxide, CO; and 15 minutes apply, 90 ppm must be provided or applied in accordance with Specification H4V3. For the building, where Carbon monoxide, CO; and 30 minutes apply, 50 ppm must be provided or applied in accordance with Specification H4V3. For the building, where Carbon monoxide, CO; and 1 hour apply, 25 ppm must be provided or applied in accordance with Specification H4V3. For the building, where Carbon monoxide, CO; and 8 hours apply, 10 ppm must be provided or applied in accordance with Specification H4V3. For the building, where Formaldehyde, CH2O; and 30 minutes apply, 0. 1 mg/m3 must be provided or applied in accordance with Specification H4V3. For the building, where Nitrogen dioxide, NO2; and 1 year apply, 40 g/m3 (0. 0197 ppm) Note 2 must be provided or applied in accordance with Specification H4V3. For the building, where Nitrogen dioxide, NO2; and 1 hour apply, 200 g/m3 (0. 0987 ppm) Note 2 must be provided or applied in accordance with Specification H4V3. For the building, where Ozone, O3; and 8 hour, daily maximum apply, 100 g/m3 (0. 0473 ppm) must be provided or applied in accordance with Specification H4V3. For the building, where Particulate matter, PM2. 5; and 1 year apply, 10 g/m3 must be provided or applied in accordance with Specification H4V3. For the building, where Particulate matter, PM2. 5; and 24 hour (99th percentile) apply, 25 g/m3 must be provided or applied in accordance with Specification H4V3. For the building, where Particulate matter, PM10; and 1 year apply, 20 g/m3 must be provided or applied in accordance with Specification H4V3. For the building, where Particulate matter, PM10; and 24 hour (99th percentile) apply, 50 g/m3 must be provided or applied in accordance with Specification H4V3. For the building, where Total volatile organic compounds; and 1 hour apply, 500 g/m3 must be provided or applied in accordance with Specification H4V3.",1,1,"","","NCC 2022 Vol2","",0,"","","false","","NCC2022_Volume2_Tables_ClauseStyle.txt","2022"
"Vol2","H7","H","Table NSW H6D2_4","table","Table NSW H6D2_4","For the building, where NSW Legislation; and 2018; and Swimming Pools Regulation; and NSW G1P2, NSW G1D2; and NSW H7P1, NSW H7D2 apply, the relevant requirement must be met in accordance with Specification NSW H6D2. For the building, where NSW Legislation; and 2011; and Work Health and Safety Act; and NSW G1D5 apply, the relevant requirement must be met in accordance with Specification NSW H6D2.",1,1,"","","NCC 2022 Vol2","",0,"","","false","","NCC2022_Volume2_Tables_ClauseStyle.txt","2022"
"Vol2","H7","H","Table NT H6D2_5","table","Table NT H6D2_5","For the building, where Schedule 1 Schedule 2 applies, Definitions Referenced documents must be provided or applied in accordance with Specification NT H6D2.",1,1,"","","NCC 2022 Vol2","",0,"","","false","","NCC2022_Volume2_Tables_ClauseStyle.txt","2022"
"Vol2","H7","H","Table SA H10D4_3","table","Table SA H10D4_3","For the building, where Group A; and Buildings used for keeping, growing and/or harvesting of animals and/or plants, and includes greenhouses with rigid covering material and large implement/vehicle storage sheds.; and 5, 000 m2 apply, 30, 000 m3 must be provided or applied in accordance with Specification SA H10D4. For the building, where Group B; and Buildings used for packing, sorting and/or storage of produce and may include workshops.; and 2, 000 m2 apply, 12, 000 m3 must be provided or applied in accordance with Specification SA H10D4. For the building, where Group C; and Greenhouses with non-rigid, plastic or fabric covering material.; and 5, 000 m2 apply, 30, 000 m3 must be provided or applied in accordance with Specification SA H10D4.",1,1,"","","NCC 2022 Vol2","",0,"","","false","","NCC2022_Volume2_Tables_ClauseStyle.txt","2022"
"Vol2","H7","H","Table SA H10D4_7","table","Table SA H10D4_7","For Class 1 a, where Section H applies, Class 1 and 10 buildings Part H4 TAS H4D9 TAS Part H6 Part H7 TAS H7P2 TAS H7P3 TAS H7P5H7D2 must be provided or applied in accordance with Specification SA H10D4. For the building, where Schedule 1 Schedule 2 applies, Definitions Referenced documents must be provided or applied in accordance with Specification SA H10D4.",1,1,"","","NCC 2022 Vol2","",0,"","","false","","NCC2022_Volume2_Tables_ClauseStyle.txt","2022"
"Vol2","H6","H","Table VIC H6D2_4","table","Table VIC H6D2_4","For the building, where AS 1668. 2; and 2012; and The use of ventilation and air conditioning in buildings: Mechanical ventilation in buildings apply, VIC E2D2 must be provided or applied in accordance with Specification VIC H6D2. For the building, where AS 1851; and 2012; and Routine service of fire protection systems and equipment apply, VIC B4D2 must be provided or applied in accordance with Specification VIC H6D2. For the building, where AS 1926. 1; and 2012; and Swimming pool safety, Part 1: Safety barriers for swimming pools; and VIC G1D2 apply, the relevant requirement must be met in accordance with Specification VIC H6D2. For the building, where AS 1926. 2; and 2007; and Swimming pool safety, Part 2: Location of safety barriers for swimming pools (incorporating amendments 1 and 2); and VIC G1D2 apply, the relevant requirement must be met in accordance with Specification VIC H6D2. For the building, where AS 2118. 1; and 2017; and Automatic fire sprinkler systems, Part 1: General systems (incorporating amendment 1); and VIC S17C2, VIC S18C3 apply, VIC B1D5, VIC B4D2 must be provided or applied in accordance with Specification VIC H6D2. For the building, where AS 2118. 2; and 2021; and Automatic fire sprinkler systems: Wall wetting sprinkler systems apply, VIC B4D2 must be provided or applied in accordance with Specification VIC H6D2. For the building, where AS 2118. 3; and 2010; and Automatic fire sprinkler systems: Deluge systems apply, VIC B4D2 must be provided or applied in accordance with Specification VIC H6D2. For the building, where AS 2118. 4; and 2012; and Automatic fire sprinkler systems, Part 4: Sprinkler protection for accommodation buildings not > four storeys in height; and VIC S17C2, VIC S18C3 apply, VIC B1D5, VIC B4D2 must be provided or applied in accordance with Specification VIC H6D2. For the building, where AS 2118. 5; and 2008; and Automatic fire sprinkler systems apply, VIC B1D5, VIC B4D2 must be provided or applied in accordance with Specification VIC H6D2. For the building, where AS 2118. 6; and 2012; and Automatic fire sprinkler systems, Part 6: Combined sprinkler and hydrant systems in multistorey buildings; and VIC S17C2 apply, the relevant requirement must be met in accordance with Specification VIC H6D2. For the building, where AS2118. 8; and 1997; and Automatic fire sprinkler systems: Minor modifications apply, VIC B4D2 must be provided or applied in accordance with Specification VIC H6D2.",1,1,"","","NCC 2022 Vol2","",0,"","","false","","NCC2022_Volume2_Tables_ClauseStyle.txt","2022"
"Vol2","H6","H","Table VIC H6D2_5","table","Table VIC H6D2_5","For the building, where AS 2118. 10; and 1995; and Automatic fire sprinkler systems: Approval documentation apply, VIC B4D2 must be provided or applied in accordance with Specification VIC H6D2. For the building, where AS 2473. 3; and 2007; and Valves for compressed gas cylinders apply, VIC E2D2 must be provided or applied in accordance with Specification VIC H6D2. For the building, where AS 2568; and 2019; and Purity of medical air produced from on- site compressor systems apply, VIC E2D2 must be provided or applied in accordance with Specification VIC H6D2. For the building, where AS 2896; and 2021; and Medical gas systems - Installation and testing of non- flammable medical gas pipeline systems apply, VIC E2D2 must be provided or applied in accordance with Specification VIC H6D2. For the building, where AS 2902; and 2005; and Medical gas systems - Low pressure flexible hose assemblies apply, VIC E2D2 must be provided or applied in accordance with Specification VIC H6D2. For the building, where AS/NZS 2918; and 2018; and Domestic solid fuel burning appliances - Installation apply, VIC E2D2 must be provided or applied in accordance with Specification VIC H6D2. For the building, where AS 2941; and 2013; and Fixed fire protection installations - Pumpset systems apply, VIC B4D2 must be provided or applied in accordance with Specification VIC H6D2. For the building, where AS/NZS 3500. 1; and 2021; and Plumbing and drainage: Water services apply, VIC B1D3, VIC B1D5, VIC B3D3, VIC B4D2, VIC B6D2, VIC B7D3, VIC B7D4, VIC E2D2 must be provided or applied in accordance with Specification VIC H6D2. For the building, where AS/NZS 3500. 2; and 2021; and Plumbing and drainage: Sanitary plumbing and drainage apply, VIC C1D3, VIC C2D4, VIC C4P1, VIC E2D2 must be provided or applied in accordance with Specification VIC H6D2. For the building, where AS/NZS 3500. 3; and 2021; and Plumbing and drainage: Stormwater drainage apply, VIC C5D2, VIC C6D2 must be provided or applied in accordance with Specification VIC H6D2. For the building, where AS/NZS 3500. 4; and 2021; and Plumbing and drainage: Heated water services apply, VIC E2D2, VIC B2D6 must be provided or applied in accordance with Specification VIC H6D2. For the building, where AS/NZS 3666. 1; and 2011; and Air handling and water systems of buildings - Microbial control: Design, installation and commissioning apply, VIC E2D2 must be provided or applied in accordance with Specification VIC H6D2.",1,1,"","","NCC 2022 Vol2","",0,"","","false","","NCC2022_Volume2_Tables_ClauseStyle.txt","2022"
"Vol2","H6","H","Table VIC H6D2_6","table","Table VIC H6D2_6","For the building, where AS/NZS 3666. 2; and 2011; and Air handling and water systems of buildings - Microbial control: Operation and maintenance apply, VIC E2D2 must be provided or applied in accordance with Specification VIC H6D2. For the building, where AS 4032. 3; and 2022; and Water supply - Valves for the control of heated water supply temperatures apply, VIC B2D6 must be provided or applied in accordance with Specification VIC H6D2. For the building, where AS 4041; and 2006; and Pressure piping apply, VIC E2D2 must be provided or applied in accordance with Specification VIC H6D2. For the building, where AS 4118. 1. 1; and 1996; and Fire sprinkler systems: Components - Sprinklers and sprayers apply, VIC B4D2 must be provided or applied in accordance with Specification VIC H6D2. For the building, where AS 4118. 1. 2; and 1996; and Fire sprinkler systems: Components - Alarm valves (wet) apply, VIC B4D2 must be provided or applied in accordance with Specification VIC H6D2. For the building, where AS 4118. 1. 3; and 1995; and Fire sprinkler systems: Components - Water motor alarms apply, VIC B4D2 must be provided or applied in accordance with Specification VIC H6D2. For the building, where AS 4118. 1. 4; and 1994; and Fire sprinkler systems: Components - Valve monitors apply, VIC B4D2 must be provided or applied in accordance with Specification VIC H6D2. For the building, where AS 4118. 1. 5; and 1996; and Fire sprinkler systems: Components - Deluge and pre- action valves apply, VIC B4D2 must be provided or applied in accordance with Specification VIC H6D2. For the building, where AS 4118. 1. 6; and 1995; and Fire sprinkler systems: Components - Stop valves and non- return valves apply, VIC B4D2 must be provided or applied in accordance with Specification VIC H6D2. For the building, where AS 4118. 1. 7; and 1996; and Fire sprinkler systems: Components - Alarm valves (dry) apply, VIC B4D2 must be provided or applied in accordance with Specification VIC H6D2. For the building, where AS 4118. 1. 8; and 1999; and Fire sprinkler systems: Components - Pressure reducing valves apply, VIC B4D2 must be provided or applied in accordance with Specification VIC H6D2. For the building, where AS 4254. 1; and 2021; and Ductwork for air- handling systems in buildings: Flexible duct apply, VIC E2D2 must be provided or applied in accordance with Specification VIC H6D2. For the building, where AS 4254. 2; and 2012; and Ductwork for air- handling systems in buildings: Rigid duct apply, VIC E2D2 must be provided or applied in accordance with Specification VIC H6D2.",1,1,"","","NCC 2022 Vol2","",0,"","","false","","NCC2022_Volume2_Tables_ClauseStyle.txt","2022"
"Vol2","H6","H","Table VIC H6D2_7","table","Table VIC H6D2_7","For the building, where AS 4426; and 1997; and Thermal insulation of pipework, ductwork and equipment - Selection, installation and finish apply, VIC E2D2 must be provided or applied in accordance with Specification VIC H6D2. For the building, where AS 4508; and 1999; and Thermal resistance of insulation for ductwork used in building air- conditioning apply, VIC E2D2 must be provided or applied in accordance with Specification VIC H6D2. For the building, where AS/NZS 4859. 1; and 2018; and Thermal insulation materials for buildings: General criteria and technical provisions apply, VIC E2D2 must be provided or applied in accordance with Specification VIC H6D2. For the building, where AS/NZS 5141; and 2018; and Residential heating and cooling systems - Minimum applications and requirements for energy efficiency, performance and comfort criteria apply, VIC E2D2 must be provided or applied in accordance with Specification VIC H6D2. For the building, where AS/NZS 5149. 1; and 2016; and Refrigerating systems and heat pumps - Safety and environmental requirements: Definitions, classification and selection criteria apply, VIC E2D2 must be provided or applied in accordance with Specification VIC H6D2. For the building, where AS/NZS 5149. 2; and 2016; and Refrigerating systems and heat pumps - Safety and environmental requirements: Design, construction, testing, marking and documentation apply, VIC E2D2 must be provided or applied in accordance with Specification VIC H6D2. For the building, where AS/NZS 5149. 3; and 2016; and Refrigerating systems and heat pumps - Safety and environmental requirements: Installation site apply, VIC E2D2 must be provided or applied in accordance with Specification VIC H6D2. For the building, where AS/NZS 5149. 4; and 2016; and Refrigerating systems and heat pumps - Safety and environmental requirements: Operation, maintenance, repair and recovery apply, VIC E2D2 must be provided or applied in accordance with Specification VIC H6D2. For the building, where AS/NZS 5601. 1; and 2022; and Gas installations: General installations apply, VIC E2D2 must be provided or applied in accordance with Specification VIC H6D2.",1,1,"","","NCC 2022 Vol2","",0,"","","false","","NCC2022_Volume2_Tables_ClauseStyle.txt","2022"
"Vol2","H6","H","Table VIC H6D2_8","table","Table VIC H6D2_8","For the building, where ABCB Standard for Construction of Buildings in Flood Hazard Areas, Version 2012. 3; and 2012; and Standard for Construction of Buildings in Flood Hazard Areas; and VIC B1D6 apply, the relevant requirement must be met in accordance with Specification VIC H6D2. For the building, where 2022; and Motorsport Australia Track Operators Guide For Motorsport Race Venues - version 1; and VIC I5D4 apply, the relevant requirement must be met in accordance with Specification VIC H6D2. For the building, where FPAA101D; and 2018; and Automatic Fire Sprinkler System Design and Installation- Drinking Water Supply; and VIC S17C2, VIC S18C3 apply, B1D5 must be provided or applied in accordance with Specification VIC H6D2. For the building, where FPAA101H; and 2018; and Automatic Sprinkler System Design- Hydrant Water Supply; and VIC S17C2, VIC S18C3 apply, B4D3 must be provided or applied in accordance with Specification VIC H6D2. For the building, where Building Practice Note FS-01; and Victorian Building Authority Practice Note FS-01; and VIC S20C8 apply, the relevant requirement must be met in accordance with Specification VIC H6D2. For the building, where SA HB 39; and 2015; and Metal roof and wall cladding installation apply, VIC E3D2 must be provided or applied in accordance with Specification VIC H6D2. For the building, where HB 276; and 2004; and A guide to good practice for energy efficient installation of residential heating, cooling and air conditioning plant and equipment apply, VIC E2D2 must be provided or applied in accordance with Specification VIC H6D2. For the building, where 2007; and Australian and New Zealand refrigerant handling code of practice 2007 Part 1 - Self-contained low charge systems apply, VIC E2D2 must be provided or applied in accordance with Specification VIC H6D2. For the building, where 2007; and Australian and New Zealand refrigerant handling code of practice 2007 Part 2 - Systems other than Self-contained low charge systems apply, VIC E2D2 must be provided or applied in accordance with Specification VIC H6D2. For the building, where 1993; and The Building Act 1993 (Victoria) apply, B6D2 must be provided or applied in accordance with Specification VIC H6D2. For the building, where 2018; and Plumbing Regulations; and VIC H6V1 apply, B2P7 must be provided or applied in accordance with Specification VIC H6D2.",1,1,"","","NCC 2022 Vol2","",0,"","","false","","NCC2022_Volume2_Tables_ClauseStyle.txt","2022"
"Vol2","H6","H","Table VIC H6D2_10","table","Table VIC H6D2_10","For the building, where WA Part H9 applies, Water use Objectives WA H9O1 Efficient use of water Functional Statements WA H9F1 Potable water demand Performance Requirements WA H9P1 Water use efficiency WA H9P2 Water loss prevention WA H9P3 Heated water use efficiency Deemed-to-Satisfy Provisions WA H9D1 Deemed-to-Satisfy Provisions WA H9D2 Water use efficiency WA H9D3 Swimming pool covers and blankets WA H9D4 Heated water use efficiency must be provided or applied in accordance with Specification VIC H6D2. For the building, where Schedule 1 Schedule 2 applies, Definitions Referenced documents must be provided or applied in accordance with Specification VIC H6D2.",1,1,"","","NCC 2022 Vol2","",0,"","","false","","NCC2022_Volume2_Tables_ClauseStyle.txt","2022"
"Vol2","H1","H","Table 1.5_2","table","Table 1.5_2","For the building, where 25 mm of closed cell polymer applies, 1. 3 must be provided or applied in accordance with Clause 1.5. For the building, where 25 mm of glasswool applies, 1. 3 must be provided or applied in accordance with Clause 1.5.",1,1,"","","NCC 2022 Vol2","",0,"","","false","","NCC2022_Volume2_Tables_ClauseStyle.txt","2022"
"Vol2","H1","H","Table 13","table","Table 13","For the building, where Evaporative cooling system; and Heating-only system or refrigerated cooling-only system apply, Combined heat and refrigerated cooling system must be provided or applied in accordance with Clause 1.5. For the building, where Ductwork; and 0. 6; and 1. 0 apply, 1. 5 must be provided or applied in accordance with Clause 1.5. For the building, where Fittings; and 0. 4 apply, the relevant requirement must be met in accordance with Clause 1.5.",1,1,"","","NCC 2022 Vol2","",0,"","","false","","NCC2022_Volume2_Tables_ClauseStyle.txt","2022"
"Vol2","H1","H","Table 1.7_2","table","Table 1.7_2","For the building, where Termite risk management applies, 3. 4 must be provided or applied in accordance with Clause 1.7. For the building, where Earth retaining structures applies, H1D3 (NCC Volume Two) must be provided or applied in accordance with Clause 1.7. For the building, where Subfloor ventilation applies, 6. 2 must be provided or applied in accordance with Clause 1.7. For the building, where Smoke alarms and evacuation lighting apply, 9. 5 must be provided or applied in accordance with Clause 1.7. For the building, where Boilers, pressure vessels, heating appliances, fireplaces, chimneys and flues apply, 12. 4 must be provided or applied in accordance with Clause 1.7. For the building, where Special requirements; and Earthquake areas apply, 2 must be provided or applied in accordance with Clause 1.7. For the building, where Special requirements; and Flood hazard areas apply, H1D10 (NCC Volume Two) must be provided or applied in accordance with Clause 1.7. For the building, where Special requirements; and Construction in bushfire areas apply, H7D4 (NCC Volume Two) must be provided or applied in accordance with Clause 1.7. For the building, where Special requirements; and Construction in alpine areas apply, 12. 2 must be provided or applied in accordance with Clause 1.7. For the building, where Special requirements; and Attachment of decks and balconies to external walls of buildings apply, 12. 3 must be provided or applied in accordance with Clause 1.7. For the building, where Special requirements; and High wind areas apply, 2 must be provided or applied in accordance with Clause 1.7. For Class 10 b, where Special requirements; and Class 10 buildings and structures apply, Various must be provided or applied in accordance with Clause 1.7.",1,1,"","","NCC 2022 Vol2","",0,"","","false","","NCC2022_Volume2_Tables_ClauseStyle.txt","2022"
"Vol2","H1","H","Table 1.9_2","table","Table 1.9_2","For the building, where 5. 7 applies, A new Part Weatherproofing for masonry has been added and incorporates some content from Part 3. 3. 5 of Volume Two 2019 Amendment 1. It includes amendments and new provisions to reflect current practice, improve readability and structure must be provided or applied in accordance with Clause 1.9. For the building, where 5. 7. 6 applies, A new provision has been added for waterproofing for single leaf masonry walls to compliment new Part 5. 4 must be provided or applied in accordance with Clause 1.9. For the building, where Section 6-Framing applies, Section 6-Framing must be provided or applied in accordance with Clause 1.9. For the building, where 6. 3 applies, Amendments for structural steel members, including insertion of new tables, diagrams and explanatory information, have been made to improve readability and structure must be provided or applied in accordance with Clause 1.9. For the building, where 6. 3. 3 applies, A new provision has been added for steel bearers as part of the restructure of Section 6-Framing must be provided or applied in accordance with Clause 1.9. For the building, where 6. 3. 4 applies, A new provision has been added for steel strutting beams as part of the restructure of Section 6-Framing must be provided or applied in accordance with Clause 1.9. For the building, where 6. 3. 5 applies, A new provision has been added for steel lintels as part of the restructure of Section 6- Framing must be provided or applied in accordance with Clause 1.9. For the building, where 6. 3. 6 applies, A new provision has been added for steel columns as part of the restructure of Section 6 -Framing must be provided or applied in accordance with Clause 1.9. For the building, where 6. 3. 7 applies, A new provision has been added providing details for fixings and bearing for structural steel members. This includes additional figures for various fixing details must be provided or applied in accordance with Clause 1.9. For the building, where 6. 3. 8 applies, A new provision has been added providing details for cuts and penetrations through structural steel members must be provided or applied in accordance with Clause 1.9. For the building, where 6. 3. 9 applies, Tables relating to protective coatings for steelwork have been changed to provide greater detail and additional options for corrosion protection must be provided or applied in accordance with Clause 1.9. For the building, where Section 7-Roof and wall cladding apply, Section 7-Roof and wall cladding must be provided or applied in accordance with Clause 1.9. For the building, where 7. 2. 8 applies, Amended to require sheets overhang   50 mm where an eaves gutter is provided must be provided or applied in accordance with Clause 1.9. For the building, where 7. 4 applies, Amendments, including insertion of new tables, diagrams and explanatory information, have been made to reflect current practice, improve readability and structure. The amendments also align annual exceedance probability figures with AS 3500. 3-2021 replacing average recurrence interval figures must be provided or applied in accordance with Clause 1.9. For the building, where Tables 7. 5. 2, 7. 5. 3a and 7. 5. 3b apply, Table note has been amended to refer base metal thickness of steel framing members to that required for a roof batten in NASH Standard must be provided or applied in accordance with Clause 1.9. For the building, where Section 8-Glazing applies, Section 8-Glazing must be provided or applied in accordance with Clause 1.9. For the building, where 8. 2 applies, Part 8. 2 has been re-named, groups provisions relevant to windows and external glazed doors and contains amendments, including insertion of new tables, diagrams and explanatory information, to improve readability and structure must be provided or applied in accordance with Clause 1.9. For the building, where 8. 2. 2 applies, A new provision has been added for the installation of windows must be provided or applied in accordance with Clause 1.9. For the building, where 8. 3. 3 applies, Amended to reflect new terminology monolithic in lieu of ordinary to reflect current practice must be provided or applied in accordance with Clause 1.9. For the building, where 8. 4 applies, A new Part has been added, re-named and groups provisions relevant to glazing human impact and contains amendments, including insertion of new tables, diagrams and explanatory information to improve readability and structure must be provided or applied in accordance with Clause 1.9. For the building, where 8. 4. 6 applies, Amended to include provisions for mirrors and splashbacks must be provided or applied in accordance with Clause 1.9. For the building, where 8. 4. 8 applies, A new provision has been added for the identification of safety glass must be provided or applied in accordance with Clause 1.9. For the building, where Section 9-Fire safety applies, Section 9-Fire safety must be provided or applied in accordance with Clause 1.9. For the building, where 9. 2. 9 applies, Amendments have been made to clarify application of allowable encroachments must be provided or applied in accordance with Clause 1.9. For the building, where Section 10-Health and amenity apply, Section 10-Health and amenity must be provided or applied in accordance with Clause 1.9. For the building, where 10. 2 applies, Amendments, including insertion of new Deemed-to-Satisfy Provisions, tables, diagrams and explanatory information, have been made to reflect current practice, improve readability and structure must be provided or applied in accordance with Clause 1.9.",1,1,"","","NCC 2022 Vol2","",0,"","","false","","NCC2022_Volume2_Tables_ClauseStyle.txt","2022"
"Vol2","H1","H","Table 1.9_3","table","Table 1.9_3","For the building, where 10. 2. 2 applies, Amended to require walls in shower areas to be waterproof to   1800 mm above the floor substrate must be provided or applied in accordance with Clause 1.9. For the building, where 10. 2. 5 applies, A new sub-clause has been added for WCs with handheld bidet spray installations must be provided or applied in accordance with Clause 1.9. For the building, where 10. 2. 6 applies, A new provision has been added for waterproofing systems distinguishing how systems are deemed either waterproof or water resistant must be provided or applied in accordance with Clause 1.9. For the building, where 10. 2. 7 applies, A new provision has been added stating materials used in wet areas must be either waterproof or water resistant. in accordance with Clause 1.9. For the building, where 10. 2. 8 applies, A new provision has been added setting out what materials used in waterproofing systems are deemed to be waterproof must be provided or applied in accordance with Clause 1.9. For the building, where 10. 2. 9 applies, A new provision has been added setting out materials deemed to be water resistant for wall and floor substrates must be provided or applied in accordance with Clause 1.9. For the building, where 10. 2. 10 applies, A new provision has been added setting out materials deemed to be water resistant for wall and floor surface materials must be provided or applied in accordance with Clause 1.9. For the building, where 10. 2. 11 applies, A new provision has been added setting out the relevant Part to be complied with for wall and floor substrates in wet areas must be provided or applied in accordance with Clause 1.9. For the building, where 10. 2. 12 applies, A new provision has been added for falls to wet area floors must be provided or applied in accordance with Clause 1.9. For the building, where 10. 2. 13 applies, A new provision has been added setting out the relevant Part to be complied with for wall and floor surface materials in wet areas must be provided or applied in accordance with Clause 1.9. For the building, where 10. 2. 14 applies, A new provision has been added for shower area requirements must be provided or applied in accordance with Clause 1.9. For the building, where 10. 2. 15 applies, A new provision has been added for step-down showers must be provided or applied in accordance with Clause 1.9. For the building, where 10. 2. 16 applies, A new provision has been added for the hob construction of showers must be provided or applied in accordance with Clause 1.9. For the building, where 10. 2. 17 applies, A new provision has been added for enclosed showers with level threshold must be provided or applied in accordance with Clause 1.9. For the building, where 10. 2. 18 applies, A new provision has been added for unenclosed showers must be provided or applied in accordance with Clause 1.9. For the building, where 10. 2. 19 applies, A new provision has been added for preformed shower bases must be provided or applied in accordance with Clause 1.9. For the building, where 10. 2. 20 applies, A new provision has been added for baths and spas must be provided or applied in accordance with Clause 1.9. For the building, where 10. 2. 21 applies, A new provision has been added relating to the membrane installation for screeds and location of tiles must be provided or applied in accordance with Clause 1.9. For the building, where 10. 2. 22 applies, A new provision has been added for the substrate surface preparation where membranes are to be applied must be provided or applied in accordance with Clause 1.9. For the building, where 10. 2. 23 applies, A new provision has been added for the treatment of penetrations within shower areas must be provided or applied in accordance with Clause 1.9. For the building, where 10. 2. 24 applies, A new provision has been added relating to the installation of flashings and treatment of junctions including vertical and horizontal legs at perimeters must be provided or applied in accordance with Clause 1.9. For the building, where 10. 2. 25 applies, A new provision has been added for the application of shower area floor membranes must be provided or applied in accordance with Clause 1.9. For the building, where 10. 2. 26 applies, A new provision has been added relating to shower area membrane requirements for wall sheeting substrates must be provided or applied in accordance with Clause 1.9. For the building, where 10. 2. 27 applies, A new provision has been added relating to the installation of bond breakers for bonded membranes must be provided or applied in accordance with Clause 1.9. For the building, where 10. 2. 28 applies, A new provision has been added for the installation of internal membranes must be provided or applied in accordance with Clause 1.9. For the building, where 10. 2. 29 applies, A new provision has been added detailing membrane to drainage connections must be provided or applied in accordance with Clause 1.9. For the building, where 10. 2. 30 applies, A new provision has been added detailing drainage riser connections must be provided or applied in accordance with Clause 1.9. For the building, where 10. 2. 31 applies, A new provision has been added relative to door jambs on tiled floors must be provided or applied in accordance with Clause 1.9. For the building, where 10. 2. 32 applies, A new provision has been added for the installation and location of shower screens must be provided or applied in accordance with Clause 1.9. For the building, where 10. 8. 1 applies, Amended to include vapour permeance requirements for several materials in climate zones 4 to 8 must be provided or applied in accordance with Clause 1.9. For the building, where 10. 8. 2 applies, Amended to include additional exhaust requirements, including ducting of exhausts to outdoor air, exhaust run-on timers in some rooms and provision of make-up air to some rooms must be provided or applied in accordance with Clause 1.9.",1,1,"","","NCC 2022 Vol2","",0,"","","false","","NCC2022_Volume2_Tables_ClauseStyle.txt","2022"
"Vol2","H1","H","Table 1.9_4","table","Table 1.9_4","For the building, where 10. 8. 3 applies, Amended to require a ventilated roof space in climate zones 6, 7 and 8, with exceptions for concrete roofs, roofs made from structural insulated panels and roofs subject to Bushfire Attack Level FZ must be provided or applied in accordance with Clause 1.9. For the building, where Section 11-Safe movement and access apply, Section 11-Safe movement and access must be provided or applied in accordance with Clause 1.9. For the building, where 11. 2. 3 applies, A note has been inserted as a consequence of new Part H8 Livable housing design in Volume Two must be provided or applied in accordance with Clause 1.9. For the building element, where 11. 3. 4 applies, Amended and includes new sub-clause (5) and (6) to provide a maximum opening between barrier and vertical face of a landing, balcony, deck, stairway or the like must be provided or applied in accordance with Clause 1.9. For the building, where Section 12-Ancillary provisions applies, Section 12-Ancillary provisions must be provided or applied in accordance with Clause 1.9. For the building, where 12. 1. 1 applies, Scope has been amended to reflect the deletion of boilers and pressure vessels from Part 12. 4 of the ABCB Housing Provisions must be provided or applied in accordance with Clause 1.9. For the building, where 12. 3 applies, Heading amended to improve clarity and application of part must be provided or applied in accordance with Clause 1.9. For the building, where 12. 3. 2 applies, Timber waling plate sizes and fixings have been amended to reflect contemporary available materials and practices must be provided or applied in accordance with Clause 1.9. For the building, where 12. 4 applies, Amendments, including deletion of boilers and pressure vessels, have been made to reflect current practice, improve readability and structure must be provided or applied in accordance with Clause 1.9. For the building, where 12. 4. 3 applies, An additional sub-clause 12. 4. 3(b) has been included relative to the composition of mortar must be provided or applied in accordance with Clause 1.9. For the building, where 12. 4. 4 applies, Sub-clause 12. 4. 4(a) has two additional and further sub-clauses clarifying the testing and fitting of insert fireplaces and flues must be provided or applied in accordance with Clause 1.9. For the building, where 12. 4. 5 applies, An explanatory note has been added to clause 12. 4. 5 to clarify the application of testing standards and Deemed-to-Satisfy Provisions must be provided or applied in accordance with Clause 1.9. For the building, where 12. 4. 5 applies, Sub-clause 12. 4. 5(b) has been amended to clarify the masonry construction for heat shields. Sub-clause 12. 4. 5(b) has also been amended to add flashing requirements for flues must be provided or applied in accordance with Clause 1.9. For the building, where Section 13-Energy efficiency applies, Section 13-Energy efficiency must be provided or applied in accordance with Clause 1.9. For the building, where 13. 2. 3 applies, Amended to improve the performance of roofs and ceilings in order to achieve the equivalent of a 7 stars NatHERS energy rating for thermal performance under Deemed- to-Satisfy elemental provisions. A requirement to address thermal bridging in metal-framed roofs has also been added must be provided or applied in accordance with Clause 1.9. For the building, where 13. 2. 4 applies, Amended to align with roof light requirements in Volume One must be provided or applied in accordance with Clause 1.9. For the building, where 13. 2. 5 applies, Amended to improve the performance of walls in order to achieve the equivalent of a 7 stars NatHERS energy rating for thermal performance under Deemed-to-Satisfy elemental provisions. A requirement to address thermal bridging in metal-framed walls has also been added must be provided or applied in accordance with Clause 1.9. For the building, where 13. 2. 6 applies, Amended to improve the performance of floors and subfloor walls in order to achieve the equivalent of a 7 stars NatHERS energy rating for thermal performance under Deemed- to-Satisfy elemental provisions. A requirement to address thermal bridging in metal-framed floors has also been added must be provided or applied in accordance with Clause 1.9. For the building, where 13. 3 applies, Amended to improve the performance of external glazing in order to achieve the equivalent of a 7 stars NatHERS energy rating for thermal performance under Deemed- to-Satisfy elemental provisions must be provided or applied in accordance with Clause 1.9. For the building, where 13. 5 applies, Amended to include new ceiling fan requirements for climate zones 1, 2, 3 and 5 (Queensland and New South Wales only) must be provided or applied in accordance with Clause 1.9. For the building, where 13. 6 applies, A new part has been added containing provisions related to whole-of-home energy usage must be provided or applied in accordance with Clause 1.9. For the building, where 13. 7. 8 applies, Amended to include a minimum R-Value for swimming pool covers must be provided or applied in accordance with Clause 1.9. For the building, where Schedule 1-Definitions applies, Schedule 1-Definitions must be provided or applied in accordance with Clause 1.9.",1,1,"","","NCC 2022 Vol2","",0,"","","false","","NCC2022_Volume2_Tables_ClauseStyle.txt","2022"
"Vol2","H1","H","Table 1.9_5","table","Table 1.9_5","For the building, where Schedule 1 applies, Schedule 1 has been amended as part of the initiative to improve readability of the NCC. Schedule 1 - Definitions includes Abbreviations, Symbols and Glossary. States & Territory Appendices (formerly located in Schedule 1) have been incorporated into Schedule 3 to Schedule 11 must be provided or applied in accordance with Clause 1.9. For the building, where Abbreviations applies, Acrylic conformal coating (ACC) has been added must be provided or applied in accordance with Clause 1.9. For the building, where Abbreviations applies, Acrylic latex (ACL) has been added must be provided or applied in accordance with Clause 1.9. For the building, where Abbreviations applies, Australian Institute of Refrigeration, Air conditioning and Heating (AIRAH) has been added must be provided or applied in accordance with Clause 1.9. For the building, where Abbreviations applies, American National Standards Institute (ANSI) has been added must be provided or applied in accordance with Clause 1.9. For the building, where Abbreviations applies, American Society of Heating, Refrigerating and Air Conditioning Engineers (ASHRAE) has been added must be provided or applied in accordance with Clause 1.9. For the building, where Abbreviations applies, National Standard of Canada (CAN) has been added must be provided or applied in accordance with Clause 1.9. For the building, where Abbreviations applies, Chartered Institution of Building Services Engineer (CIBSE) has been added must be provided or applied in accordance with Clause 1.9. For the building, where Abbreviations applies, Flame zone (FZ) has been added must be provided or applied in accordance with Clause 1.9. For the building, where Abbreviations applies, Greenhouse and Energy Minimum Standards (GEMS) has been added must be provided or applied in accordance with Clause 1.9. For the building, where Abbreviations applies, Hot dip galvanising (HDG) has been added must be provided or applied in accordance with Clause 1.9. For the building, where Abbreviations applies, Inorganic zinc silicate (IZS) has been added must be provided or applied in accordance with Clause 1.9. For the building, where Abbreviations applies, NATA has been amended to include reference to Australia must be provided or applied in accordance with Clause 1.9. For the building, where Abbreviations applies, National Sanitation Foundation (NSF) has been added must be provided or applied in accordance with Clause 1.9. For the building, where Abbreviations applies, Polyurethane (PUR) has been added must be provided or applied in accordance with Clause 1.9. For the building, where Symbols applies, g/N. s has been added must be provided or applied in accordance with Clause 1.9. For the building, where Symbols applies, fc has been added must be provided or applied in accordance with Clause 1.9. For the building, where Symbols applies, fy has been added must be provided or applied in accordance with Clause 1.9. For the building, where Symbols applies, G has been added must be provided or applied in accordance with Clause 1.9. For the building, where Symbols applies, N/m has been added must be provided or applied in accordance with Clause 1.9. For the building, where Symbols applies, Q has been added must be provided or applied in accordance with Clause 1.9. For the building, where Symbols applies, ULS has been added must be provided or applied in accordance with Clause 1.9. For the building, where Glossary applies, A defined term, Above ground rainwater tank, has been added must be provided or applied in accordance with Clause 1.9. For the building, where Glossary applies, A defined term, Annual exceedance probability, has been added as a consequence of amendments to Part 7. 4 Gutters and downpipes of the ABCB Housing Provisions must be provided or applied in accordance with Clause 1.9. For the building, where Glossary applies, A defined term, Assumed cooling thermostat set point has been added as a consequence of quantification in J1P2 and H6P1 must be provided or applied in accordance with Clause 1.9. For the building, where Glossary applies, A defined term, Average recurrence interval, has been deleted as a consequence of amendments to Part 7. 4 Gutters and downpipes of the ABCB Housing Provisions must be provided or applied in accordance with Clause 1.9. For the building, where Glossary applies, A defined term, Bond breaker, has been added as a consequence of amendments to Part 10. 2 of the ABCB Housing Provisions must be provided or applied in accordance with Clause 1.9. For the building, where Glossary applies, A defined term, Building complexity criteria, has been added must be provided or applied in accordance with Clause 1.9. For the building, where Glossary applies, A defined term, Buried rainwater tank, has been added as a consequence of amendments to Specification 41 of Volume Three must be provided or applied in accordance with Clause 1.9. For the building, where Glossary applies, A defined term, Cooling degree hours has been added as a consequence of quantification in J1P2 and H6P1 must be provided or applied in accordance with Clause 1.9. For the building, where Glossary applies, A defined term, Daily outdoor temperature range has been added as a consequence of quantification in J1P2 and H6P1 must be provided or applied in accordance with Clause 1.9. For the building, where Glossary applies, A defined term, Dehumidification gram hours, has been added as a consequence of quantification in J1P2 and H6P1 must be provided or applied in accordance with Clause 1.9. For the building, where Glossary applies, A defined term, Design bushfire, has been added as a consequence of amendments to Part G5 must be provided or applied in accordance with Clause 1.9.",1,1,"","","NCC 2022 Vol2","",0,"","","false","","NCC2022_Volume2_Tables_ClauseStyle.txt","2022"
"Vol2","H1","H","Table 1.9_6","table","Table 1.9_6","For the building, where Glossary applies, The defined term, Domestic services, has been amended to include on-site renewable energy equipment as a result of quantification in J1P3 and H6P2 must be provided or applied in accordance with Clause 1.9. For the building, where Glossary applies, A defined term, Drainage flange, has been added as a consequence of amendments to Part 10. 2 of the ABCB Housing Provisions must be provided or applied in accordance with Clause 1.9. For the building, where Glossary applies, A defined term, Drainage riser, has been added as a consequence of amendments to Part 10. 2 of the ABCB Housing Provisions must be provided or applied in accordance with Clause 1.9. For the building, where Glossary applies, A defined term, Efficacy, has been added as a consequence of including quantified Performance Requirement H3P2 for automatic warning for occupants must be provided or applied in accordance with Clause 1.9. For the building, where Glossary applies, A defined term, Energy value, has been added as a consequence of quantification in J1P3 and H6P2 must be provided or applied in accordance with Clause 1.9. For the building, where Glossary applies, A defined term, Engaged pier, has been added as a consequence of amendments to Section 5 of the ABCB Housing Provisions must be provided or applied in accordance with Clause 1.9. For the building, where Glossary applies, A defined term, Fire actions, has been added as a consequence of amendments to Part G5 must be provided or applied in accordance with Clause 1.9. For the building, where Glossary applies, The defined term, Flashing, has been amended to clarify perimeter and vertical flashings as a consequence of amendments to Part 10. 2 of the ABCB Housing Provisions must be provided or applied in accordance with Clause 1.9. For the building, where Glossary applies, The defined term, Floor area, for Volume One, has been amended on account of new defined term Volume must be provided or applied in accordance with Clause 1.9. For the building, where Glossary applies, A defined term, Floor waste, has been added as a consequence of amendments to Part 10. 2 of the ABCB Housing Provisions must be provided or applied in accordance with Clause 1.9. For Class 2 b, where Glossary applies, The defined term, Glazing, has been amended as a consequence of the updates to the energy efficiency Deemed-to-Satisfy provisions for Class 2 buildings must be provided or applied in accordance with Clause 1.9. For the building, where Glossary applies, A defined term, Heating degree hours, has been added as a consequence of quantification in J1P2 and H6P1 must be provided or applied in accordance with Clause 1.9. For the building, where Glossary applies, A defined term, Hob, has been added as a consequence of amendments to Part 10. 2 of the ABCB Housing Provisions must be provided or applied in accordance with Clause 1.9. For the building, where Glossary applies, A defined term Irrigation system, has been added as a consequence of amendments to S41C2 in Volume Three must be provided or applied in accordance with Clause 1.9. For the building, where Glossary applies, A defined term, Lateral support, has been added as a consequence of amendments to Part 5. 3 of the ABCB Housing Provisions must be provided or applied in accordance with Clause 1.9. For the building, where Glossary applies, A defined term, Main water heater has been added as a consequence of including new whole-of-home energy efficiency requirements must be provided or applied in accordance with Clause 1.9. For the building, where Glossary applies, A defined term, Main space conditioning has been added as a consequence of including new whole-of-home energy efficiency requirements must be provided or applied in accordance with Clause 1.9. For the building, where Glossary applies, A defined term, Maximum retained water level, has been added as a consequence of amendments to Part 10. 2 of the ABCB Housing Provisions must be provided or applied in accordance with Clause 1.9. For the building, where Glossary applies, A defined term, Membrane, has been added as a consequence of amendments to Part 10. 2 of the ABCB Housing Provisions must be provided or applied in accordance with Clause 1.9. For The defined term, NABERS Energy for Offices has been amended to be NABERS Energy to reflect its use for multiple building classifications., where Glossary applies, The defined term, NABERS Energy for Offices has been amended to be NABERS Energy to reflect its use for multiple building classifications must be provided or applied in accordance with Clause 1.9. For the building, where Glossary applies, The defined term, Performance-based design brief has been amended for clarity must be provided or applied in accordance with Clause 1.9. For the building, where Glossary applies, The defined term, Point of connection, has been amended for clarity must be provided or applied in accordance with Clause 1.9. For the building, where Glossary applies, A defined term, Preformed shower base, has been added as a consequence of amendments to Part 10. 2 of the ABCB Housing Provisions must be provided or applied in accordance with Clause 1.9. For the building, where Glossary applies, A defined term, Primary insulation layer, has been added as a consequence of amendments to condensation management provisions must be provided or applied in accordance with Clause 1.9. For the building, where Glossary applies, The defined term, Rainwater harvesting system, has been amended to Rainwater service and Rainwater storage as a consequence of amendments to Part B6 of Volume Three must be provided or applied in accordance with Clause 1.9.",1,1,"","","NCC 2022 Vol2","",0,"","","false","","NCC2022_Volume2_Tables_ClauseStyle.txt","2022"
"Vol2","H1","H","Table 1.9_7","table","Table 1.9_7","For the building, where Glossary applies, The defined term Reliability has been added as a consequence of including quantified Performance Requirements for automatic warning for occupants must be provided or applied in accordance with Clause 1.9. For the building, where Glossary applies, The defined term Reference building has been amended to remove reference to Thermal comfort levels and as a consequence of the introduction of J1V5 must be provided or applied in accordance with Clause 1.9. For the building, where Glossary applies, A defined term, Screed, has been added as a consequence of amendments to Part 10. 2 of the ABCB Housing Provisions must be provided or applied in accordance with Clause 1.9. For the building, where Glossary applies, The defined term, Shower area, has been amended to clarify enclosed and unenclosed shower areas as a consequence of amendments to Part 10. 2 of the ABCB Housing Provisions must be provided or applied in accordance with Clause 1.9. For the building, where Glossary applies, A defined term, Shower screen, has been added as a consequence of amendments to Part 10. 2 of the ABCB Housing Provisions must be provided or applied in accordance with Clause 1.9. For the building, where Glossary applies, A defined term, Thermal energy load, has been added as a consequence of quantification in J1P2 and H6P1 must be provided or applied in accordance with Clause 1.9. For the building, where Glossary applies, The defined term Total R-Value in the ABCB Housing Provisions has been amended to align with Volume One must be provided or applied in accordance with Clause 1.9. For the building, where Glossary applies, The defined term Total System U-Value in the ABCB Housing Provisions has been amended to align with Volume One must be provided or applied in accordance with Clause 1.9. For the building, where Glossary applies, A defined term Unprotected water service, has been added as a consequence of introducing new provision for unprotected water service - B5D5 of Volume Three must be provided or applied in accordance with Clause 1.9. For the building, where Glossary applies, A defined term, Vapour permeance, has been added as a consequence of amendments to the condensation management provisions must be provided or applied in accordance with Clause 1.9. For the building, where Glossary applies, A defined term, Volume, has been added to clarify the volume space with respect to a building, fire compartment and atrium must be provided or applied in accordance with Clause 1.9. For the building, where Glossary applies, A defined term, Waterproofing system, has been added as a consequence of amendments to Part 10. 2 of the ABCB Housing Provisions must be provided or applied in accordance with Clause 1.9. For the building, where Glossary applies, A defined term, Water stop, has been added as a consequence of amendments to Part 10. 2 of the ABCB Housing Provisions must be provided or applied in accordance with Clause 1.9. For the building, where Glossary applies, A defined term, Weighted average, has been added as a consequence of amendments to A5G4 must be provided or applied in accordance with Clause 1.9. For the building, where Glossary applies, A defined term, Wetted surface area, has been added to provide clarification to the defined term Weighted average must be provided or applied in accordance with Clause 1.9. For the building, where Schedule 2-Referenced documents applies, Schedule 2-Referenced documents must be provided or applied in accordance with Clause 1.9. For the building, where AS/NZS 1170. 2 applies, The 2021 edition of AS/NZS 1170 Part 2 Structural design actions - Wind actions has been referenced must be provided or applied in accordance with Clause 1.9. For the building, where AS 1288 applies, The 2021 edition of AS 1288 Glass in buildings - Selection and installation has been referenced must be provided or applied in accordance with Clause 1.9. For the building, where AS 1397 applies, The 2021 edition of AS 1397 Continuous hot-dip metallic coated steel sheet and strip - Coatings of zinc and zinc alloyed with aluminium and magnesium has been referenced. A note has been included to outline transitional arrangements must be provided or applied in accordance with Clause 1.9. For the building, where AS 1530 Parts 1 to 4 applies, The notes to AS 1530 Parts 1 to 4 have been deleted must be provided or applied in accordance with Clause 1.9. For the building, where AS 1530. 8. 1 applies, The 2018 edition of AS 1530 Part 8. 1 Methods for fire tests on building materials, components and structures - Tests on elements of construction for buildings exposed to simulated bushfire attack - Radiant heat and small flaming sources has been referenced must be provided or applied in accordance with Clause 1.9. For the building, where AS/NZS 1546. 1 applies, The 2008 edition of AS/NZS 1546 Part 1 On-site domestic wastewater treatment units - Septic tanks has been referenced must be provided or applied in accordance with Clause 1.9. For the building, where AS/NZS 1546. 2 applies, The 2008 edition of AS/NZS 1546 Part 2 On-site domestic wastewater treatment units - Waterless composting toilets has been referenced must be provided or applied in accordance with Clause 1.9. For the building, where AS 1546. 3 applies, Amdt 1 of the 2017 edition of AS 1546 Part 3 On-site domestic wastewater treatment units - Secondary treatment systems (incorporating amendment 1) has been referenced must be provided or applied in accordance with Clause 1.9.",1,1,"","","NCC 2022 Vol2","",0,"","","false","","NCC2022_Volume2_Tables_ClauseStyle.txt","2022"
"Vol2","H1","H","Table 1.9_8","table","Table 1.9_8","For the building, where AS 1546. 4 applies, The 2016 edition of AS 1546 Part 4 On-site domestic wastewater treatment units - Domestic greywater treatment systems has been referenced must be provided or applied in accordance with Clause 1.9. For the building, where AS/NZS 1547 applies, The 2012 edition of AS/NZS 1547 On-site domestic wastewater management has been referenced must be provided or applied in accordance with Clause 1.9. For the building, where AS/NZS 1562. 2 applies, The 1999 edition of AS/NZS 1562 Part 2 Design and installation of sheet roof and wall cladding - Corrugated fibre-reinforced cement has been deleted must be provided or applied in accordance with Clause 1.9. For the building, where AS 1562. 3 applies, The 2006 edition of AS 1562 Part 3 Design and installation of sheet roof and wall cladding - Plastic has been referenced must be provided or applied in accordance with Clause 1.9. For the building, where AS 1670. 1 applies, Amdt 1 of the 2018 edition AS 1670 Part 1 Fire detection, warning, control and intercom systems - System design, installation and commissioning - Fire (incorporating amendment 1) has been referenced. Notes to AS 1670 have been amended to outline transitional arrangements must be provided or applied in accordance with Clause 1.9. For the building, where AS 1670. 3 applies, Amdt 1 of the 2018 edition AS 1670 Part 3 Fire detection, warning, control and intercom systems - System design, installation and commissioning - Fire alarm monitoring (incorporating amendment 1) has been referenced. Notes to AS 1670 have been amended to outline transitional arrangements must be provided or applied in accordance with Clause 1.9. For the building, where AS 1670. 4 applies, Amdt 1 of the 2018 edition AS 1670 Part 4 Fire detection, warning, control and intercom systems - System design, installation and commissioning - Emergency warning and intercom systems (incorporating amendment 1) has been referenced. Notes to AS 1670 have been amended to outline transitional arrangements must be provided or applied in accordance with Clause 1.9. For the building, where AS 1684. 2 applies, The 2021 edition of AS 1684 Part 2 Residential timber-framed construction - Non- cyclonic areas has been referenced must be provided or applied in accordance with Clause 1.9. For the building, where AS 1684. 3 applies, The 2021 edition of AS 1684 Part 3 Residential timber-framed construction -Cyclonic areas has been referenced must be provided or applied in accordance with Clause 1.9. For the building, where AS/NZS 1720. 4 applies, The 2019 edition of AS/NZS 1720 Part 4 Timber structures - Fire resistance of timber elements has been referenced must be provided or applied in accordance with Clause 1.9. For the building, where AS 1720. 5 applies, Amdt 1 of the 2015 edition of AS 1720 Part 5 Timber structures -Nailplated timber roof trusses (incorporating amendment 1) has been referenced must be provided or applied in accordance with Clause 1.9. For the building, where AS/NZS 1859. 4 applies, The note to AS/NZS 1859 Part 4 has been deleted must be provided or applied in accordance with Clause 1.9. For the building, where AS 2118. 1 applies, Amdt 2 of the 2017 edition of AS 2118 Part 1 Automatic fire sprinkler systems - General systems (incorporating amendments 1 and 2) has been referenced must be provided or applied in accordance with Clause 1.9. For the building, where AS 2118. 4 applies, The 2012 edition of AS 2118 Part 4 Automatic fire sprinkler systems - Sprinkler protection for accommodation buildings not > four storeys in height must be provided or applied in accordance with Clause 1.9. For the building, where AS 2118. 5 applies, The 2008 edition of AS 2118 Part 5 Automatic fire sprinkler systems - Home fire sprinkler systems has been referenced must be provided or applied in accordance with Clause 1.9. For the building, where AS 2118. 6 applies, The 2012 edition of AS 2118 Part 6 Automatic fire sprinkler systems - Combined sprinkler and hydrant systems in multistorey buildings must be provided or applied in accordance with Clause 1.9. For the building, where AS/NZS 2293. 1 applies, Amdt 1 of the 2018 edition of AS/NZS 2293 Part 1 Emergency lighting and exit signs for buildings - System design, installation and operation (incorporating amendment 1) has been referenced must be provided or applied in accordance with Clause 1.9. For the building, where AS 2312. 1 applies, The 2014 edition of AS 2312 Part 1 Guide to the protection of structural steel against atmospheric corrosion by the use of protective coatings - Paint coatings has been referenced must be provided or applied in accordance with Clause 1.9. For the building, where AS/NZS 2312. 2 applies, The 2014 edition of AS 2312/NZS Part 2 Guide to the protection of structural steel against atmospheric corrosion by the use of protective coatings - Hot dip galvanizing has been referenced must be provided or applied in accordance with Clause 1.9. For the building, where AS/NZS 2327 applies, Amdt 1 of the 2017 edition of AS/NZS 2327 Composite structures - composite steel- concrete construction in buildings (incorporating amendment 1) has been referenced must be provided or applied in accordance with Clause 1.9. For the building, where AS 2419. 1 applies, The 2021 edition of AS 2419 Part 1 Fire hydrant installations - System design, installation and commissioning has been referenced must be provided or applied in accordance with Clause 1.9.",1,1,"","","NCC 2022 Vol2","",0,"","","false","","NCC2022_Volume2_Tables_ClauseStyle.txt","2022"
"Vol2","H1","H","Table 1.9_9","table","Table 1.9_9","For the building, where AS 2699. 1 applies, The 2020 edition of AS 2699 Part 1 Built-in components for masonry construction - Wall ties has been referenced. A note has been included to outline transitional arrangements must be provided or applied in accordance with Clause 1.9. For the building, where AS 2699. 3 applies, The 2020 edition of AS 2699 Part 3 Built-in components for masonry construction - Lintels and shelf angles (durability requirements) has been referenced. A note has been included to outline transitional arrangements must be provided or applied in accordance with Clause 1.9. For the building, where AS/NZS 3500. 0 applies, The 2021 edition of AS 3500 Part 0 Plumbing and drainage - Glossary of terms has been referenced must be provided or applied in accordance with Clause 1.9. For the building, where AS/NZS 3500. 1 applies, The 2021 edition of AS 3500 Part 1 Plumbing and drainage - Water services has been referenced must be provided or applied in accordance with Clause 1.9. For the building, where AS/NZS 3500. 2 applies, Amdt 1 of the 2021 edition of AS 3500 Part 2 Plumbing and drainage - Sanitary plumbing and drainage (incorporating amendment 1) has been referenced must be provided or applied in accordance with Clause 1.9. For the building, where AS/NZS 3500. 3 applies, The 2021 edition of AS 3500 Part 3 Plumbing and drainage - Stormwater drainage has been referenced. A note has been included to outline transitional arrangements must be provided or applied in accordance with Clause 1.9. For the building, where AS/NZS 3500. 4 applies, The 2021 edition of AS 3500 Part 4 Plumbing and drainage - Heated water services has been referenced must be provided or applied in accordance with Clause 1.9. For the building, where AS 3600 applies, Amdt 2 of the 2018 edition of AS 3600 Concrete structures (incorporating amendments 1 and 2) has been referenced must be provided or applied in accordance with Clause 1.9. For the building, where AS 3740 applies, The 2021 edition of AS 3740 Waterproofing of domestic wet areas has been referenced must be provided or applied in accordance with Clause 1.9. For the building, where AS 3959 applies, Amdts 1 and 2 of the 2018 edition of AS 3959 Construction of buildings in bushfire- prone areas (incorporating amendments 1 and 2) has been referenced must be provided or applied in accordance with Clause 1.9. For the building, where AS 4055 applies, The 2021 edition of AS 4055 Wind loads for housing has been referenced must be provided or applied in accordance with Clause 1.9. For the building, where AS 4072. 1 applies, The note to AS 4072 Part 1 has been deleted must be provided or applied in accordance with Clause 1.9. For the building, where AS 4100 applies, The 2020 edition of AS 4100 Steel structures has been referenced must be provided or applied in accordance with Clause 1.9. For the building, where AS 4200. 1 applies, Amdt 1 of the 2017 edition of AS 4200 Part 1 Pliable building membranes and underlays - Materials (incorporating amendment 1) has been referenced must be provided or applied in accordance with Clause 1.9. For the building, where AS 4200. 2 applies, Amdts 1 and 2 of the 2017 edition of AS 4200 Part 2 Pliable building membranes and underlays - Installation (incorporating amendments 1 and 2) has been referenced must be provided or applied in accordance with Clause 1.9. For the building, where AS/NZS 4234 applies, The 2021 edition of AS/NZS 4234 Heated water systems - Calculation of energy consumption has been referenced must be provided or applied in accordance with Clause 1.9. For the building, where AS 4254. 1 applies, The 2021 edition of AS 4254 Part 1 Ductwork for air-handling systems in buildings - Flexible duct has been referenced must be provided or applied in accordance with Clause 1.9. For the building, where AS/NZS 4256. 1 applies, The 1994 edition of AS/NZS 4256 Part 1 Plastic roof and wall cladding materials - General requirements has been deleted must be provided or applied in accordance with Clause 1.9. For the building, where AS/NZS 4256. 2 applies, The 1994 edition of AS/NZS 4256 Part 2 Plastic roof and wall cladding materials - Unplasticized polyvinyl chloride (uPVC) building sheets has been deleted must be provided or applied in accordance with Clause 1.9. For the building, where AS/NZS 4256. 3 applies, The 1994 edition of AS/NZS 4256 Part 3 Plastic roof and wall cladding materials - Glass fibre reinforced polyester (GRP) has been deleted must be provided or applied in accordance with Clause 1.9. For the building, where AS/NZS 4256. 5 applies, The 1996 edition of AS/NZS 4256 Part 5 Plastic roof and wall cladding materials - Polycarbonate has been deleted must be provided or applied in accordance with Clause 1.9. For the building, where AS 4773. 2 applies, Amdt 1 of the 2015 edition of AS 4773 Part 2 Masonry in small buildings - Construction has been referenced must be provided or applied in accordance with Clause 1.9. For the building, where AS/NZS 4858 applies, The 2004 edition of AS/NZS 4858 Wet area membranes has been referenced must be provided or applied in accordance with Clause 1.9. For the building, where AS 5146. 3 applies, The 2018 edition of AS 5146 Part 3 Reinforced Autoclaved Aerated Concrete - Construction has been referenced must be provided or applied in accordance with Clause 1.9. For the building, where AS 5216 applies, The 2021 edition of AS 5216 Design of post-installed and cast-in fastenings in concrete has been referenced must be provided or applied in accordance with Clause 1.9. For the building, where AS/NZS 5601. 1 applies, The 2013 edition of AS/NZS 5601 Part 1 Gas installations - General installations has been referenced must be provided or applied in accordance with Clause 1.9.",1,1,"","","NCC 2022 Vol2","",0,"","","false","","NCC2022_Volume2_Tables_ClauseStyle.txt","2022"
"Vol2","H1","H","Table 1.9_10","table","Table 1.9_10","For the building, where AIRAH-DA07 applies, The 2021 edition of AIRAH-DA07 Criteria for moisture control design analysis in buildings has been referenced must be provided or applied in accordance with Clause 1.9. For the building, where ASTM E903 applies, The 2012 edition ofASTM E903 Standard Test Method for Solar Absorptance, Reflectance, and Transmittance of Materials Using Integrating Spheres has been deleted must be provided or applied in accordance with Clause 1.9. For the building, where ASTM E96 applies, The 2016 edition ofASTM E96 Standard Test Methods for Water Vapor Transmission of Materials has been referenced must be provided or applied in accordance with Clause 1.9. For the building, where ABCB applies, The 2022 version of the ABCB Fire Safety Verification Method Standard has been referenced. As a consequence, the FSVM is deleted as a standalone schedule must be provided or applied in accordance with Clause 1.9. For the building, where ABCB applies, The 2022 version of the ABCB Housing Provisions Standard has been referenced must be provided or applied in accordance with Clause 1.9. For the building, where ABCB applies, The 2022 version of the ABCB Livable Housing Design Standard has been referenced must be provided or applied in accordance with Clause 1.9. For the building, where ABCB applies, The 2022 version of the ABCB Standard for NatHERS Heating and Cooling Load Limits has been referenced must be provided or applied in accordance with Clause 1.9. For the building, where ABCB applies, The 2022 version of the ABCB Standard for Whole-of-home Efficiency Factors has been referenced must be provided or applied in accordance with Clause 1.9. For the building, where FPAA101D applies, The 2021 edition of FPAA101D Automatic Fire Sprinkler System Design and Installation - Drinking Water Supply has been referenced must be provided or applied in accordance with Clause 1.9. For the building, where FPAA101H applies, Amdt 1 of the 2018 edition of FPAA101H Automatic Fire Sprinkler System Design and Installation - Hydrant Water Supply (incorporating amendment 1) has been referenced must be provided or applied in accordance with Clause 1.9. For the building, where NASH Standard applies, The 2021 edition of NASH Standard Steel Framed Construction in Bushfire Areas has been referenced must be provided or applied in accordance with Clause 1.9. For the building, where NSF/ANSI/CAN 372 applies, The 2020 edition of NSF/ANS/CAN 372 Drinking Water System Components - Lead Content has been referenced must be provided or applied in accordance with Clause 1.9.",1,1,"","","NCC 2022 Vol2","",0,"","","false","","NCC2022_Volume2_Tables_ClauseStyle.txt","2022"
"Vol2","H1","H","Table 2.2.5_2","table","Table 2.2.5_2","For the building, where Part 3. 2; and Earthworks apply, the relevant requirement must be met in accordance with Specification 2.2.5. For the building, where 3. 2. 1 applies, Un-retained bulk earthworks - site cut and fill must be provided or applied in accordance with Specification 2.2.5. For the building, where Part 3. 3; and Drainage apply, the relevant requirement must be met in accordance with Specification 2.2.5. For the building, where 3. 3. 1 3. 3. 2 3. 3. 3 3. 3. 4 3. 3. 5 applies, Application Drainage requirements Surface water drainage Subsoil drainage Stormwater drainage must be provided or applied in accordance with Specification 2.2.5.",1,1,"","","NCC 2022 Vol2","",0,"","","false","","NCC2022_Volume2_Tables_ClauseStyle.txt","2022"
"Vol2","H1","H","Table 10","table","Table 10","For Class 1 b, where Type A: between a bathroom, sanitary compartment, laundry or kitchen and a habitable room (other than a kitchen) in an adjoining Class 1 building (dwelling) (see Figure NT 10. 7. 1a); and Yes apply, 50 must be provided or applied in accordance with Specification 3.4.1. For the building, where Type B: in all other cases to those listed as Type A (see Figure NT 10. 7. 1a); and No apply, 45 must be provided or applied in accordance with Specification 3.4.1. For the building, where A soil and waste pipe or other penetration that serves or passes through a separating wall between houses - if the adjacent room is a habitable room (other than a kitchen); and No apply, 45 must be provided or applied in accordance with Specification 3.4.1. For the building, where A soil and waste pipe or other penetration that serves or passes through a separating wall - if the room is a kitchen or any other room; and No apply, 30 must be provided or applied in accordance with Specification 3.4.1.",1,1,"","","NCC 2022 Vol2","",0,"","","false","","NCC2022_Volume2_Tables_ClauseStyle.txt","2022"
"Vol2","H1","H","Table 3.4.1_3","table","Table 3.4.1_3","For the building, where Bedroom - dwelling 1 applies, Bathroom - dwelling 2 must be provided or applied in accordance with Specification 3.4.1. For the building, where Bedroom - dwelling 1 applies, Bathroom - dwelling 2 must be provided or applied in accordance with Specification 3.4.1.",1,1,"","","NCC 2022 Vol2","",0,"","","false","","NCC2022_Volume2_Tables_ClauseStyle.txt","2022"
"Vol2","H1","H","Table 3.4.1_14","table","Table 3.4.1_14","For the building, where the relevant conditions applies, Internal floor must be provided or applied in accordance with Specification 3.4.1.",1,1,"","","NCC 2022 Vol2","",0,"","","false","","NCC2022_Volume2_Tables_ClauseStyle.txt","2022"
"Vol2","H1","H","Table 3.4.1_15","table","Table 3.4.1_15","For Class 10a, where Class 10a garage applies, Class 1 ground floor must be provided or applied in accordance with Specification 3.4.1.",1,1,"","","NCC 2022 Vol2","",0,"","","false","","NCC2022_Volume2_Tables_ClauseStyle.txt","2022"
"Vol2","H1","H","Table 3.4.1_16","table","Table 3.4.1_16","For Class 10a, where Class 10a garage applies, Class 1 ground floor must be provided or applied in accordance with Specification 3.4.1.",1,1,"","","NCC 2022 Vol2","",0,"","","false","","NCC2022_Volume2_Tables_ClauseStyle.txt","2022"
"Vol2","H1","H","Table 3.4.1_22","table","Table 3.4.1_22","For the building, where Concrete slab on ground complying with AS 2870: Slab perimeter; and Suitable subject to 3. 4. 1(4); and Not suitable; and Component; or full system subject to 3. 4. 1(4); and Component; or full system subject to 3. 4. 1(4) apply, Perimeter system subject to 3. 4. 1(4) and (6) must be provided or applied in accordance with Specification 3.4.1. For the building, where Concrete slab on ground not complying with AS 2870: Beneath slab (includes penetrations and control joints); and Not suitable; and Not suitable; and Full system subject to 3. 4. 1(4); and Full system subject to 3. 4. 1(4) apply, Full system beneath slab subject to 3. 4. 1(4) and (5) must be provided or applied in accordance with Specification 3.4.1. For the building, where Concrete slab on ground not complying with AS 2870: Slab perimeter; and Suitable subject to 3. 4. 1(4); and Not suitable; and Full system subject to 3. 4. 1(4); and Full system subject to 3. 4. 1(4) apply, Perimeter system subject to 3. 4. 1(4) and (6) must be provided or applied in accordance with Specification 3.4.1. For the building, where Suspended floors; and Not applicable; and Suitable subject to 3. 4. 1(4); and Suitable subject to 3. 4. 1(4); and Component; or full system subject to 3. 4. 1(4) apply, Full system subject to 3. 4. 1(4) must be provided or applied in accordance with Specification 3.4.1.",1,1,"","","NCC 2022 Vol2","",0,"","","false","","NCC2022_Volume2_Tables_ClauseStyle.txt","2022"
"Vol2","H1","H","Table 3.4.1_27","table","Table 3.4.1_27","For the building, where Schedule 1 Schedule 2 applies, Definitions Referenced documents must be provided or applied in accordance with Specification 3.4.1.",1,1,"","","NCC 2022 Vol2","",0,"","","false","","NCC2022_Volume2_Tables_ClauseStyle.txt","2022"
"Vol2","H1","H","Table 3.4.2_2","table","Table 3.4.2_2","For the building, where Concrete slab-on-ground: penetrations/control joints/area beneath the slab (see Note) applies, Sheet material must be provided or applied in accordance with Specification 3.4.2. For the building, where Concrete slab-on-ground: penetrations/control joints/area beneath the slab (see Note) applies, Granular material must be provided or applied in accordance with Specification 3.4.2. For the building, where Concrete slab-on-ground: penetrations/control joints/area beneath the slab (see Note) applies, Chemical must be provided or applied in accordance with Specification 3.4.2. For the building, where Suspended floors applies, Sheet material must be provided or applied in accordance with Specification 3.4.2. For the building, where Suspended floors applies, Granular material must be provided or applied in accordance with Specification 3.4.2. For the building, where Suspended floors applies, Chemical must be provided or applied in accordance with Specification 3.4.2. For the building, where Attachments to buildings applies, Termite management system to the attachment must be provided or applied in accordance with Specification 3.4.2. For the building, where Attachments to buildings applies, Inspection zone between attachment and building must be provided or applied in accordance with Specification 3.4.2.",1,1,"","","NCC 2022 Vol2","",0,"","","false","","NCC2022_Volume2_Tables_ClauseStyle.txt","2022"
"Vol2","H1","H","Table 4.2.13_4","table","Table 4.2.13_4","For the building, where Floor load area (m2); and Dimension (mm); and 0; and 6 apply, 12 must be provided or applied in accordance with Specification 4.2.13. For the building, where 12; and Pad footing depth; and 350; and 350 apply, 350 must be provided or applied in accordance with Specification 4.2.13.",1,1,"","","NCC 2022 Vol2","",0,"","","false","","NCC2022_Volume2_Tables_ClauseStyle.txt","2022"
"Vol2","H1","H","Table 4.2.13_6","table","Table 4.2.13_6","For the building, where Stump material; and Section size (mm); and Floor load area (m2); and 0; and 6 apply, 12 must be provided or applied in accordance with Specification 4.2.13. For the building, where Timber F5; and 100 x 100; and 8; and 1250; and 750 apply, - must be provided or applied in accordance with Specification 4.2.13. For the building, where Timber F5; and 100 x 100; and 12; and -; and - apply, - must be provided or applied in accordance with Specification 4.2.13.",1,1,"","","NCC 2022 Vol2","",0,"","","false","","NCC2022_Volume2_Tables_ClauseStyle.txt","2022"
"Vol2","H1","H","Table 4.2.13_8","table","Table 4.2.13_8","For the building, where Stump material; and Section size (mm); and Floor load area (m2); and 0; and 6 apply, 12 must be provided or applied in accordance with Specification 4.2.13. For the building, where Timber F5; and 100 x 100; and 12; and -; and - apply, - must be provided or applied in accordance with Specification 4.2.13.",1,1,"","","NCC 2022 Vol2","",0,"","","false","","NCC2022_Volume2_Tables_ClauseStyle.txt","2022"
"Vol2","H1","H","Table 4.2.17_3","table","Table 4.2.17_3","For the building, where Articulated full masonry; and Framed apply, Masonry veneer must be provided or applied in accordance with Specification 4.2.17.",1,1,"","","NCC 2022 Vol2","",0,"","","false","","NCC2022_Volume2_Tables_ClauseStyle.txt","2022"
"Vol2","H1","H","Table 5","table","Table 5","For the building, where Direction; and 450 mm wall stud spacing apply, 600 mm wall stud spacing must be provided or applied in accordance with Specification 5.6.5. For the building, where Horizontal; and Maximum 450 mm apply, Maximum 600 mm must be provided or applied in accordance with Specification 5.6.5. For the building, where Vertical; and Maximum 600 mm apply, Maximum 400 mm must be provided or applied in accordance with Specification 5.6.5.",1,1,"","","NCC 2022 Vol2","",0,"","","false","","NCC2022_Volume2_Tables_ClauseStyle.txt","2022"
"Vol2","H1","H","Table 6","table","Table 6","For the building, where A; and 2000 apply, 1000 must be provided or applied in accordance with Specification 6.2.1. For the building, where B; and 4000 apply, 2000 must be provided or applied in accordance with Specification 6.2.1. For the building, where C; and 6000 apply, 3000 must be provided or applied in accordance with Specification 6.2.1.",1,1,"","","NCC 2022 Vol2","",0,"","","false","","NCC2022_Volume2_Tables_ClauseStyle.txt","2022"
"Vol2","H1","H","Table 6.3.9_3","table","Table 6.3.9_3","For the building, where Environment; and Location; and Option 1 (hot dip galvanising); and Option 2 (duplex system). See Table 6. 3. 9c apply, Option 3 (paint). See Table 6. 3. 9b must be provided or applied in accordance with Specification 6.3.9. For the building, where Medium (mild steel corrosion rate 25 to 50 m/year); and Typically more than 1 km from breaking surf or aggressive industrial areas or more than 50 m from sheltered bays; and HDG225; and - apply, ACL3, ACC4, ACC5, IZS1, PUR3, PUR4 must be provided or applied in accordance with Specification 6.3.9. For the building, where High (mild steel corrosion rate 50 to 80 m/year); and Typically more than 200 m from breaking surf or aggressive industrial areas or within 50 m from sheltered bays; and HDG450; and HDG150 (5 years) 4D (10-15 years) or HDG300 (10 years) 2D (5-10 years) apply, ACC6, IZS3, PUR5 must be provided or applied in accordance with Specification 6.3.9. For the building, where Very High (mild steel corrosion rate 80 to 200 m/year); and Typically extends from 100 m inland from breaking surfto 200 m inland from breaking surf, or within 200 m of aggressive industrial areas and within 100 m of breaking surf.; and HDG900; and HDG300 (5 years) 5D (10-15 years) or HDG600 (10 years) 4D (5-10 years) apply, ACC6 (C5-M only), PUR5 must be provided or applied in accordance with Specification 6.3.9.",1,1,"","","NCC 2022 Vol2","",0,"","","false","","NCC2022_Volume2_Tables_ClauseStyle.txt","2022"
"Vol2","H1","H","Table 6.3.3_2","table","Table 6.3.3_2","For the building, where Steel section; and 1. 8; and 2. 4; and 3. 0; and 3. 6 apply, 4. 2 must be provided or applied in accordance with Specification 6.3.3. For the building, where 250 UB 25. 7; and 8. 3; and 8. 0; and 7. 8; and 7. 6 apply, 7. 1 must be provided or applied in accordance with Specification 6.3.3. For the building, where 250 x 150 x 9 RHS; and 9. 3; and 9. 0; and 8. 8; and 8. 6 apply, 8. 4 must be provided or applied in accordance with Specification 6.3.3. For the building, where 250 x 150 x 5 RHS; and 8. 0; and 7. 8; and 7. 6; and 7. 1 apply, 6. 6 must be provided or applied in accordance with Specification 6.3.3. For the building, where 310 UB 32. 0; and 10. 0; and 9. 7; and 9. 4; and 9. 2 apply, 8. 6 must be provided or applied in accordance with Specification 6.3.3. For the building, where 125 x 75 x 2 RHS; and 2. 9; and 2. 6; and 2. 3; and 2. 2 apply, 2. 0 must be provided or applied in accordance with Specification 6.3.3. For the building, where 125 x 75 x 3 RHS; and 3. 5; and 3. 3; and 3. 2; and 2. 9 apply, 2. 7 must be provided or applied in accordance with Specification 6.3.3. For the building, where 150 x 50 x 2 RHS; and 3. 3; and 2. 9; and 2. 6; and 2. 4 apply, 2. 3 must be provided or applied in accordance with Specification 6.3.3. For the building, where 150 x 50 x 3 RHS; and 3. 7; and 3. 6; and 3. 4; and 3. 1 apply, 2. 9 must be provided or applied in accordance with Specification 6.3.3. For the building, where 100 TFB; and 2. 9; and 2, 8; and 2. 7; and 2. 5 apply, 2. 4 must be provided or applied in accordance with Specification 6.3.3. For the building, where 150 PFC; and 5. 2; and 5. 0; and 4. 9; and 4. 7 apply, 4. 6 must be provided or applied in accordance with Specification 6.3.3. For the building, where 180 PFC; and 6. 1; and 5. 9; and 5. 8; and 5. 6 apply, 5. 4 must be provided or applied in accordance with Specification 6.3.3. For the building, where 200 PFC; and 6. 8; and 6. 6; and 6. 4; and 6. 2 apply, 5. 9 must be provided or applied in accordance with Specification 6.3.3. For the building, where 250 PFC; and 8. 9; and 8. 6; and 8. 4; and 8. 2 apply, 8. 0 must be provided or applied in accordance with Specification 6.3.3. For the building, where 300 PFC; and 10. 4; and 10. 1; and 9. 8; and 9. 5 apply, 9. 3 must be provided or applied in accordance with Specification 6.3.3.",1,1,"","","NCC 2022 Vol2","",0,"","","false","","NCC2022_Volume2_Tables_ClauseStyle.txt","2022"
"Vol2","H1","H","Table 6.3.3_6","table","Table 6.3.3_6","For the building, where Steel section; and 1. 8; and 2. 4; and 3. 0; and 3. 6 apply, 4. 2 must be provided or applied in accordance with Specification 6.3.3. For the building, where 250 x 150 x 5 RHS; and 8. 8; and 7. 8; and 7. 1; and 6. 6 apply, 6. 1 must be provided or applied in accordance with Specification 6.3.3. For the building, where 310 UB 32. 0; and 11. 5; and 10. 2; and 9. 3; and 8. 5 apply, 8. 0 must be provided or applied in accordance with Specification 6.3.3. For the building, where 125 x 75 x 2 RHS; and 2. 7; and 2. 4; and 2. 2; and 2. 0 apply, 1. 9 must be provided or applied in accordance with Specification 6.3.3. For the building, where 125 x 75 x 3 RHS; and 3. 7; and 3. 3; and 3. 0; and 2. 7 apply, 2. 5 must be provided or applied in accordance with Specification 6.3.3. For the building, where 150 x 50 x 2 RHS; and 3. 1; and 2. 7; and 2. 4; and 2. 2 apply, 2. 1 must be provided or applied in accordance with Specification 6.3.3. For the building, where 150 x 50 x 3 RHS; and 3. 9; and 3. 4; and 3. 1; and 2. 9 apply, 2. 7 must be provided or applied in accordance with Specification 6.3.3. For the building, where 100 TFB; and 3. 2; and 2. 8; and 2. 5; and 2. 3 apply, 2. 2 must be provided or applied in accordance with Specification 6.3.3. For the building, where 150 PFC; and 6. 1; and 5. 4; and 4. 9; and 4. 5 apply, 4. 2 must be provided or applied in accordance with Specification 6.3.3. For the building, where 180 PFC; and 7. 2; and 6. 4; and 5. 8; and 5. 4 apply, 5. 0 must be provided or applied in accordance with Specification 6.3.3. For the building, where 200 PFC; and 8. 0; and 7. 1; and 6. 4; and 5. 9 apply, 5. 5 must be provided or applied in accordance with Specification 6.3.3. For the building, where 250 PFC; and 10. 9; and 9. 7; and 8. 8; and 8. 1 apply, 7. 6 must be provided or applied in accordance with Specification 6.3.3. For the building, where 300 PFC; and 12. 5; and 11. 2; and 10. 1; and 9. 4 apply, 8. 7 must be provided or applied in accordance with Specification 6.3.3.",1,1,"","","NCC 2022 Vol2","",0,"","","false","","NCC2022_Volume2_Tables_ClauseStyle.txt","2022"
"Vol2","H1","H","Table 6.3.4_2","table","Table 6.3.4_2","For the building, where 250 UB 31. 4; and 250 UB 31. 4; and 6. 8; and 6. 8; and 6. 5; and 6. 5 apply, 6. 2 must be provided or applied in accordance with Specification 6.3.4. For the building, where 310 UB 46. 2; and 310 UB 46. 2; and 8. 9; and 8. 9; and 8. 5; and 8. 5 apply, 8. 1 must be provided or applied in accordance with Specification 6.3.4. For the building, where 100 TFB; and 100 TFB; and 2. 0; and 2. 0; and 2. 0; and 2. 0 apply, 1. 9 must be provided or applied in accordance with Specification 6.3.4. For the building, where 150 PFC; and 150 PFC; and 4. 7; and 4. 7; and 4. 5; and 4. 5 apply, 4. 3 must be provided or applied in accordance with Specification 6.3.4. For the building, where 200 PFC; and 200 PFC; and 5. 5; and 5. 5; and 5. 3; and 5. 3 apply, 5. 0 must be provided or applied in accordance with Specification 6.3.4. For the building, where 250 PFC; and 250 PFC; and 7. 5; and 7. 5; and 7. 1; and 7. 1 apply, 6. 8 must be provided or applied in accordance with Specification 6.3.4. For the building, where 300 PFC; and 300 PFC; and 7. 8; and 7. 8; and 7. 5; and 7. 5 apply, 7. 1 must be provided or applied in accordance with Specification 6.3.4. For the building, where Table Notes (1) Load accounted for includes 0. 2 kPa permanent ceiling, 0. 4 kPa permanent roof, permanent member self-weight, 0. 25 kPa imposed roof, positive roof wind pressure of 0. 95 kPa and negative roof wind pressure of -1. 49 kPa. (2) Load combinations included are 1. 35G, 1. 2G + 1. 5Q, 1. 2G + WU + 0. 4Q, 0. 9G + WU for ULS and G + 0. 7Q, G + W (3) 0. 9G + WS for SLS with a maximum deflection of span/300. (4) Strutting beams are assumed to be partially restrained at both ends with no rotational restraint and are designed as members without full lateral restraint.; and Table Notes (1) Load accounted for includes 0. 2 kPa permanent ceiling, 0. 4 kPa permanent roof, permanent member self-weight, 0. 25 kPa imposed roof, positive roof wind pressure of 0. 95 kPa and negative roof wind pressure of -1. 49 kPa. (2) Load combinations included are 1. 35G, 1. 2G + 1. 5Q, 1. 2G + WU + 0. 4Q, 0. 9G + WU for ULS and G + 0. 7Q, G + W (3) 0. 9G + WS for SLS with a maximum deflection of span/300. (4) Strutting beams are assumed to be partially restrained at both ends with no rotational restraint and are designed as members without full lateral restraint.; and Table Notes (1) Load accounted for includes 0. 2 kPa permanent ceiling, 0. 4 kPa permanent roof, permanent member self-weight, 0. 25 kPa imposed roof, positive roof wind pressure of 0. 95 kPa and negative roof wind pressure of -1. 49 kPa. (2) Load combinations included are 1. 35G, 1. 2G + 1. 5Q, 1. 2G + WU + 0. 4Q, 0. 9G + WU for ULS and G + 0. 7Q, G + W (3) 0. 9G + WS for SLS with a maximum deflection of span/300. (4) Strutting beams are assumed to be partially restrained at both ends with no rotational restraint and are designed as members without full lateral restraint.; and Table Notes (1) Load accounted for includes 0. 2 kPa permanent ceiling, 0. 4 kPa permanent roof, permanent member self-weight, 0. 25 kPa imposed roof, positive roof wind pressure of 0. 95 kPa and negative roof wind pre... For the building, where Table 6. 3. 4b:; and Maximum combined strutting/hanging beam span - combined strutting/hanging beam supporting metal sheet roof and plasterboard ceiling - roof load area = 8 m2; and Maximum combined strutting/hanging beam span - combined strutting/hanging beam supporting metal sheet roof and plasterboard ceiling - roof load area = 8 m2; and Maximum combined strutting/hanging beam span - combined strutting/hanging beam supporting metal sheet roof and plasterboard ceiling - roof load area = 8 m2; and Maximum combined strutting/hanging beam span - combined strutting/hanging beam supporting metal sheet roof and plasterboard ceiling - roof load area = 8 m2; and Maximum combined strutting/hanging beam span - combined strutting/hanging beam supporting metal sheet roof and plasterboard ceiling - roof load area = 8 m2 apply, Maximum combined strutting/hanging beam span - combined strutting/hanging beam supporting metal sheet roof and plasterboard ceiling - roof load area = 8 m2 must be provided or applied in accordance with Specification 6.3.4. For the building, where Section; and Ceiling load width (m) 1. 8; and 3. 6 apply, the relevant requirement must be met in accordance with Specification 6.3.4. For the building, where 125 TFB; and 2. 6; and 2. 6 apply, 2. 5 must be provided or applied in accordance with Specification 6.3.4. For the building, where 150 UB 14. 0; and 2. 8; and 2. 7 apply, 2. 7 must be provided or applied in accordance with Specification 6.3.4. For the building, where 200 UB 18. 2; and 3. 6; and 3. 5 apply, 3. 4 must be provided or applied in accordance with Specification 6.3.4. For the building, where 250 UB 31. 4; and 5. 5; and 5. 4 apply, 5. 2 must be provided or applied in accordance with Specification 6.3.4. For the building, where 310 UB 46. 2; and 7. 3; and 7. 1 apply, 6. 9 must be provided or applied in accordance with Specification 6.3.4. For the building, where 100 TFB; and 1. 4; and 1. 4 apply, 1. 4 must be provided or applied in accordance with Specification 6.3.4. For the building, where 150 PFC; and 3. 7; and 3. 6 apply, 3. 5 must be provided or applied in accordance with Specification 6.3.4. For the building, where 200 PFC; and 4. 4; and 4. 3 apply, 4. 1 must be provided or applied in accordance with Specification 6.3.4. For the building, where 250 PFC; and 6. 0; and 5. 8 apply, 5. 7 must be provided or applied in accordance with Specification 6.3.4. For the building, where 300 PFC; and 6. 3; and 6. 2 apply, 6. 0 must be provided or applied in accordance with Specification 6.3.4. For the building, where Table Notes (1) Load accounted for includes 0. 2 kPa permanent ceiling, 0. 4 kPa permanent roof, permanent member self-weight, 0. 25 kPa imposed roof, positive roof wind pressure of 0. 95 kPa and negative roof wind pressure of -1. 49 kPa. (2) Load combinations included are 1. 35G, 1. 2G + 1. 5Q, 1. 2G + WU + 0. 4Q, 0. 9G + WU for ULS and G + 0. 7Q, G + W (3) 0. 9G + WS for SLS with a maximum deflection of span/300. (4) Strutting beams are assumed to be partially restrained at both ends with no rotational restraint and are designed as members without full lateral restraint.; and Table Notes (1) Load accounted for includes 0. 2 kPa permanent ceiling, 0. 4 kPa permanent roof, permanent member self-weight, 0. 25 kPa imposed roof, positive roof wind pressure of 0. 95 kPa and negative roof wind pressure of -1. 49 kPa. (2) Load combinations included are 1. 35G, 1. 2G + 1. 5Q, 1. 2G + WU + 0. 4Q, 0. 9G + WU for ULS and G + 0. 7Q, G + W (3) 0. 9G + WS for SLS with a maximum deflection of span/300. (4) Strutting beams are assumed to be partially restrained at both ends with no rotational restraint and are designed as members without full lateral restraint.; and Table Notes (1) Load accounted for includes 0. 2 kPa permanent ceiling, 0. 4 kPa permanent roof, permanent member self-weight, 0. 25 kPa imposed roof, positive roof wind pressure of 0. 95 kPa and negative roof wind pressure of -1. 49 kPa. (2) Load combinations included are 1. 35G, 1. 2G + 1. 5Q, 1. 2G + WU + 0. 4Q, 0. 9G + WU for ULS and G + 0. 7Q, G + W (3) 0. 9G + WS for SLS with a maximum deflection of span/300. (4) Strutting beams are assumed to be partially restrained at both ends with no rotational restraint and are designed as members without full lateral restraint.; and Table Notes (1) Load accounted for includes 0. 2 kPa permanent ceiling, 0. 4 kPa permanent roof, permanent member self-weight, 0. 25 kPa imposed roof, positive roof wind pressure of 0. 95 kPa and negative roof wind pre...",1,1,"","","NCC 2022 Vol2","",0,"","","false","","NCC2022_Volume2_Tables_ClauseStyle.txt","2022"
"Vol2","H1","H","Table 6.3.5_4","table","Table 6.3.5_4","For the building, where Section; and 0; and 1. 8 apply, 3. 6 must be provided or applied in accordance with Specification 6.3.5. For the building, where 125 x 75 x 6 UA; and 1. 3; and 1. 0 apply, 1. 0 must be provided or applied in accordance with Specification 6.3.5. For the building, where 150 x 100 x 10 UA; and 2. 5; and 2. 0 apply, 2. 0 must be provided or applied in accordance with Specification 6.3.5.",1,1,"","","NCC 2022 Vol2","",0,"","","false","","NCC2022_Volume2_Tables_ClauseStyle.txt","2022"
"Vol2","H1","H","Table 6.3.6_2","table","Table 6.3.6_2","For the building, where Column section; and Effective height (mm); and 4; and 10 apply, 16 must be provided or applied in accordance with Specification 6.3.6. For the building, where CHS 250; and 3600; and 60. 3 x 5. 4 CHS; and 88. 9 x 5 CHS apply, 114. 3 x 5. 4 CHS must be provided or applied in accordance with Specification 6.3.6. For the building, where CHS 350; and 2400; and 60. 3 x 2. 9 CHS; and 88. 9 x 3. 2 CHS apply, 114. 3 x 3. 2 CHS must be provided or applied in accordance with Specification 6.3.6. For the building, where CHS 350; and 2700; and 60. 3 x 2. 9 CHS; and 88. 9 x 3. 2 CHS apply, 114. 3 x 3. 2 CHS must be provided or applied in accordance with Specification 6.3.6. For the building, where CHS 350; and 3000; and 60. 3 x 2. 9 CHS; and 88. 9 x 3. 2 CHS apply, 114. 3 x 3. 2 CHS must be provided or applied in accordance with Specification 6.3.6. For the building, where CHS 350; and 3300; and 76. 1 x 2. 3 CHS; and 88. 9 x 3. 2 CHS apply, 114. 3 x 3. 2 CHS must be provided or applied in accordance with Specification 6.3.6. For the building, where CHS 350; and 3600; and 76. 1 x 2. 3 CHS; and 101. 6 x 2. 6 CHS apply, 114. 3 x 3. 2 CHS must be provided or applied in accordance with Specification 6.3.6. For the building, where SHS 350; and 2400; and 65 x 65 x 2 SHS; and 89 x 89 x 3. 5 SHS apply, 100 x 100 x 4 SHS must be provided or applied in accordance with Specification 6.3.6. For the building, where SHS 350; and 2700; and 65 x 65 x 2 SHS; and 89 x 89 x 3. 5 SHS apply, 100 x 100 x 4 SHS must be provided or applied in accordance with Specification 6.3.6. For the building, where SHS 350; and 3000; and 65 x 65 x 2 SHS; and 89 x 89 x 3. 5 SHS apply, 100 x 100 x 4 SHS must be provided or applied in accordance with Specification 6.3.6. For the building, where SHS 350; and 3300; and 65 x 65 x 2 SHS; and 89 x 89 x 3. 5 SHS apply, 100 x 100 x 4 SHS must be provided or applied in accordance with Specification 6.3.6. For the building, where SHS 350; and 3600; and 65 x 65 x 2. 5 SHS; and 89 x 89 x 3. 5 SHS apply, 100 x 100 x 4 SHS must be provided or applied in accordance with Specification 6.3.6. For the building, where SHS 450; and 2400; and 50 x 50 x 2 SHS; and 89 x 89 x 3. 5 SHS apply, 100 x 100 x 3 SHS must be provided or applied in accordance with Specification 6.3.6. For the building, where SHS 450; and 2700; and 65 x 65 x 2 SHS; and 89 x 89 x 3. 5 SHS apply, 100 x 100 x 3 SHS must be provided or applied in accordance with Specification 6.3.6. For the building, where SHS 450; and 3000; and 65 x 65 x 2 SHS; and 89 x 89 x 3. 5 SHS apply, 100 x 100 x 3 SHS must be provided or applied in accordance with Specification 6.3.6. For the building, where SHS 450; and 3300; and 65 x 65 x 2 SHS; and 89 x 89 x 3. 5 SHS apply, 100 x 100 x 3 SHS must be provided or applied in accordance with Specification 6.3.6. For the building, where SHS 450; and 3600; and 65 x 65 x 2 SHS; and 89 x 89 x 3. 5 SHS apply, 100 x 100 x 3 SHS must be provided or applied in accordance with Specification 6.3.6.",1,1,"","","NCC 2022 Vol2","",0,"","","false","","NCC2022_Volume2_Tables_ClauseStyle.txt","2022"
"Vol2","H1","H","Table 6.3.6_4","table","Table 6.3.6_4","For the building, where Column section; and Effective height (mm); and 4; and 10 apply, 16 must be provided or applied in accordance with Specification 6.3.6. For the building, where SHS 350; and 3300; and 89 x 89 x 3. 5 SHS; and 100 x 100 x 3 SHS apply, 100 x 100 x 4 SHS must be provided or applied in accordance with Specification 6.3.6. For the building, where SHS 350; and 3600; and 89 x 89 x 3. 5 SHS; and 100 x 100 x 3 SHS apply, 100 x 100 x 4 SHS must be provided or applied in accordance with Specification 6.3.6. For the building, where SHS 450; and 2400; and 75 x 75 x 2. 5 SHS; and 89 x 89 x 3. 5 SHS apply, 100 x 100 x 3 SHS must be provided or applied in accordance with Specification 6.3.6. For the building, where SHS 450; and 2700; and 75 x 75 x 2. 5 SHS; and 89 x 89 x 3. 5 SHS apply, 100 x 100 x 3 SHS must be provided or applied in accordance with Specification 6.3.6. For the building, where SHS 450; and 3000; and 75 x 75 x 2. 5 SHS; and 89 x 89 x 3. 5 SHS apply, 100 x 100 x 4 SHS must be provided or applied in accordance with Specification 6.3.6. For the building, where SHS 450; and 3300; and 75 x 75 x 2. 5 SHS; and 89 x 89 x 3. 5 SHS apply, 100 x 100 x 4 SHS must be provided or applied in accordance with Specification 6.3.6. For the building, where SHS 450; and 3600; and 75 x 75 x 2. 5 SHS; and 89 x 89 x 3. 5 SHS apply, 100 x 100 x 4 SHS must be provided or applied in accordance with Specification 6.3.6.",1,1,"","","NCC 2022 Vol2","",0,"","","false","","NCC2022_Volume2_Tables_ClauseStyle.txt","2022"
"Vol2","H1","H","Table 6.3.6_9","table","Table 6.3.6_9","For the building, where CHS 350; and 3000; and 88. 9 x 2. 6 CHS; and 88. 9 x 2. 6 CHS; and 101. 6 x 3. 2 CHS apply, 114. 3 x 3. 6 CHS must be provided or applied in accordance with Specification 6.3.6. For the building, where CHS 350; and 3300; and 88. 9 x 2. 6 CHS; and 88. 9 x 2. 6 CHS; and 101. 6 x 3. 2 CHS apply, 114. 3 x 3. 6 CHS must be provided or applied in accordance with Specification 6.3.6. For the building, where CHS 350; and 3600; and 88. 9 x 2. 6 CHS; and 88. 9 x 2. 6 CHS; and 101. 6 x 3. 2 CHS apply, 114. 3 x 3. 6 CHS must be provided or applied in accordance with Specification 6.3.6. For the building, where SHS 350; and 2400; and 89 x 89 x 3. 5 SHS; and 89 x 89 x 3. 5 SHS; and 100 x 100 x 3 SHS apply, 100 x 100 x 4 SHS must be provided or applied in accordance with Specification 6.3.6. For the building, where SHS 350; and 2700; and 89 x 89 x 3. 5 SHS; and 89 x 89 x 3. 5 SHS; and 100 x 100 x 3 SHS apply, 100 x 100 x 4 SHS must be provided or applied in accordance with Specification 6.3.6. For the building, where SHS 350; and 3000; and 89 x 89 x 3. 5 SHS; and 89 x 89 x 3. 5 SHS; and 100 x 100 x 3 SHS apply, 100 x 100 x 4 SHS must be provided or applied in accordance with Specification 6.3.6. For the building, where SHS 350; and 3300; and 89 x 89 x 3. 5 SHS; and 89 x 89 x 3. 5 SHS; and 100 x 100 x 3 SHS apply, 100 x 100 x 4 SHS must be provided or applied in accordance with Specification 6.3.6. For the building, where SHS 350; and 3600; and 89 x 89 x 3. 5 SHS; and 89 x 89 x 3. 5 SHS; and 100 x 100 x 3 SHS apply, 100 x 100 x 4 SHS must be provided or applied in accordance with Specification 6.3.6. For the building, where SHS 450; and 2400; and 75 x 75 x 2. 5 SHS; and 75 x 75 x 2. 5 SHS; and 89 x 89 x 3. 5 SHS apply, 100 x 100 x 3 SHS must be provided or applied in accordance with Specification 6.3.6. For the building, where SHS 450; and 2700; and 75 x 75 x 2. 5 SHS; and 75 x 75 x 2. 5 SHS; and 89 x 89 x 3. 5 SHS apply, 100 x 100 x 3 SHS must be provided or applied in accordance with Specification 6.3.6. For the building, where SHS 450; and 3000; and 75 x 75 x 2. 5 SHS; and 75 x 75 x 2. 5 SHS; and 89 x 89 x 3. 5 SHS apply, 100 x 100 x 3 SHS must be provided or applied in accordance with Specification 6.3.6. For the building, where SHS 450; and 3300; and 75 x 75 x 2. 5 SHS; and 75 x 75 x 2. 5 SHS; and 89 x 89 x 3. 5 SHS apply, 100 x 100 x 3 SHS must be provided or applied in accordance with Specification 6.3.6. For the building, where SHS 450; and 3600; and 75 x 75 x 2. 5 SHS; and 75 x 75 x 2. 5 SHS; and 89 x 89 x 3. 5 SHS apply, 100 x 100 x 3 SHS must be provided or applied in accordance with Specification 6.3.6. For the building, where Table Notes (1) Load accounted for includes 0. 53 kPa permanent floor, 1. 16 kN/m permanent wall, 0. 4 kPa permanent roof, permanent member self-weight, 1. 5 kPa or 1. 1 kN imposed floor and 0. 25 kPa imposed roof. (2) Load combinations included are 1. 35G and 1. 2G + 1. 5Q for ULS. (3) Columns are assumed to be simply-supported at both ends with an effective length factor of 1. (4) A maximum load eccentricity of 100 mm has been accounted for in the columns. (5) A roof load area of 0 must be used for columns not supporting roof loads. (6) The length of wall load allowed for is equal to the square root of the floor area.; and Table Notes (1) Load accounted for includes 0. 53 kPa permanent floor, 1. 16 kN/m permanent wall, 0. 4 kPa permanent roof, permanent member self-weight, 1. 5 kPa or 1. 1 kN imposed floor and 0. 25 kPa imposed roof. (2) Load combinations included are 1. 35G and 1. 2G + 1. 5Q for ULS. (3) Columns are assumed to be simply-supported at both ends with an effective length factor of 1. (4) A maximum load eccentricity of 100 mm has been accounted for in the columns. (5) A roof load area of 0 must be used for columns not supporting roof loads. (6) The length of wall load allowed for is equal to the square root of the floor area.; and Table Notes (1) Load accounted for includes 0. 53 kPa permanent floor, 1. 16 kN/m permanent wall, 0. 4 kPa permanent roof, permanent member self-weight, 1. 5 kPa or 1. 1 kN imposed floor and 0. 25 kPa imposed roof. (2) Load combinations included are 1. 35G and 1. 2G + 1. 5Q for ULS. (3) Columns are assumed to be simply-supported at both ends with an effective length factor of 1. (4) A maximum load eccentricity of 100 mm has been accounted for in the columns. (5) A roof load area of 0 must be used for columns not supporting roof loads. (6) The length of wall load allowed for is equal to the square root of the floor area.; and Table Notes (1) Load accounted for includes 0. 53 kPa permanent floor, 1. ... For the building, where Table 6. 3. 6g: Area supported by columns; and Table 6. 3. 6g: Area supported by columns; and Table 6. 3. 6g: Area supported by columns; and Table 6. 3. 6g: Area supported by columns; and Table 6. 3. 6g: Area supported by columns apply, Table 6. 3. 6g: Area supported by columns must be provided or applied in accordance with Specification 6.3.6. For the building, where Column descriptor (as shown in Figure 6. 3. 6a); and Column descriptor (as shown in Figure 6. 3. 6a); and Total area supported; and Total area supported apply, Total area supported must be provided or applied in accordance with Specification 6.3.6. For the building, where C1; and C1; and 0. 4L1 x 0. 4LA; and 0. 4L1 x 0. 4LA apply, 0. 4L1 x 0. 4LA must be provided or applied in accordance with Specification 6.3.6. For the building, where C2; and C2; and 0. 7(L1 + L2) x 0. 4LA; and 0. 7(L1 + L2) x 0. 4LA apply, 0. 7(L1 + L2) x 0. 4LA must be provided or applied in accordance with Specification 6.3.6. For the building, where C3; and C3; and 0. 4L1 x 0. 7(LA + LB); and 0. 4L1 x 0. 7(LA + LB) apply, 0. 4L1 x 0. 7(LA + LB) must be provided or applied in accordance with Specification 6.3.6. For the building, where C4; and C4; and 0. 7(L1 + L2) x 0. 7(LA + LB); and 0. 7(L1 + L2) x 0. 7(LA + LB) apply, 0. 7(L1 + L2) x 0. 7(LA + LB) must be provided or applied in accordance with Specification 6.3.6. For the building, where C5; and C5; and 0. 4L1 + 0. 4LC; and 0. 4L1 + 0. 4LC apply, 0. 4L1 + 0. 4LC must be provided or applied in accordance with Specification 6.3.6. For the building, where C6; and C6; and 0. 7(L1 + L2) x 0. 4LC; and 0. 7(L1 + L2) x 0. 4LC apply, 0. 7(L1 + L2) x 0. 4LC must be provided or applied in accordance with Specification 6.3.6. For the building, where Table Notes The total area supported equations marginally overestimate the total area to account for a difference between L1 and L2 by up to 30%.; and Table Notes The total area supported equations marginally overestimate the total area to account for a difference between L1 and L2 by up to 30%.; and Table Notes The total area supported equations marginally overestimate the total area to account for a difference between L1 and L2 by up to 30%.; and Table Notes The total area supported equations marginally overestimate the total area to account for a difference between L1 and L2 by up to 30%.; and Table Notes The total area supported equations marginally overestimate the total area to account for a difference between L1 and L2 by up to 30%. apply, Table Notes The total area supported equations marginally overestimate the total area to account for a difference between L1 and L2 by up to 30% must be provided or applied in accordance with Specification 6.3.6.",1,1,"","","NCC 2022 Vol2","",0,"","","false","","NCC2022_Volume2_Tables_ClauseStyle.txt","2022"
"Vol2","H1","H","Table 6.3.6_10","table","Table 6.3.6_10","For the building, where the relevant conditions applies, C4 must be provided or applied in accordance with Specification 6.3.6.",1,1,"","","NCC 2022 Vol2","",0,"","","false","","NCC2022_Volume2_Tables_ClauseStyle.txt","2022"
"Vol2","H1","H","Table 6.3.8_1","table","Table 6.3.8_1","For the building, where 1/4 span applies, the relevant requirement must be met in accordance with Specification 6.3.8.",1,1,"","","NCC 2022 Vol2","",0,"","","false","","NCC2022_Volume2_Tables_ClauseStyle.txt","2022"
"Vol2","H1","H","Table 7","table","Table 7","For the building, where Concealed fastener roofs; and Every rib apply, Rivets and self-drilling screws must be provided or applied in accordance with Specification 7.2.7. For the building, where Pierced fastener roofs; and Every second rib apply, Self-drilling screws or rivets must be provided or applied in accordance with Specification 7.2.7. For the building, where Corrugated roofs; and Every fourth rib apply, Self-drilling screws or rivets must be provided or applied in accordance with Specification 7.2.7.",1,1,"","","NCC 2022 Vol2","",0,"","","false","","NCC2022_Volume2_Tables_ClauseStyle.txt","2022"
"Vol2","H1","H","Table 7.4.3_6","table","Table 7.4.3_6","For the building, where NSW; and Newcastle; and 225 apply, 316 must be provided or applied in accordance with Specification 7.4.3. For the building, where NSW; and Orange; and 141 apply, 186 must be provided or applied in accordance with Specification 7.4.3. For the building, where NSW; and Sydney; and 201 apply, 262 must be provided or applied in accordance with Specification 7.4.3. For the building, where NSW; and Avalon, Sydney; and 210 apply, 287 must be provided or applied in accordance with Specification 7.4.3. For the building, where NSW; and Campbelltown, Sydney; and 166 apply, 223 must be provided or applied in accordance with Specification 7.4.3. For the building, where NSW; and Penrith, Sydney; and 178 apply, 240 must be provided or applied in accordance with Specification 7.4.3. For the building, where NSW; and Windsor, Sydney; and 175 apply, 234 must be provided or applied in accordance with Specification 7.4.3. For the building, where NSW; and Tweed Heads; and 252 apply, 332 must be provided or applied in accordance with Specification 7.4.3. For the building, where NSW; and Wollongong; and 218 apply, 311 must be provided or applied in accordance with Specification 7.4.3. For the building, where NT; and Alice Springs; and 165 apply, 239 must be provided or applied in accordance with Specification 7.4.3. For the building, where NT; and Darwin; and 233 apply, 274 must be provided or applied in accordance with Specification 7.4.3. For the building, where NT; and Katherine; and 216 apply, 250 must be provided or applied in accordance with Specification 7.4.3. For the building, where QLD; and Bamaga; and 252 apply, 298 must be provided or applied in accordance with Specification 7.4.3. For the building, where QLD; and Brisbane; and 236 apply, 306 must be provided or applied in accordance with Specification 7.4.3. For the building, where QLD; and Ipswich, Brisbane; and 211 apply, 278 must be provided or applied in accordance with Specification 7.4.3. For the building, where QLD; and Victoria Point, Brisbane; and 245 apply, 320 must be provided or applied in accordance with Specification 7.4.3. For the building, where QLD; and Bundaberg; and 266 apply, 339 must be provided or applied in accordance with Specification 7.4.3. For the building, where QLD; and Cairns; and 230 apply, 279 must be provided or applied in accordance with Specification 7.4.3. For the building, where QLD; and Cloncurry; and 219 apply, 278 must be provided or applied in accordance with Specification 7.4.3. For the building, where QLD; and Innisfail; and 248 apply, 302 must be provided or applied in accordance with Specification 7.4.3. For the building, where QLD; and Mackay; and 250 apply, 315 must be provided or applied in accordance with Specification 7.4.3. For the building, where QLD; and Mt Isa; and 201 apply, 262 must be provided or applied in accordance with Specification 7.4.3. For the building, where QLD; and Noosa Heads; and 258 apply, 332 must be provided or applied in accordance with Specification 7.4.3. For the building, where QLD; and Rockhampton; and 229 apply, 300 must be provided or applied in accordance with Specification 7.4.3. For the building, where QLD; and Toowoomba; and 203 apply, 268 must be provided or applied in accordance with Specification 7.4.3. For the building, where QLD; and Townsville; and 235 apply, 300 must be provided or applied in accordance with Specification 7.4.3. For the building, where QLD; and Weipa; and 238 apply, 281 must be provided or applied in accordance with Specification 7.4.3. For the building, where SA; and Adelaide; and 120 apply, 174 must be provided or applied in accordance with Specification 7.4.3. For the building, where SA; and Gawler, Adelaide; and 111 apply, 158 must be provided or applied in accordance with Specification 7.4.3. For the building, where SA; and Mt Gambier; and 103 apply, 144 must be provided or applied in accordance with Specification 7.4.3. For the building, where SA; and Murray Bridge; and 120 apply, 177 must be provided or applied in accordance with Specification 7.4.3. For the building, where SA; and Port Augusta; and 133 apply, 199 must be provided or applied in accordance with Specification 7.4.3. For the building, where SA; and Port Pirie; and 123 apply, 183 must be provided or applied in accordance with Specification 7.4.3. For the building, where SA; and Yorketown; and 155 apply, 166 must be provided or applied in accordance with Specification 7.4.3. For the building, where TAS; and Burnie; and 128 apply, 178 must be provided or applied in accordance with Specification 7.4.3. For the building, where TAS; and Flinders Island; and 124 apply, 167 must be provided or applied in accordance with Specification 7.4.3. For the building, where TAS; and Hobart; and 86 apply, 120 must be provided or applied in accordance with Specification 7.4.3. For the building, where TAS; and Launceston; and 91 apply, 123 must be provided or applied in accordance with Specification 7.4.3. For the building, where TAS; and Queenstown; and 94 apply, 120 must be provided or applied in accordance with Specification 7.4.3. For the building, where TAS; and St. Marys; and 150 apply, 207 must be provided or applied in accordance with Specification 7.4.3. For the building, where VIC; and Ballarat; and 134 apply, 192 must be provided or applied in accordance with Specification 7.4.3. For the building, where VIC; and Benalla; and 146 apply, 194 must be provided or applied in accordance with Specification 7.4.3. For the building, where VIC; and Geelong; and 103 apply, 143 must be provided or applied in accordance with Specification 7.4.3.",1,1,"","","NCC 2022 Vol2","",0,"","","false","","NCC2022_Volume2_Tables_ClauseStyle.txt","2022"
"Vol2","H1","H","Table 7.4.3_7","table","Table 7.4.3_7","For the building, where VIC; and Horsham; and 121 apply, 173 must be provided or applied in accordance with Specification 7.4.3. For the building, where VIC; and Lakes Entrance; and 145 apply, 199 must be provided or applied in accordance with Specification 7.4.3. For the building, where VIC; and Melbourne; and 132 apply, 187 must be provided or applied in accordance with Specification 7.4.3. For the building, where VIC; and Hastings, Melbourne; and 112 apply, 145 must be provided or applied in accordance with Specification 7.4.3. For the building, where VIC; and Sorrento, Melbourne; and 106 apply, 140 must be provided or applied in accordance with Specification 7.4.3. For the building, where VIC; and Mildura; and 142 apply, 219 must be provided or applied in accordance with Specification 7.4.3. For the building, where VIC; and Stawell; and 130 apply, 187 must be provided or applied in accordance with Specification 7.4.3. For the building, where WA; and Albany; and 127 apply, 179 must be provided or applied in accordance with Specification 7.4.3. For the building, where WA; and Broome; and 232 apply, 287 must be provided or applied in accordance with Specification 7.4.3. For the building, where WA; and Bunbury; and 147 apply, 198 must be provided or applied in accordance with Specification 7.4.3. For the building, where WA; and Derby; and 211 apply, 256 must be provided or applied in accordance with Specification 7.4.3. For the building, where WA; and Geraldton; and 138 apply, 194 must be provided or applied in accordance with Specification 7.4.3. For the building, where WA; and Kalgoorlie; and 136 apply, 204 must be provided or applied in accordance with Specification 7.4.3. For the building, where WA; and Perth; and 129 apply, 172 must be provided or applied in accordance with Specification 7.4.3. For the building, where WA; and Joondalup, Perth; and 133 apply, 180 must be provided or applied in accordance with Specification 7.4.3. For the building, where WA; and Midland, Perth; and 122 apply, 164 must be provided or applied in accordance with Specification 7.4.3. For the building, where WA; and Port Hedland; and 168 apply, 232 must be provided or applied in accordance with Specification 7.4.3. For the building, where WA; and Tom Price; and 138 apply, 182 must be provided or applied in accordance with Specification 7.4.3.",1,1,"","","NCC 2022 Vol2","",0,"","","false","","NCC2022_Volume2_Tables_ClauseStyle.txt","2022"
"Vol2","H1","H","Table 7.2.2_2","table","Table 7.2.2_2","For the building, where High (mild steel corrosion rate 50 to 80 m/y); and Typically more than 200 m from breaking surf or aggressive industrial areas or within 50 m from sheltered bays.; and AZ150 aluminium/zinc or AM125 aluminium/zinc/magnesium apply, AZ150 aluminium/zinc or AM100 aluminium/zinc/magnesium must be provided or applied in accordance with Specification 7.2.2. For the building, where Very High (mild steel corrosion rate 80 to 200 m/y); and Typically extends from 100 m inland from breaking surf to 200 m inland from breaking surf, or within 200 m of aggressive industrial areas.; and Not suitable apply, AZ200 aluminium/zinc or AM150 aluminium/zinc/magnesium must be provided or applied in accordance with Specification 7.2.2. For the building, where Very High (mild steel corrosion rate 80 to 200 m/y); and Typically within 100 m of breaking surf.; and Not suitable apply, Not suitable must be provided or applied in accordance with Specification 7.2.2.",1,1,"","","NCC 2022 Vol2","",0,"","","false","","NCC2022_Volume2_Tables_ClauseStyle.txt","2022"
"Vol2","H1","H","Table 8","table","Table 8","For the building, where Safety organic coated glass; and 3; and 1 apply, A, B, C, D must be provided or applied in accordance with Specification 8.4.6. For the building, where Safety organic coated glass; and 4; and 1. 5 apply, A, B, C, D must be provided or applied in accordance with Specification 8.4.6. For the building, where Safety organic coated glass; and 5; and 2 apply, A, B, C, D must be provided or applied in accordance with Specification 8.4.6. For the building, where Safety organic coated glass; and 6; and 3 apply, A, B, C, D must be provided or applied in accordance with Specification 8.4.6.",1,1,"","","NCC 2022 Vol2","",0,"","","false","","NCC2022_Volume2_Tables_ClauseStyle.txt","2022"
"Vol2","H1","H","Table 8.3.3_3","table","Table 8.3.3_3","For the building, where 2250; and 3; and 4; and 4; and 4; and 4; and 4; and 5; and 5; and 5 apply, 6 must be provided or applied in accordance with Specification 8.3.3. For the building, where 2400; and 3; and 4; and 4; and 4; and 4; and 4; and 5; and 5; and 5 apply, 6 must be provided or applied in accordance with Specification 8.3.3. For the building, where 2550; and 3; and 4; and 4; and 4; and 4; and 4; and 5; and 5; and 5 apply, 6 must be provided or applied in accordance with Specification 8.3.3. For the building, where 2700; and 3; and 4; and 4; and 4; and 5; and 5; and 5; and 5; and 6 apply, 6 must be provided or applied in accordance with Specification 8.3.3.",1,1,"","","NCC 2022 Vol2","",0,"","","false","","NCC2022_Volume2_Tables_ClauseStyle.txt","2022"
"Vol2","H1","H","Table 0.05_2","table","Table 0.05_2","For the building, where Grade A toughened and toughened laminated safety glass; and 4 apply, 2 must be provided or applied in accordance with Clause 0.05. For the building, where Grade A toughened and toughened laminated safety glass; and 5 apply, 3 must be provided or applied in accordance with Clause 0.05. For the building, where Grade A toughened and toughened laminated safety glass; and 6 apply, 4 must be provided or applied in accordance with Clause 0.05. For the building, where Grade A laminated safety glass; and 5. 38 apply, 2. 2 must be provided or applied in accordance with Clause 0.05. For the building, where Grade A laminated safety glass; and 6. 38 apply, 3 must be provided or applied in accordance with Clause 0.05. For the building, where Grade A laminated safety glass; and 8. 38 apply, 5 must be provided or applied in accordance with Clause 0.05.",1,1,"","","NCC 2022 Vol2","",0,"","","false","","NCC2022_Volume2_Tables_ClauseStyle.txt","2022"
"Vol2","H1","H","Table 9.2.3_1","table","Table 9.2.3_1","",1,1,"","","NCC 2022 Vol2","",0,"","","false","","NCC2022_Volume2_Tables_ClauseStyle.txt","2022"
"Vol2","H1","H","Table 9.2.3_2","table","Table 9.2.3_2","",1,1,"","","NCC 2022 Vol2","",0,"","","false","","NCC2022_Volume2_Tables_ClauseStyle.txt","2022"
"Vol2","H1","H","Table 9.2.3_4","table","Table 9.2.3_4","",1,1,"","","NCC 2022 Vol2","",0,"","","false","","NCC2022_Volume2_Tables_ClauseStyle.txt","2022"
"Vol2","H1","H","Table 9.2.3_5","table","Table 9.2.3_5","",1,1,"","","NCC 2022 Vol2","",0,"","","false","","NCC2022_Volume2_Tables_ClauseStyle.txt","2022"
"Vol2","H1","H","Table 9.2.3_6","table","Table 9.2.3_6","",1,1,"","","NCC 2022 Vol2","",0,"","","false","","NCC2022_Volume2_Tables_ClauseStyle.txt","2022"
"Vol2","H1","H","Table 9.2.4_2","table","Table 9.2.4_2","For the building, where Group A; and Buildings used for keeping, growing and/or harvesting of animals and/or plants, and includes greenhouses with rigid covering material and large implement/vehicle storage sheds.; and 5, 000 m2 apply, 30, 000 m3 must be provided or applied in accordance with Specification 9.2.4. For the building, where Group B; and Buildings used for packing, sorting and/or storage of produce and may include workshops.; and 2, 000 m2 apply, 12, 000 m3 must be provided or applied in accordance with Specification 9.2.4. For the building, where Group C; and Greenhouses with non-rigid, plastic or fabric covering material.; and 5, 000 m2 apply, 30, 000 m3 must be provided or applied in accordance with Specification 9.2.4.",1,1,"","","NCC 2022 Vol2","",0,"","","false","","NCC2022_Volume2_Tables_ClauseStyle.txt","2022"
"Vol2","H1","H","Table 9.2.4_6","table","Table 9.2.4_6","For the building, where Schedule 1 Schedule 2 applies, Definitions Referenced documents must be provided or applied in accordance with Specification 9.2.4.",1,1,"","","NCC 2022 Vol2","",0,"","","false","","NCC2022_Volume2_Tables_ClauseStyle.txt","2022"
"Vol2","H1","H","Table 9.2.4_10","table","Table 9.2.4_10","For the building, where AS/NZS 3000; and 2018; and Electrical installations (known as the Australian/New Zealand Wiring Rules); and TAS I16D6 apply, the relevant requirement must be met in accordance with Specification 9.2.4. For the building, where AS 4464; and 2007; and Hygienic production of game meat for human consumption; and TAS I6D2 apply, the relevant requirement must be met in accordance with Specification 9.2.4. For the building, where AS 4465; and 2006; and Construction of premises and hygienic production of poultry meat for human consumption; and TAS I6D2 apply, the relevant requirement must be met in accordance with Specification 9.2.4. For the building, where AS 4466; and 1998; and Hygienic production of rabbit meat for human consumption; and TAS I6D2 apply, the relevant requirement must be met in accordance with Specification 9.2.4. For the building, where AS 4674; and 2004; and Design, construction and fit-out of food premises (Clauses 4. 2 and 4. 3); and TAS I4D9, TAS I4D13 apply, the relevant requirement must be met in accordance with Specification 9.2.4. For the building, where AS 4696; and 2007; and Hygienic production and transportation of meat and meat products for human consumption; and TAS I6D2 apply, the relevant requirement must be met in accordance with Specification 9.2.4. For the building, where AS 5008; and 2007; and Hygienic rendering of animal products; and TAS I6D2 apply, the relevant requirement must be met in accordance with Specification 9.2.4. For the building, where AS 5010; and 2001; and Hygienic production of ratite (emu/ostrich) meat for human consumption; and TAS I6D2 apply, the relevant requirement must be met in accordance with Specification 9.2.4. For the building, where AS 5011; and 2001; and Hygienic production of natural casings for human consumption; and TAS I6D2 apply, the relevant requirement must be met in accordance with Specification 9.2.4. For the building, where ABCB; and Temporary Structures Standard; and TAS I16D2 apply, the relevant requirement must be met in accordance with Specification 9.2.4.",1,1,"","","NCC 2022 Vol2","",0,"","","false","","NCC2022_Volume2_Tables_ClauseStyle.txt","2022"
"Vol2","H1","H","Table 9.2.4_11","table","Table 9.2.4_11","For the building, where Australasian Health Facility Guidelines; and TAS I9D2 apply, the relevant requirement must be met in accordance with Specification 9.2.4. For the building, where BCA 2019 Amendment 1; and 2019; and Building Code of Australia; and TAS Section J; and TAS Part H6 apply, TAS Section 13 must be provided or applied in accordance with Specification 9.2.4. For Class 4, where Centre Based Care Class 4 Standards; and Tasmanian Licencing Standards for Centre Based Child Care Class 4; and TAS Schedule 1; and TAS Schedule 1 apply, TAS Schedule 1 must be provided or applied in accordance with Specification 9.2.4. For Class 5, where Centre Based Care Class 5 Standards; and Tasmanian Licencing Standards for Centre Based Child Care Class 5 (0-12 years); and TAS Schedule 1; and TAS Schedule 1 apply, TAS Schedule 1 must be provided or applied in accordance with Specification 9.2.4. For the building, where Child Care Act; and 2001; and TAS I16P1, TAS I16P2, TAS I16P3, TAS I16D1, TAS Schedule 1; and TAS Schedule 1 apply, TAS Schedule 1 must be provided or applied in accordance with Specification 9.2.4. For the building, where Condensation in Buildings Tasmanian Designers Guide; and TAS F8P1; and TAS H4D9 apply, the relevant requirement must be met in accordance with Specification 9.2.4. For the building, where Dairy Industry Act; and 1994; and TAS I4P1, TAS I4D1, TAS I7D1 apply, the relevant requirement must be met in accordance with Specification 9.2.4. For the building, where Disability (Access to Premises - Buildings) Standards; and 2010; and TAS D4D14 apply, the relevant requirement must be met in accordance with Specification 9.2.4. For the building, where Disability Discrimination Act (Cth); and 1992; and TAS D1P10 apply, the relevant requirement must be met in accordance with Specification 9.2.4. For the building, where Early Childhood Centre and School Age Care Facilities Code; and TAS I5D2 apply, the relevant requirement must be met in accordance with Specification 9.2.4. For the building, where Education and Care Services National Law (Application) Act; and 2011; and TAS I16P1, TAS I16P2, TAS I16P3, TAS I16D1, TAS Schedule 1; and TAS Schedule 1 apply, the relevant requirement must be met in accordance with Specification 9.2.4. For the building, where Export Control (Milk and Diary) Orders; and TAS I4D17 apply, the relevant requirement must be met in accordance with Specification 9.2.4. For the building, where Health Service Establishments Act; and 2006; and TAS I9D1 apply, the relevant requirement must be met in accordance with Specification 9.2.4. For the building, where Hygienic Production of Pet Meat; and Technical Report 88; and TAS I6D2 apply, the relevant requirement must be met in accordance with Specification 9.2.4.",1,1,"","","NCC 2022 Vol2","",0,"","","false","","NCC2022_Volume2_Tables_ClauseStyle.txt","2022"
"Vol2","H1","H","Table 9.2.4_12","table","Table 9.2.4_12","For the building, where Liquor Licensing Act; and 1990; and TAS I4P1, TAS I4D1, TAS I5D1 apply, the relevant requirement must be met in accordance with Specification 9.2.4. For the building, where Primary Produce Safety Act; and 2011; and TAS I4P1, TAS I4D1, TAS I4D16 apply, the relevant requirement must be met in accordance with Specification 9.2.4. For the building, where Water and Sewerage Industry Act; and 2008; and TAS I4D3 apply, the relevant requirement must be met in accordance with Specification 9.2.4.",1,1,"","","NCC 2022 Vol2","",0,"","","false","","NCC2022_Volume2_Tables_ClauseStyle.txt","2022"
"Vol2","H1","H","Table 9.2.4_17","table","Table 9.2.4_17","For the building, where AS 1668. 2; and 2012; and The use of ventilation and air conditioning in buildings: Mechanical ventilation in buildings apply, VIC E2D2 must be provided or applied in accordance with Specification 9.2.4. For the building, where AS 1851; and 2012; and Routine service of fire protection systems and equipment apply, VIC B4D2 must be provided or applied in accordance with Specification 9.2.4. For the building, where AS 1926. 1; and 2012; and Swimming pool safety, Part 1: Safety barriers for swimming pools; and VIC G1D2 apply, the relevant requirement must be met in accordance with Specification 9.2.4. For the building, where AS 1926. 2; and 2007; and Swimming pool safety, Part 2: Location of safety barriers for swimming pools (incorporating amendments 1 and 2); and VIC G1D2 apply, the relevant requirement must be met in accordance with Specification 9.2.4. For the building, where AS 2118. 1; and 2017; and Automatic fire sprinkler systems, Part 1: General systems (incorporating amendment 1); and VIC S17C2, VIC S18C3 apply, VIC B1D5, VIC B4D2 must be provided or applied in accordance with Specification 9.2.4. For the building, where AS 2118. 2; and 2021; and Automatic fire sprinkler systems: Wall wetting sprinkler systems apply, VIC B4D2 must be provided or applied in accordance with Specification 9.2.4. For the building, where AS 2118. 3; and 2010; and Automatic fire sprinkler systems: Deluge systems apply, VIC B4D2 must be provided or applied in accordance with Specification 9.2.4. For the building, where AS 2118. 4; and 2012; and Automatic fire sprinkler systems, Part 4: Sprinkler protection for accommodation buildings not > four storeys in height; and VIC S17C2, VIC S18C3 apply, VIC B1D5, VIC B4D2 must be provided or applied in accordance with Specification 9.2.4. For the building, where AS 2118. 5; and 2008; and Automatic fire sprinkler systems apply, VIC B1D5, VIC B4D2 must be provided or applied in accordance with Specification 9.2.4. For the building, where AS 2118. 6; and 2012; and Automatic fire sprinkler systems, Part 6: Combined sprinkler and hydrant systems in multistorey buildings; and VIC S17C2 apply, the relevant requirement must be met in accordance with Specification 9.2.4. For the building, where AS2118. 8; and 1997; and Automatic fire sprinkler systems: Minor modifications apply, VIC B4D2 must be provided or applied in accordance with Specification 9.2.4.",1,1,"","","NCC 2022 Vol2","",0,"","","false","","NCC2022_Volume2_Tables_ClauseStyle.txt","2022"
"Vol2","H1","H","Table 9.2.4_18","table","Table 9.2.4_18","For the building, where AS 2118. 10; and 1995; and Automatic fire sprinkler systems: Approval documentation apply, VIC B4D2 must be provided or applied in accordance with Specification 9.2.4. For the building, where AS 2473. 3; and 2007; and Valves for compressed gas cylinders apply, VIC E2D2 must be provided or applied in accordance with Specification 9.2.4. For the building, where AS 2568; and 2019; and Purity of medical air produced from on- site compressor systems apply, VIC E2D2 must be provided or applied in accordance with Specification 9.2.4. For the building, where AS 2896; and 2021; and Medical gas systems - Installation and testing of non- flammable medical gas pipeline systems apply, VIC E2D2 must be provided or applied in accordance with Specification 9.2.4. For the building, where AS 2902; and 2005; and Medical gas systems - Low pressure flexible hose assemblies apply, VIC E2D2 must be provided or applied in accordance with Specification 9.2.4. For the building, where AS/NZS 2918; and 2018; and Domestic solid fuel burning appliances - Installation apply, VIC E2D2 must be provided or applied in accordance with Specification 9.2.4. For the building, where AS 2941; and 2013; and Fixed fire protection installations - Pumpset systems apply, VIC B4D2 must be provided or applied in accordance with Specification 9.2.4. For the building, where AS/NZS 3500. 1; and 2021; and Plumbing and drainage: Water services apply, VIC B1D3, VIC B1D5, VIC B3D3, VIC B4D2, VIC B6D2, VIC B7D3, VIC B7D4, VIC E2D2 must be provided or applied in accordance with Specification 9.2.4. For the building, where AS/NZS 3500. 2; and 2021; and Plumbing and drainage: Sanitary plumbing and drainage apply, VIC C1D3, VIC C2D4, VIC C4P1, VIC E2D2 must be provided or applied in accordance with Specification 9.2.4. For the building, where AS/NZS 3500. 3; and 2021; and Plumbing and drainage: Stormwater drainage apply, VIC C5D2, VIC C6D2 must be provided or applied in accordance with Specification 9.2.4. For the building, where AS/NZS 3500. 4; and 2021; and Plumbing and drainage: Heated water services apply, VIC E2D2, VIC B2D6 must be provided or applied in accordance with Specification 9.2.4. For the building, where AS/NZS 3666. 1; and 2011; and Air handling and water systems of buildings - Microbial control: Design, installation and commissioning apply, VIC E2D2 must be provided or applied in accordance with Specification 9.2.4.",1,1,"","","NCC 2022 Vol2","",0,"","","false","","NCC2022_Volume2_Tables_ClauseStyle.txt","2022"
"Vol2","H1","H","Table 9.2.4_19","table","Table 9.2.4_19","For the building, where AS/NZS 3666. 2; and 2011; and Air handling and water systems of buildings - Microbial control: Operation and maintenance apply, VIC E2D2 must be provided or applied in accordance with Specification 9.2.4. For the building, where AS 4032. 3; and 2022; and Water supply - Valves for the control of heated water supply temperatures apply, VIC B2D6 must be provided or applied in accordance with Specification 9.2.4. For the building, where AS 4041; and 2006; and Pressure piping apply, VIC E2D2 must be provided or applied in accordance with Specification 9.2.4. For the building, where AS 4118. 1. 1; and 1996; and Fire sprinkler systems: Components - Sprinklers and sprayers apply, VIC B4D2 must be provided or applied in accordance with Specification 9.2.4. For the building, where AS 4118. 1. 2; and 1996; and Fire sprinkler systems: Components - Alarm valves (wet) apply, VIC B4D2 must be provided or applied in accordance with Specification 9.2.4. For the building, where AS 4118. 1. 3; and 1995; and Fire sprinkler systems: Components - Water motor alarms apply, VIC B4D2 must be provided or applied in accordance with Specification 9.2.4. For the building, where AS 4118. 1. 4; and 1994; and Fire sprinkler systems: Components - Valve monitors apply, VIC B4D2 must be provided or applied in accordance with Specification 9.2.4. For the building, where AS 4118. 1. 5; and 1996; and Fire sprinkler systems: Components - Deluge and pre- action valves apply, VIC B4D2 must be provided or applied in accordance with Specification 9.2.4. For the building, where AS 4118. 1. 6; and 1995; and Fire sprinkler systems: Components - Stop valves and non- return valves apply, VIC B4D2 must be provided or applied in accordance with Specification 9.2.4. For the building, where AS 4118. 1. 7; and 1996; and Fire sprinkler systems: Components - Alarm valves (dry) apply, VIC B4D2 must be provided or applied in accordance with Specification 9.2.4. For the building, where AS 4118. 1. 8; and 1999; and Fire sprinkler systems: Components - Pressure reducing valves apply, VIC B4D2 must be provided or applied in accordance with Specification 9.2.4. For the building, where AS 4254. 1; and 2021; and Ductwork for air- handling systems in buildings: Flexible duct apply, VIC E2D2 must be provided or applied in accordance with Specification 9.2.4. For the building, where AS 4254. 2; and 2012; and Ductwork for air- handling systems in buildings: Rigid duct apply, VIC E2D2 must be provided or applied in accordance with Specification 9.2.4.",1,1,"","","NCC 2022 Vol2","",0,"","","false","","NCC2022_Volume2_Tables_ClauseStyle.txt","2022"
"Vol2","H1","H","Table 9.2.4_20","table","Table 9.2.4_20","For the building, where AS 4426; and 1997; and Thermal insulation of pipework, ductwork and equipment - Selection, installation and finish apply, VIC E2D2 must be provided or applied in accordance with Specification 9.2.4. For the building, where AS 4508; and 1999; and Thermal resistance of insulation for ductwork used in building air- conditioning apply, VIC E2D2 must be provided or applied in accordance with Specification 9.2.4. For the building, where AS/NZS 4859. 1; and 2018; and Thermal insulation materials for buildings: General criteria and technical provisions apply, VIC E2D2 must be provided or applied in accordance with Specification 9.2.4. For the building, where AS/NZS 5141; and 2018; and Residential heating and cooling systems - Minimum applications and requirements for energy efficiency, performance and comfort criteria apply, VIC E2D2 must be provided or applied in accordance with Specification 9.2.4. For the building, where AS/NZS 5149. 1; and 2016; and Refrigerating systems and heat pumps - Safety and environmental requirements: Definitions, classification and selection criteria apply, VIC E2D2 must be provided or applied in accordance with Specification 9.2.4. For the building, where AS/NZS 5149. 2; and 2016; and Refrigerating systems and heat pumps - Safety and environmental requirements: Design, construction, testing, marking and documentation apply, VIC E2D2 must be provided or applied in accordance with Specification 9.2.4. For the building, where AS/NZS 5149. 3; and 2016; and Refrigerating systems and heat pumps - Safety and environmental requirements: Installation site apply, VIC E2D2 must be provided or applied in accordance with Specification 9.2.4. For the building, where AS/NZS 5149. 4; and 2016; and Refrigerating systems and heat pumps - Safety and environmental requirements: Operation, maintenance, repair and recovery apply, VIC E2D2 must be provided or applied in accordance with Specification 9.2.4. For the building, where AS/NZS 5601. 1; and 2022; and Gas installations: General installations apply, VIC E2D2 must be provided or applied in accordance with Specification 9.2.4.",1,1,"","","NCC 2022 Vol2","",0,"","","false","","NCC2022_Volume2_Tables_ClauseStyle.txt","2022"
"Vol2","H1","H","Table 9.2.4_21","table","Table 9.2.4_21","For the building, where ABCB Standard for Construction of Buildings in Flood Hazard Areas, Version 2012. 3; and 2012; and Standard for Construction of Buildings in Flood Hazard Areas; and VIC B1D6 apply, the relevant requirement must be met in accordance with Specification 9.2.4. For the building, where 2022; and Motorsport Australia Track Operators Guide For Motorsport Race Venues - version 1; and VIC I5D4 apply, the relevant requirement must be met in accordance with Specification 9.2.4. For the building, where FPAA101D; and 2018; and Automatic Fire Sprinkler System Design and Installation- Drinking Water Supply; and VIC S17C2, VIC S18C3 apply, B1D5 must be provided or applied in accordance with Specification 9.2.4. For the building, where FPAA101H; and 2018; and Automatic Sprinkler System Design- Hydrant Water Supply; and VIC S17C2, VIC S18C3 apply, B4D3 must be provided or applied in accordance with Specification 9.2.4. For the building, where Building Practice Note FS-01; and Victorian Building Authority Practice Note FS-01; and VIC S20C8 apply, the relevant requirement must be met in accordance with Specification 9.2.4. For the building, where SA HB 39; and 2015; and Metal roof and wall cladding installation apply, VIC E3D2 must be provided or applied in accordance with Specification 9.2.4. For the building, where HB 276; and 2004; and A guide to good practice for energy efficient installation of residential heating, cooling and air conditioning plant and equipment apply, VIC E2D2 must be provided or applied in accordance with Specification 9.2.4. For the building, where 2007; and Australian and New Zealand refrigerant handling code of practice 2007 Part 1 - Self-contained low charge systems apply, VIC E2D2 must be provided or applied in accordance with Specification 9.2.4. For the building, where 2007; and Australian and New Zealand refrigerant handling code of practice 2007 Part 2 - Systems other than Self-contained low charge systems apply, VIC E2D2 must be provided or applied in accordance with Specification 9.2.4. For the building, where 1993; and The Building Act 1993 (Victoria) apply, B6D2 must be provided or applied in accordance with Specification 9.2.4. For the building, where 2018; and Plumbing Regulations; and VIC H6V1 apply, B2P7 must be provided or applied in accordance with Specification 9.2.4.",1,1,"","","NCC 2022 Vol2","",0,"","","false","","NCC2022_Volume2_Tables_ClauseStyle.txt","2022"
"Vol2","H1","H","Table 9.2.4_23","table","Table 9.2.4_23","For the building, where WA Part 2. 3 applies, Changes to AS/NZS 1170. 2: 2021 and AS 4055: 2021 WA 2. 3. 1 Regional wind speeds Internal pressure Openings Site wind classification must be provided or applied in accordance with Specification 9.2.4. For the building, where Schedule 1 Schedule 2 applies, Definitions Referenced documents must be provided or applied in accordance with Specification 9.2.4.",1,1,"","","NCC 2022 Vol2","",0,"","","false","","NCC2022_Volume2_Tables_ClauseStyle.txt","2022"
"Vol2","H1","H","Table 9.2.6_1","table","Table 9.2.6_1","",1,1,"","","NCC 2022 Vol2","",0,"","","false","","NCC2022_Volume2_Tables_ClauseStyle.txt","2022"
"Vol2","H1","H","Table 9.2.6_2","table","Table 9.2.6_2","",1,1,"","","NCC 2022 Vol2","",0,"","","false","","NCC2022_Volume2_Tables_ClauseStyle.txt","2022"
"Vol2","H1","H","Table 9.2.6_3","table","Table 9.2.6_3","",1,1,"","","NCC 2022 Vol2","",0,"","","false","","NCC2022_Volume2_Tables_ClauseStyle.txt","2022"
"Vol2","H1","H","Table 9.2.6_4","table","Table 9.2.6_4","",1,1,"","","NCC 2022 Vol2","",0,"","","false","","NCC2022_Volume2_Tables_ClauseStyle.txt","2022"
"Vol2","H1","H","Table 9.2.6_8","table","Table 9.2.6_8","For the building, where 10a applies, the relevant requirement must be met in accordance with Specification 9.2.6. For the building, where 1; and 1 apply, 1 must be provided or applied in accordance with Specification 9.2.6.",1,1,"","","NCC 2022 Vol2","",0,"","","false","","NCC2022_Volume2_Tables_ClauseStyle.txt","2022"
"Vol2","H1","H","Table 9.2.7_1","table","Table 9.2.7_1","",1,1,"","","NCC 2022 Vol2","",0,"","","false","","NCC2022_Volume2_Tables_ClauseStyle.txt","2022"
"Vol2","H1","H","Table 9.2.8_1","table","Table 9.2.8_1","For Class 1 c, where Class 1 applies, Carport must be provided or applied in accordance with Specification 9.2.8. For Class 1, where Class 1 applies, Open must be provided or applied in accordance with Specification 9.2.8.",1,1,"","","NCC 2022 Vol2","",0,"","","false","","NCC2022_Volume2_Tables_ClauseStyle.txt","2022"
"Vol2","H1","H","Table 9.2.9_1","table","Table 9.2.9_1","For Class 1, where Class 1; and Garage; and Class 1 apply, Garage must be provided or applied in accordance with Specification 9.2.9.",1,1,"","","NCC 2022 Vol2","",0,"","","false","","NCC2022_Volume2_Tables_ClauseStyle.txt","2022"
"Vol2","H1","H","Table 10.2.31_1","table","Table 10.2.31_1","For the building, where Part 10. 6; and Ventilation apply, the relevant requirement must be met in accordance with Specification 10.2.31. For the building, where 10. 6. 1 10. 6. 2 10. 6. 3 applies, Application Ventilation requirements Location of sanitary compartments must be provided or applied in accordance with Specification 10.2.31. For the building, where Part 10. 7; and Sound insulation apply, the relevant requirement must be met in accordance with Specification 10.2.31. For the building, where 10. 7. 1 10. 7. 2 10. 7. 3 10. 7. 4 10. 7. 5 10. 7. 6 10. 7. 7 applies, Sound insulation requirements Determination of airborne sound insulation ratings Construction of sound insulated walls Services Acceptable forms of construction for masonry walls Acceptable forms of construction for concrete walls Acceptable forms of construction for autoclaved aerated con- crete walls must be provided or applied in accordance with Specification 10.2.31. For the building, where 10. 7. 8 applies, Acceptable forms of construction for timber and steel framed walls must be provided or applied in accordance with Specification 10.2.31.",1,1,"","","NCC 2022 Vol2","",0,"","","false","","NCC2022_Volume2_Tables_ClauseStyle.txt","2022"
"Vol2","H1","H","Table 11","table","Table 11","For the building, where Stair type; and Max; and Min; and Max; and Min; and Max apply, Min must be provided or applied in accordance with Specification 11.2.2. For the building, where Stairs (other than spiral); and 190; and 115; and 355; and 240; and 700 apply, 550 must be provided or applied in accordance with Specification 11.2.2. For the building, where Spiral; and 220; and 140; and 370; and 210; and 680 apply, 590 must be provided or applied in accordance with Specification 11.2.2.",1,1,"","","NCC 2022 Vol2","",0,"","","false","","NCC2022_Volume2_Tables_ClauseStyle.txt","2022"
"Vol2","H1","H","Table 11.3.6_2","table","Table 11.3.6_2","For the building, where 3. 0; and 1x19; and 1x19; and 60 80 100; and 25 325 1090; and 183 555 1500; and 183 555 1500; and 261 670 1705; and 340 785 1910; and 520 1025 x; and 520 1025 x; and 790 1330 x; and 1025 1725 x; and 1180 1980 x; and 1180 1980 x apply, x x x must be provided or applied in accordance with Specification 11.3.6. For the building, where 4. 0; and 7x7; and 7x7; and 60 80 100; and 5 196 835; and 73 422 1182; and 73 422 1182; and 97 480 1360; and 122 524 1528; and 235 760 1837; and 235 760 1837; and 440 1100 2381; and 664 1358 2811; and 813 1530 3098; and 813 1530 3098 apply, 1178 2130 x must be provided or applied in accordance with Specification 11.3.6. For the building, where 4. 0; and 1x19; and 1x19; and 60 80 100; and 5 30 853; and 5 192 1308; and 5 192 1308; and 10 300 1487; and 15 415 1610; and 20 593 2048; and 20 593 2048; and 147 1105 2608; and 593 1303 3094; and 890 1435 3418; and 890 1435 3418 apply, 1280 1844 3849 must be provided or applied in accordance with Specification 11.3.6. For the building, where 4. 0; and 7x19; and 7x19; and 60 80 100; and 155 394 1038; and 290 654 1412; and 290 654 1412; and 358 785 1598; and 425 915 1785; and 599 1143 2165; and 599 1143 2165; and 860 1485 2735; and 1080 1860 x; and 1285 2105 x; and 1285 2105 x apply, 1540 2615 x must be provided or applied in accordance with Specification 11.3.6. For the building, where Table Notes (1) Lay = number of strands by the individual wires in each strand. For example a lay of 7 x 19 consists of 7 strands with 19 individual wires in each strand. (2) Where a change of direction is made in a run of wire, the tensioning device is to be placed at the end of the longest span. (3) If a 3. 2 mm diameter wire is used, the tension figures for 3. 0 mm wire are applied. (4) This table may also be used for a set of non-continuous (single) vertical wires forming a barrier using the appropriate clear distance between posts as the vertical clear distance between the rails. (5) X = not allowed because the required tension would exceed the safe load of the wire. (6) Tension measured with a strain indicator.; and Table Notes (1) Lay = number of strands by the individual wires in each strand. For example a lay of 7 x 19 consists of 7 strands with 19 individual wires in each strand. (2) Where a change of direction is made in a run of wire, the tensioning device is to be placed at the end of the longest span. (3) If a 3. 2 mm diameter wire is used, the tension figures for 3. 0 mm wire are applied. (4) This table may also be used for a set of non-continuous (single) vertical wires forming a barrier using the appropriate clear distance between posts as the vertical clear distance between the rails. (5) X = not allowed because the required tension would exceed the safe load of the wire. (6) Tension measured with a strain indicator.; and Table Notes (1) Lay = number of strands by the individual wires in each strand. For example a lay of 7 x 19 consists of 7 strands with 19 individual wires in each strand. (2) Where a change of direction is made in a run of wire, the tensioning device is to be placed at the end of the longest span. (3) If a 3. 2 mm diameter wire is used, the tension figures for 3. 0 mm wire are applied. (4) This table may also be used for a set of non-continuous (single) vertical wires forming a barrier using the appropri... For the building, where Table 11. 3. 6b:; and Table 11. 3. 6b:; and Table 11. 3. 6b:; and Continuous wire barrier construction - Maximum permissible deflection of each wire in mm when a 2 kg mass is suspended at mid-span for stainless steel wires; and Continuous wire barrier construction - Maximum permissible deflection of each wire in mm when a 2 kg mass is suspended at mid-span for stainless steel wires; and Continuous wire barrier construction - Maximum permissible deflection of each wire in mm when a 2 kg mass is suspended at mid-span for stainless steel wires; and Continuous wire barrier construction - Maximum permissible deflection of each wire in mm when a 2 kg mass is suspended at mid-span for stainless steel wires; and Continuous wire barrier construction - Maximum permissible deflection of each wire in mm when a 2 kg mass is suspended at mid-span for stainless steel wires; and Continuous wire barrier construction - Maximum permissible deflection of each wire in mm when a 2 kg mass is suspended at mid-span for stainless steel wires; and Continuous wire barrier construction - Maximum permissible deflection of each wire in mm when a 2 kg mass is suspended at mid-span for stainless steel wires; and Continuous wire barrier construction - Maximum permissible deflection of each wire in mm when a 2 kg mass is suspended at mid-span for stainless steel wires; and Continuous wire barrier construction - Maximum permissible deflection of each wire in mm when a 2 kg mass is suspended at mid-span for stainless steel wires; and Continuous wire barrier construction - Maximum permissible deflection of each wire in mm when a 2 kg mass is suspended at mid-span for stainless steel wires; and Continuous wire barrier construction - Maximum permissible deflection of each wire in mm when a 2 kg mass is suspended at mid-span for stainless steel wires; and Continuous wire barrier construction - Maximum permissible deflection of each wire in mm when a 2 kg mass is suspended at mid... For the building, where Wire dia. (mm); and Wire dia. (mm); and Wire spacing (mm); and Wire spacing (mm); and Wire spacing (mm); and Clear distance between posts (mm) 600 900 1200; and Clear distance between posts (mm) 600 900 1200; and Clear distance between posts (mm) 600 900 1200; and Clear distance between posts (mm) 600 900 1200; and Clear distance between posts (mm) 600 900 1200; and Clear distance between posts (mm) 600 900 1200; and Clear distance between posts (mm) 600 900 1200; and Clear distance between posts (mm) 600 900 1200; and Clear distance between posts (mm) 600 900 1200; and 1500; and 1500; and 1500; and 1800; and 1800 apply, the relevant requirement must be met in accordance with Specification 11.3.6. For the building, where 2. 5; and 2. 5; and 60 80; and 60 80; and 60 80; and 17 7; and 17 7; and 11 5; and 9 5; and 9 5; and 8 5; and 8 5; and 8 5; and 8 x; and 8 x; and 8 x; and 8 x apply, 8 x must be provided or applied in accordance with Specification 11.3.6. For the building, where 3. 0; and 3. 0; and 60 80; and 60 80; and 60 80; and 19 8; and 19 8; and 13 6; and 8 6; and 8 6; and 7 5; and 7 5; and 7 5; and 7 5; and 7 5; and 7 5; and 7 5 apply, 7 5 must be provided or applied in accordance with Specification 11.3.6. For the building, where 4. 0; and 4. 0; and 60 80; and 60 80; and 60 80; and 18 8; and 18 8; and 12 6; and 8 4; and 8 4; and 8 4; and 8 4; and 8 4; and 7 4; and 7 4; and 7 4; and 7 4 apply, 7 4 must be provided or applied in accordance with Specification 11.3.6. For the building, where Table Notes (1) Where a change of direction is made in a run of wire, the 2 kg mass must be placed at the middle of the longest span. (2) If a 3. 2 mm diameter wire is used, the deflection figures for a 3. 0 mm wire are applied. (3) This table may also be used for a set of non-continuous (single) vertical wires forming a barrier using the appropriate clear distance between posts as the vertical clear distance between the rails. (4) The deflection (offset) is measured by hooking a standard spring scale to the mid span of each wire and pulling it horizontally until a force of 19. 6 N is applied. (5) X = not allowed because the required tension would exceed the safe load of the wire. (6) This table has been limited to 60 mm and 80 mm spaces for 2. 5 mm, 3 mm and 4 mm diameter wires because the; and Table Notes (1) Where a change of direction is made in a run of wire, the 2 kg mass must be placed at the middle of the longest span. (2) If a 3. 2 mm diameter wire is used, the deflection figures for a 3. 0 mm wire are applied. (3) This table may also be used for a set of non-continuous (single) vertical wires forming a barrier using the appropriate clear distance between posts as the vertical clear distance between the rails. (4) The deflection (offset) is measured by hooking a standard spring scale to the mid span of each wire and pulling it horizontally until a force of 19. 6 N is applied. (5) X = not allowed because the required tension would exceed the safe load of the wire. (6) This table has been limited to 60 mm and 80 mm spaces for 2. 5 mm, 3 mm and 4 mm diameter wires because the; and Table Notes (1) Where a change of direction is made in a run of wire, the 2 kg mass must be placed at the middle of the longest span. (2) If a 3. 2 mm diameter wire is used, the deflection figures for a 3. 0 mm wire are applied. (3) This table may also be used for a set of non-continuous (single) vertical wires forming a barrier using the appropriate clear ...",1,1,"","","NCC 2022 Vol2","",0,"","","false","","NCC2022_Volume2_Tables_ClauseStyle.txt","2022"
"Vol2","H1","H","Table 12.4.5_4","table","Table 12.4.5_4","For the building, where Hearth applies, Hearth must be provided or applied in accordance with Specification 12.4.5.",1,1,"","","NCC 2022 Vol2","",0,"","","false","","NCC2022_Volume2_Tables_ClauseStyle.txt","2022"
"Vol2","H1","H","Table 12","table","Table 12","For the building, where 150; and 115; and 375; and 355; and 675 apply, 605 must be provided or applied in accordance with Specification 12.2.3.",1,1,"","","NCC 2022 Vol2","",0,"","","false","","NCC2022_Volume2_Tables_ClauseStyle.txt","2022"
"Vol2","H1","H","Table 13.2.3_5","table","Table 13.2.3_5","For the building, where 1. 5 to < 2. 0; and 2. 0; and 2. 0; and 2. 5; and 2. 5 apply, 2. 5 must be provided or applied in accordance with Specification 13.2.3. For the building, where 2. 0; and 2. 0; and 2. 0; and 2. 5; and 2. 5 apply, 2. 5 must be provided or applied in accordance with Specification 13.2.3.",1,1,"","","NCC 2022 Vol2","",0,"","","false","","NCC2022_Volume2_Tables_ClauseStyle.txt","2022"
"Vol2","H1","H","Table 13.2.3_8","table","Table 13.2.3_8","For the building, where Standard; and Yes; and Any; and 2. 5 apply, the relevant requirement must be met in accordance with Specification 13.2.3. For the building, where Standard; and No; and 0. 5; and 3. 0 apply, the relevant requirement must be met in accordance with Specification 13.2.3. For the building, where Standard; and No; and > 0. 5 to < 2. 0; and 2. 5 apply, the relevant requirement must be met in accordance with Specification 13.2.3. For the building, where Standard; and No; and 2. 0; and 3. 0 apply, the relevant requirement must be met in accordance with Specification 13.2.3.",1,1,"","","NCC 2022 Vol2","",0,"","","false","","NCC2022_Volume2_Tables_ClauseStyle.txt","2022"
"Vol2","H1","H","Table 13.2.3_12","table","Table 13.2.3_12","For the building, where Roof ventilation; and insulation; and insulation R-; and 0. 23; and SA; and SA; and SA; and SA; and SA; and SA apply, SA must be provided or applied in accordance with Specification 13.2.3. For the building, where Roof ventilation; and under-roof; and Value; and 0. 32; and 0. 42; and 0. 53; and 0. 64; and 0. 73; and 0. 85 apply, 0. 96 must be provided or applied in accordance with Specification 13.2.3. For the building, where Standard; and Yes; and < 1. 0; and 4. 0; and 4. 0; and 4. 0; and 4. 0; and 4. 0; and 3. 5; and 3. 5 apply, 3. 5 must be provided or applied in accordance with Specification 13.2.3. For the building, where Standard; and Yes; and 1. 0 to < 1. 5; and 4. 0; and 4. 0; and 4. 0; and 4. 0; and 4. 0; and 4. 0; and 3. 5 apply, 3. 5 must be provided or applied in accordance with Specification 13.2.3. For the building, where Standard; and Yes; and 1. 5 to < 2. 0; and 4. 0; and 4. 0; and 4. 0; and 4. 0; and 4. 0; and 4. 0; and 4. 0 apply, 3. 5 must be provided or applied in accordance with Specification 13.2.3. For the building, where Standard; and Yes; and 2. 0; and 4. 0 apply, the relevant requirement must be met in accordance with Specification 13.2.3. For the building, where Standard; and No; and < 1. 0; and 4. 5; and 4. 0; and 4. 0; and 3. 5; and 3. 5; and 3. 0; and 3. 0 apply, 3. 0 must be provided or applied in accordance with Specification 13.2.3. For the building, where Standard; and No; and 1. 0 to < 1. 5; and 4. 0; and 4. 0; and 4. 0; and 4. 0; and 3. 5; and 3. 5; and 3. 5 apply, 3. 5 must be provided or applied in accordance with Specification 13.2.3. For the building, where Standard; and No; and 1. 5 to < 2. 0; and 4. 0; and 4. 0; and 4. 0; and 4. 0; and 4. 0; and 3. 5; and 3. 5 apply, 3. 5 must be provided or applied in accordance with Specification 13.2.3. For the building, where Standard; and No; and 2. 0; and 4. 0; and 4. 0; and 4. 0; and 4. 0; and 4. 0; and 4. 0; and 3. 5 apply, 3. 5 must be provided or applied in accordance with Specification 13.2.3.",1,1,"","","NCC 2022 Vol2","",0,"","","false","","NCC2022_Volume2_Tables_ClauseStyle.txt","2022"
"Vol2","H1","H","Table 13.2.3_18","table","Table 13.2.3_18","For the building, where No applies, 3. 5 must be provided or applied in accordance with Specification 13.2.3.",1,1,"","","NCC 2022 Vol2","",0,"","","false","","NCC2022_Volume2_Tables_ClauseStyle.txt","2022"
"Vol2","H1","H","Table 13.2.3_25","table","Table 13.2.3_25","For the building, where 5. 5; and 4. 63 apply, 4. 53 must be provided or applied in accordance with Specification 13.2.3. For the building, where 6. 0; and 4. 93 apply, 4. 82 must be provided or applied in accordance with Specification 13.2.3.",1,1,"","","NCC 2022 Vol2","",0,"","","false","","NCC2022_Volume2_Tables_ClauseStyle.txt","2022"
"Vol2","H1","H","Table 13.2.5_2","table","Table 13.2.5_2","For the building, where SA; and Overhang (mm); and 2. 4; and > 2. 4 to 2. 7; and > 2. 7 to 3. 0 apply, > 3. 0 to 3. 6 must be provided or applied in accordance with Specification 13.2.5. For the building, where > 1500 to 1800; and 0. 0; and 0. 0; and 0. 0 apply, Reflective must be provided or applied in accordance with Specification 13.2.5. For the building, where > 1800 to 2400; and 0. 0; and 0. 0; and 0. 0 apply, Reflective must be provided or applied in accordance with Specification 13.2.5. For the building, where > 0. 3 to 0. 4; and 0; and X; and X; and X apply, X must be provided or applied in accordance with Specification 13.2.5. For the building, where > 0. 3 to 0. 4; and > 0 to 300; and 1. 0; and X; and X apply, X must be provided or applied in accordance with Specification 13.2.5. For the building, where > 0. 3 to 0. 4; and > 300 to 450; and 1. 0; and 1. 0; and X apply, X must be provided or applied in accordance with Specification 13.2.5. For the building, where > 0. 3 to 0. 4; and > 450 to 600; and Reflective; and Reflective; and 2. 0 apply, X must be provided or applied in accordance with Specification 13.2.5. For the building, where > 0. 3 to 0. 4; and > 600 to 900; and 0. 0; and Reflective; and Reflective apply, X must be provided or applied in accordance with Specification 13.2.5. For the building, where > 0. 3 to 0. 4; and > 900 to 1200; and 0. 0; and 0. 0; and Reflective apply, 1. 5 must be provided or applied in accordance with Specification 13.2.5. For the building, where > 0. 3 to 0. 4; and > 1200 to 1500; and 0. 0; and 0. 0; and Reflective apply, Reflective must be provided or applied in accordance with Specification 13.2.5. For the building, where > 0. 3 to 0. 4; and > 1500 to 1800; and 0. 0; and 0. 0; and 0. 0 apply, Reflective must be provided or applied in accordance with Specification 13.2.5. For the building, where > 0. 3 to 0. 4; and > 1800 to 2400; and 0. 0; and 0. 0; and 0. 0 apply, Reflective must be provided or applied in accordance with Specification 13.2.5. For the building, where > 0. 4 to 0. 5; and 0; and X; and X; and X apply, X must be provided or applied in accordance with Specification 13.2.5. For the building, where > 0. 4 to 0. 5; and > 0 300; and 1. 0; and X; and X apply, X must be provided or applied in accordance with Specification 13.2.5. For the building, where > 0. 4 to 0. 5; and > 300 to 450; and 1. 0; and 1. 5; and X apply, X must be provided or applied in accordance with Specification 13.2.5. For the building, where > 0. 4 to 0. 5; and > 450 to 600; and Reflective; and 1. 0; and X apply, X must be provided or applied in accordance with Specification 13.2.5. For the building, where > 0. 4 to 0. 5; and > 600 to 900; and 0. 0; and Reflective; and 1. 0 apply, X must be provided or applied in accordance with Specification 13.2.5. For the building, where > 0. 4 to 0. 5; and > 900 to 1200; and 0. 0; and Reflective; and Reflective apply, 2. 0 must be provided or applied in accordance with Specification 13.2.5. For the building, where > 0. 4 to 0. 5; and > 1200 to 1500; and 0. 0; and 0. 0; and Reflective apply, 1. 0 must be provided or applied in accordance with Specification 13.2.5. For the building, where > 0. 4 to 0. 5; and > 1500 to 1800; and 0. 0; and 0. 0; and Reflective apply, Reflective must be provided or applied in accordance with Specification 13.2.5. For the building, where > 0. 4 to 0. 5; and > 1800 to 2400; and 0. 0; and 0. 0; and 0. 0 apply, Reflective must be provided or applied in accordance with Specification 13.2.5. For the building, where > 0. 5 to 0. 6; and 0; and X; and X; and X apply, X must be provided or applied in accordance with Specification 13.2.5. For the building, where > 0. 5 to 0. 6; and > 0 to 300; and 1. 5; and X; and X apply, X must be provided or applied in accordance with Specification 13.2.5. For the building, where > 0. 5 to 0. 6; and > 300 to 450; and 1. 0; and X; and X apply, X must be provided or applied in accordance with Specification 13.2.5. For the building, where > 0. 5 to 0. 6; and > 450 to 600; and Reflective; and 1. 5; and X apply, X must be provided or applied in accordance with Specification 13.2.5. For the building, where > 0. 5 to 0. 6; and > 600 to 900; and Reflective; and Reflective; and 1. 5 apply, X must be provided or applied in accordance with Specification 13.2.5. For the building, where > 0. 5 to 0. 6; and > 900 to 1200; and 0. 0; and Reflective; and Reflective apply, X must be provided or applied in accordance with Specification 13.2.5. For the building, where > 0. 5 to 0. 6; and > 1200 to 1500; and 0. 0; and Reflective; and Reflective apply, 1. 5 must be provided or applied in accordance with Specification 13.2.5. For the building, where > 0. 5 to 0. 6; and > 1500 to 1800; and 0. 0; and 0. 0; and Reflective apply, 1. 0 must be provided or applied in accordance with Specification 13.2.5. For the building, where > 0. 5 to 0. 6; and > 1800 to 2400; and 0. 0; and 0. 0; and Reflective apply, Reflective must be provided or applied in accordance with Specification 13.2.5. For the building, where > 0. 6 to 0. 7; and 0; and X; and X; and X apply, X must be provided or applied in accordance with Specification 13.2.5. For the building, where > 0. 6 to 0. 7; and > 0 to 300; and X; and X; and X apply, X must be provided or applied in accordance with Specification 13.2.5. For the building, where > 0. 6 to 0. 7; and > 300 to 450; and X; and X; and X apply, X must be provided or applied in accordance with Specification 13.2.5. For the building, where > 0. 6 to 0. 7; and > 450 to 600; and Reflective; and 2. 0; and X apply, X must be provided or applied in accordance with Specification 13.2.5. For the building, where > 0. 6 to 0. 7; and > 600 to 900; and Reflective; and 1. 0; and 2. 0 apply, X must be provided or applied in accordance with Specification 13.2.5. For the building, where > 0. 6 to 0. 7; and > 900 to 1200; and Reflective; and Reflective; and 1. 0 apply, X must be provided or applied in accordance with Specification 13.2.5. For the building, where > 0. 6 to 0. 7; and > 1200 to 1500; and 0. 0; and Reflective; and Reflective apply, 2. 0 must be provided or applied in accordance with Specification 13.2.5. For the building, where > 0. 6 to 0. 7; and > 1500 to 1800; and 0. 0; and Reflective; and Reflective apply, 1. 0 must be provided or applied in accordance with Specification 13.2.5. For the building, where > 0. 6 to 0. 7; and > 1800 to 2400; and 0. 0; and 0. 0; and Reflective apply, Reflective must be provided or applied in accordance with Specification 13.2.5.",1,1,"","","NCC 2022 Vol2","",0,"","","false","","NCC2022_Volume2_Tables_ClauseStyle.txt","2022"
"Vol2","H1","H","Table 13.2.5_4","table","Table 13.2.5_4","For the building, where SA; and Overhang (mm); and 2. 4; and > 2. 4 to 2. 7; and > 2. 7 to 3. 0 apply, > 3. 0 to 3. 6 must be provided or applied in accordance with Specification 13.2.5. For the building, where > 1800 to 2400; and 0. 0; and 0. 0; and Reflective apply, 1. 0 must be provided or applied in accordance with Specification 13.2.5. For the building, where > 0. 6 to 0. 7; and 0; and X; and X; and X apply, X must be provided or applied in accordance with Specification 13.2.5. For the building, where > 0. 6 to 0. 7; and > 0 to 300; and X; and X; and X apply, X must be provided or applied in accordance with Specification 13.2.5. For the building, where > 0. 6 to 0. 7; and > 300 to 450; and 1. 0; and X; and X apply, X must be provided or applied in accordance with Specification 13.2.5. For the building, where > 0. 6 to 0. 7; and > 450 to 600; and Reflective; and 2. 0; and X apply, X must be provided or applied in accordance with Specification 13.2.5. For the building, where > 0. 6 to 0. 7; and > 600 to 900; and Reflective; and 1. 0; and 2. 0 apply, X must be provided or applied in accordance with Specification 13.2.5. For the building, where > 0. 6 to 0. 7; and > 900 to 1200; and Reflective; and Reflective; and 1. 0 apply, X must be provided or applied in accordance with Specification 13.2.5. For the building, where > 0. 6 to 0. 7; and > 1200 to 1500; and Reflective; and Reflective; and Reflective apply, 2. 5 must be provided or applied in accordance with Specification 13.2.5. For the building, where > 0. 6 to 0. 7; and > 1500 to 1800; and 0. 0; and Reflective; and Reflective apply, 1. 5 must be provided or applied in accordance with Specification 13.2.5. For the building, where > 0. 6 to 0. 7; and > 1800 to 2400; and 0. 0; and 0. 0; and Reflective apply, 1. 0 must be provided or applied in accordance with Specification 13.2.5.",1,1,"","","NCC 2022 Vol2","",0,"","","false","","NCC2022_Volume2_Tables_ClauseStyle.txt","2022"
"Vol2","H1","H","Table 13.2.5_6","table","Table 13.2.5_6","For the building, where SA; and Overhang (mm); and 2. 4; and > 2. 4 to 2. 7; and > 2. 7 to 3. 0 apply, > 3. 0 to 3. 6 must be provided or applied in accordance with Specification 13.2.5. For the building, where > 0. 5 to 0. 7; and 0; and X; and X; and X apply, X must be provided or applied in accordance with Specification 13.2.5. For the building, where > 0. 5 to 0. 7; and > 0 to 300; and 2. 0; and X; and X apply, X must be provided or applied in accordance with Specification 13.2.5. For the building, where > 0. 5 to 0. 7; and > 300 to 450; and 1. 5; and X; and X apply, X must be provided or applied in accordance with Specification 13.2.5. For the building, where > 0. 5 to 0. 7; and > 450 to 600; and 1. 5; and 2. 0; and X apply, X must be provided or applied in accordance with Specification 13.2.5. For the building, where > 0. 5 to 0. 7; and > 600 to 900; and 1. 5; and 1. 5; and 2. 5 apply, X must be provided or applied in accordance with Specification 13.2.5. For the building, where > 0. 5 to 0. 7; and > 900 to 1200; and 1. 5; and 1. 5; and 1. 5 apply, X must be provided or applied in accordance with Specification 13.2.5. For the building, where > 0. 5 to 0. 7; and > 1200 to 1500; and 1. 5; and 1. 5; and 1. 5 apply, X must be provided or applied in accordance with Specification 13.2.5. For the building, where > 0. 5 to 0. 7; and > 1500 to 1800; and 1. 5; and 1. 5; and 1. 5 apply, 2. 0 must be provided or applied in accordance with Specification 13.2.5.",1,1,"","","NCC 2022 Vol2","",0,"","","false","","NCC2022_Volume2_Tables_ClauseStyle.txt","2022"
"Vol2","H1","H","Table 13.2.5_8","table","Table 13.2.5_8","For the building, where SA; and Overhang (mm); and 2. 4; and > 2. 4 to 2. 7; and > 2. 7 to 3. 0 apply, > 3. 0 to 3. 6 must be provided or applied in accordance with Specification 13.2.5. For the building, where > 1500 to 1800; and 0. 0; and 0. 0; and 0. 25 apply, 0. 25 must be provided or applied in accordance with Specification 13.2.5.",1,1,"","","NCC 2022 Vol2","",0,"","","false","","NCC2022_Volume2_Tables_ClauseStyle.txt","2022"
"Vol2","H1","H","Table 13.2.5_11","table","Table 13.2.5_11","For the building, where SA; and Overhang (mm); and 2. 4; and > 2. 4 to 2. 7; and > 2. 7 to 3. 0 apply, > 3. 0 to 3. 6 must be provided or applied in accordance with Specification 13.2.5. For the building, where > 1500 to 1800; and Reflective; and 1. 5; and 1. 5 apply, 2. 5 must be provided or applied in accordance with Specification 13.2.5. For the building, where > 1800 to 2400; and Reflective; and Reflective; and 1. 5 apply, 1. 5 must be provided or applied in accordance with Specification 13.2.5. For the building, where > 0. 5 to 0. 6; and 0; and X; and X; and X apply, X must be provided or applied in accordance with Specification 13.2.5. For the building, where > 0. 5 to 0. 6; and > to 300; and X; and X; and X apply, x must be provided or applied in accordance with Specification 13.2.5. For the building, where > 0. 5 to 0. 6; and > 300 to 450; and 2. 0; and X; and X apply, X must be provided or applied in accordance with Specification 13.2.5. For the building, where > 0. 5 to 0. 6; and > 450 to 600; and 1. 5; and X; and X apply, X must be provided or applied in accordance with Specification 13.2.5. For the building, where > 0. 5 to 0. 6; and > 600 to 900; and 1. 5; and 2. 0; and X apply, X must be provided or applied in accordance with Specification 13.2.5. For the building, where > 0. 5 to 0. 6; and > 900 to 1200; and 1. 5; and 1. 5; and 2. 0 apply, X must be provided or applied in accordance with Specification 13.2.5. For the building, where > 0. 5 to 0. 6; and > 1200 to 1500; and 1. 5; and 1. 5; and 1. 5 apply, X must be provided or applied in accordance with Specification 13.2.5. For the building, where > 0. 5 to 0. 6; and > 1500 to 1800; and 1. 5; and 1. 5; and 1. 5 apply, 2. 5 must be provided or applied in accordance with Specification 13.2.5. For the building, where > 0. 5 to 0. 6; and > 1800 to 2400; and Reflective; and 1. 5; and 1. 5 apply, 2. 0 must be provided or applied in accordance with Specification 13.2.5. For the building, where > 0. 6 to 0. 7; and 0; and X; and X; and X apply, X must be provided or applied in accordance with Specification 13.2.5. For the building, where > 0. 6 to 0. 7; and > 0 to 300; and X; and X; and X apply, X must be provided or applied in accordance with Specification 13.2.5. For the building, where > 0. 6 to 0. 7; and > 300 to 450; and 2. 5; and X; and X apply, X must be provided or applied in accordance with Specification 13.2.5. For the building, where > 0. 6 to 0. 7; and > 450 to 600; and 2. 0; and X; and X apply, X must be provided or applied in accordance with Specification 13.2.5. For the building, where > 0. 6 to 0. 7; and > 600 to 900; and 1. 5; and 2. 0; and X apply, X must be provided or applied in accordance with Specification 13.2.5. For the building, where > 0. 6 to 0. 7; and > 900 to 1200; and 1. 5; and 1. 5; and 2. 5 apply, X must be provided or applied in accordance with Specification 13.2.5. For the building, where > 0. 6 to 0. 7; and > 1200 to 1500; and 1. 5; and 1. 5; and 2. 0 apply, X must be provided or applied in accordance with Specification 13.2.5. For the building, where > 0. 6 to 0. 7; and > 1500 to 1800; and Reflective; and 1. 5; and 1. 5 apply, 2. 7 must be provided or applied in accordance with Specification 13.2.5. For the building, where > 0. 6 to 0. 7; and > 1800 to 2400; and Reflective; and 1. 5; and 1. 5 apply, 2. 0 must be provided or applied in accordance with Specification 13.2.5.",1,1,"","","NCC 2022 Vol2","",0,"","","false","","NCC2022_Volume2_Tables_ClauseStyle.txt","2022"
"Vol2","H1","H","Table 13.2.5_13","table","Table 13.2.5_13","For the building, where SA; and Overhang (mm); and 2. 4; and > 2. 4 to 2. 7; and > 2. 7 to 3. 0 apply, > 3. 0 to 3. 6 must be provided or applied in accordance with Specification 13.2.5. For the building, where > 0. 35 to 0. 5; and 0; and 2. 0; and 2. 5; and 2. 5 apply, X must be provided or applied in accordance with Specification 13.2.5. For the building, where > 0. 35 to 0. 5; and > 0 to 300; and 2. 0; and 2. 0; and 2. 5 apply, X must be provided or applied in accordance with Specification 13.2.5. For the building, where > 0. 35 to 0. 5; and > 300 to 450; and 2. 0; and 2. 0; and 2. 5 apply, 3. 0 must be provided or applied in accordance with Specification 13.2.5. For the building, where > 0. 35 to 0. 5; and > 450 to 600; and 2. 0; and 2. 0; and 2. 5 apply, 3. 0 must be provided or applied in accordance with Specification 13.2.5. For the building, where > 0. 35 to 0. 5; and > 600 to 900; and 2. 5; and 2. 5; and 2. 5 apply, 3. 0 must be provided or applied in accordance with Specification 13.2.5. For the building, where > 0. 35 to 0. 5; and > 900 to 1200; and X; and 2. 5; and 2. 5 apply, 3. 0 must be provided or applied in accordance with Specification 13.2.5. For the building, where > 0. 35 to 0. 5; and > 1200 to 1500; and X; and X; and 3. 0 apply, 3. 0 must be provided or applied in accordance with Specification 13.2.5. For the building, where > 0. 5 to 0. 7; and 0; and 2. 0; and 2. 5; and 2. 5 apply, X must be provided or applied in accordance with Specification 13.2.5. For the building, where > 0. 5 to 0. 7; and > 0 to 300; and 2. 0; and 2. 0; and 2. 5 apply, X must be provided or applied in accordance with Specification 13.2.5. For the building, where > 0. 5 to 0. 7; and > 300 to 450; and 2. 0; and 2. 0; and 2. 5 apply, 3. 0 must be provided or applied in accordance with Specification 13.2.5. For the building, where > 0. 5 to 0. 7; and > 450 to 600; and 2. 0; and 2. 0; and 2. 5 apply, 3. 0 must be provided or applied in accordance with Specification 13.2.5. For the building, where > 0. 5 to 0. 7; and > 600 to 900; and 2. 0; and 2. 0; and 2. 5 apply, 3. 0 must be provided or applied in accordance with Specification 13.2.5. For the building, where > 0. 5 to 0. 7; and > 900 to 1200; and 3. 0; and 2. 5; and 2. 5 apply, 3. 0 must be provided or applied in accordance with Specification 13.2.5. For the building, where > 0. 5 to 0. 7; and > 1200 to 1500; and X; and 3. 0; and 2. 5 apply, 3. 0 must be provided or applied in accordance with Specification 13.2.5.",1,1,"","","NCC 2022 Vol2","",0,"","","false","","NCC2022_Volume2_Tables_ClauseStyle.txt","2022"
"Vol2","H1","H","Table 13.2.5_15","table","Table 13.2.5_15","For the building, where SA; and Overhang (mm); and 2. 4; and > 2. 4 to 2. 7; and > 2. 7 to 3. 0 apply, > 3. 0 to 3. 6 must be provided or applied in accordance with Specification 13.2.5. For the building, where > 0. 5 to 0. 7; and 0; and 0. 0; and 0. 25; and 0. 25 apply, 0. 51 must be provided or applied in accordance with Specification 13.2.5. For the building, where > 0. 5 to 0. 7; and > 0 to 300; and 0. 25; and 0. 25; and 0. 25 apply, 0. 51 must be provided or applied in accordance with Specification 13.2.5. For the building, where > 0. 5 to 0. 7; and > 300 to 450; and 0. 25; and 0. 25; and 0. 51 apply, 0. 51 must be provided or applied in accordance with Specification 13.2.5. For the building, where > 0. 5 to 0. 7; and > 450 to 600; and 0. 25; and 0. 25; and 0. 51 apply, 0. 51 must be provided or applied in accordance with Specification 13.2.5. For the building, where > 0. 5 to 0. 7; and > 600 to 900; and 0. 25; and 0. 51; and 0. 51 apply, 0. 62 must be provided or applied in accordance with Specification 13.2.5. For the building, where > 0. 5 to 0. 7; and > 900 to 1200; and 0. 51; and 0. 62; and 0. 62 apply, 0. 75 must be provided or applied in accordance with Specification 13.2.5. For the building, where > 0. 5 to 0. 7; and > 1200 to 1500; and 1. 08; and 1. 08; and 1. 08 apply, 1. 08 must be provided or applied in accordance with Specification 13.2.5. For the building, where > 0. 5 to 0. 7; and > 1500 to 1800; and 1. 44; and 1. 44; and 1. 08 apply, 1. 08 must be provided or applied in accordance with Specification 13.2.5.",1,1,"","","NCC 2022 Vol2","",0,"","","false","","NCC2022_Volume2_Tables_ClauseStyle.txt","2022"
"Vol2","H1","H","Table 13.2.5_19","table","Table 13.2.5_19","For the building, where SA; and Overhang (mm); and 2. 4; and > 2. 4 to 2. 7; and > 2. 7 to 3. 0 apply, > 3. 0 to 3. 6 must be provided or applied in accordance with Specification 13.2.5. For the building, where > 450 to 600; and X; and X; and X apply, X must be provided or applied in accordance with Specification 13.2.5. For the building, where > 600 to 900; and X; and X; and X apply, X must be provided or applied in accordance with Specification 13.2.5. For the building, where > 0. 5 to 0. 7; and 0; and 2. 0; and 2. 0; and 2. 4 apply, X must be provided or applied in accordance with Specification 13.2.5. For the building, where > 0. 5 to 0. 7; and > 0 to 300; and 2. 0; and 2. 4; and 2. 5 apply, X must be provided or applied in accordance with Specification 13.2.5. For the building, where > 0. 5 to 0. 7; and > 300 to 450; and 2. 4; and 2. 4; and 2. 5 apply, X must be provided or applied in accordance with Specification 13.2.5. For the building, where > 0. 5 to 0. 7; and > 450 to 600; and 2. 5; and 2. 5; and X apply, X must be provided or applied in accordance with Specification 13.2.5. For the building, where > 0. 5 to 0. 7; and > 600 to 900; and X; and X; and X apply, X must be provided or applied in accordance with Specification 13.2.5. For the building, where > 0. 7 to 0. 85; and 0; and 1. 5; and 2. 0; and 2. 4 apply, X must be provided or applied in accordance with Specification 13.2.5. For the building, where > 0. 7 to 0. 85; and > 0 to 300; and 2. 0; and 2. 0; and 2. 4 apply, X must be provided or applied in accordance with Specification 13.2.5. For the building, where > 0. 7 to 0. 85; and > 300 to 450; and 2. 4; and 2. 4; and 2. 4 apply, X must be provided or applied in accordance with Specification 13.2.5. For the building, where > 0. 7 to 0. 85; and > 450 to 600; and 2. 4; and 2. 4; and 2. 4 apply, X must be provided or applied in accordance with Specification 13.2.5. For the building, where > 0. 7 to 0. 85; and > 600 to 900; and X; and X; and X apply, X must be provided or applied in accordance with Specification 13.2.5.",1,1,"","","NCC 2022 Vol2","",0,"","","false","","NCC2022_Volume2_Tables_ClauseStyle.txt","2022"
"Vol2","H1","H","Table 13.2.5_21","table","Table 13.2.5_21","For the building, where > 300 to 450; and 1. 08; and 0. 62; and 0. 75 apply, 1. 08 must be provided or applied in accordance with Specification 13.2.5. For the building, where > 450 to 600; and 1. 08; and 1. 08; and 1. 08 apply, 1. 08 must be provided or applied in accordance with Specification 13.2.5. For the building, where > 600 to 900; and X; and 1. 44; and 1. 08 apply, 1. 44 must be provided or applied in accordance with Specification 13.2.5. For the building, where > 900 to 1200; and X; and X; and 1. 44 apply, 1. 44 must be provided or applied in accordance with Specification 13.2.5. For the building, where Table Notes (1) SA = solar absorptance. (2) R-Values listed are for the labelled, declared R-Value of insulation. (3) X = not permitted. (4) This Table shows wall heights for single storey dwellings. For two storey (or more) dwellings, add R0. 25 to the R- Values given in this Table, to a maximum R-Value of R1. 44.; and Table Notes (1) SA = solar absorptance. (2) R-Values listed are for the labelled, declared R-Value of insulation. (3) X = not permitted. (4) This Table shows wall heights for single storey dwellings. For two storey (or more) dwellings, add R0. 25 to the R- Values given in this Table, to a maximum R-Value of R1. 44.; and Table Notes (1) SA = solar absorptance. (2) R-Values listed are for the labelled, declared R-Value of insulation. (3) X = not permitted. (4) This Table shows wall heights for single storey dwellings. For two storey (or more) dwellings, add R0. 25 to the R- Values given in this Table, to a maximum R-Value of R1. 44.; and Table Notes (1) SA = solar absorptance. (2) R-Values listed are for the labelled, declared R-Value of insulation. (3) X = not permitted. (4) This Table shows wall heights for single storey dwellings. For two storey (or more) dwellings, add R0. 25 to the R- Values given in this Table, to a maximum R-Value of R1. 44.; and Table Notes (1) SA = solar absorptance. (2) R-Values listed are for the labelled, declared R-Value of insulation. (3) X = not permitted. (4) This Table shows wall heights for single storey dwellings. For two storey (or more) dwellings, add R0. 25 to the R- Values given in this Table, to a maximum R-Value of R1. 44. apply, Table Notes (1) SA = solar absorptance. (2) R-Values listed are for the labelled, declared R-Value of insulation. (3) X = not permitted. (4) This Table shows wall heights for single storey dwellings. For two storey (or more) dwellings, add R0. 25 to the R- Values given in this Table, to a maximum R-Value of R1. 44 must be provided or applied in accordance wit... For the building, where Table 13. 2. 5m: Masonry veneer wall - minimum insulation R-Value: climate zone 7; and Table 13. 2. 5m: Masonry veneer wall - minimum insulation R-Value: climate zone 7; and Table 13. 2. 5m: Masonry veneer wall - minimum insulation R-Value: climate zone 7; and Table 13. 2. 5m: Masonry veneer wall - minimum insulation R-Value: climate zone 7; and Table 13. 2. 5m: Masonry veneer wall - minimum insulation R-Value: climate zone 7 apply, Table 13. 2. 5m: Masonry veneer wall - minimum insulation R-Value: climate zone 7 must be provided or applied in accordance with Specification 13.2.5. For the building, where SA; and Overhang (mm); and Wall height (m); and Wall height (m); and Wall height (m) apply, Wall height (m) must be provided or applied in accordance with Specification 13.2.5. For the building, where 0. 35; and 0 > 0 to 300 > 300 to 450 > 450 to 600 > 600 to 900 > 900 to 1200; and 1. 5 2. 0 2. 4 X X X; and 1. 5 1. 5 2. 0 2. 4 X X; and 1. 5 2. 0 2. 0 2. 0 X X apply, 2. 4 2. 4 2. 4 2. 4 X X must be provided or applied in accordance with Specification 13.2.5. For the building, where > 0. 35 to 0. 5; and 0 > 0 to 300 > 300 to 450 > 450 to 600 > 600 to 900 > 900 to 1200; and 1. 5 1. 5 2. 4 X X X; and 1. 5 1. 5 2. 0 2. 0 X X; and 1. 5 2. 0 2. 0 2. 0 2. 5 X apply, 2. 0 2. 4 2. 4 2. 4 2. 4 X must be provided or applied in accordance with Specification 13.2.5. For the building, where > 0. 5 to 0. 7; and 0 > 0 to 300 > 300 to 450 > 450 to 600 > 600 to 900 > 900 to 1200; and 1. 5 1. 5 2. 0 2. 5 X X; and 1. 5 1. 5 1. 5 2. 0 X X; and 1. 5 1. 5 1. 5 2. 0 2. 4 X apply, 2. 0 2. 0 2. 0 2. 0 2. 4 X must be provided or applied in accordance with Specification 13.2.5. For the building, where > 0. 7 to 0. 85; and 0 > 0 to 300 > 300 to 450 > 450 to 600 > 600 to 900 > 900 to 1200; and 1. 5 1. 5 2. 0 2. 4 X X; and 1. 5 1. 5 1. 5 2. 0 X X; and 1. 5 1. 5 1. 5 2. 0 2. 4 X apply, 1. 5 2. 0 2. 0 2. 0 2. 0 2. 4 must be provided or applied in accordance with Specification 13.2.5. For the building, where Table Notes (1) SA = solar absorptance. (2) R-Values listed are for the labelled, declared R-Value of insulation. (3) X = not permitted.; and Table Notes (1) SA = solar absorptance. (2) R-Values listed are for the labelled, declared R-Value of insulation. (3) X = not permitted.; and Table Notes (1) SA = solar absorptance. (2) R-Values listed are for the labelled, declared R-Value of insulation. (3) X = not permitted.; and Table Notes (1) SA = solar absorptance. (2) R-Values listed are for the labelled, declared R-Value of insulation. (3) X = not permitted.; and Table Notes (1) SA = solar absorptance. (2) R-Values listed are for the labelled, declared R-Value of insulation. (3) X = not permitted. apply, Table Notes (1) SA = solar absorptance. (2) R-Values listed are for the labelled, declared R-Value of insulation. (3) X = not permitted must be provided or applied in accordance with Specification 13.2.5.",1,1,"","","NCC 2022 Vol2","",0,"","","false","","NCC2022_Volume2_Tables_ClauseStyle.txt","2022"
"Vol2","H1","H","Table 13.2.5_24","table","Table 13.2.5_24","For the building, where SA; and Overhang (mm); and 2. 4; and > 2. 4 to 2. 7; and > 2. 7 to 3. 0 apply, > 3. 0 to 3. 6 must be provided or applied in accordance with Specification 13.2.5. For the building, where > 900 to 1200; and X; and X; and X apply, X must be provided or applied in accordance with Specification 13.2.5.",1,1,"","","NCC 2022 Vol2","",0,"","","false","","NCC2022_Volume2_Tables_ClauseStyle.txt","2022"
"Vol2","H1","H","Table 13.2.5_28","table","Table 13.2.5_28","For the building, where 2. 0 applies, 2. 08 must be provided or applied in accordance with Specification 13.2.5. For the building, where 2. 5 applies, 2. 34 must be provided or applied in accordance with Specification 13.2.5. For the building, where 2. 7 applies, 2. 44 must be provided or applied in accordance with Specification 13.2.5. For the building, where 3. 0 applies, 2. 57 must be provided or applied in accordance with Specification 13.2.5.",1,1,"","","NCC 2022 Vol2","",0,"","","false","","NCC2022_Volume2_Tables_ClauseStyle.txt","2022"
"Vol2","H1","H","Table 13.2.5_35","table","Table 13.2.5_35","For the building, where >600 to 900 applies, 0. 5 must be provided or applied in accordance with Specification 13.2.5. For the building, where >900 to 1200 applies, 0. 5 must be provided or applied in accordance with Specification 13.2.5. For the building, where >1200 to 1500 applies, 0. 5 must be provided or applied in accordance with Specification 13.2.5. For the building, where >1500 to 1800 applies, 0. 5 must be provided or applied in accordance with Specification 13.2.5.",1,1,"","","NCC 2022 Vol2","",0,"","","false","","NCC2022_Volume2_Tables_ClauseStyle.txt","2022"
"Vol2","H1","H","Table 13.2.5_38","table","Table 13.2.5_38","For the building, where 600; and Yes; and 0. 0 apply, 2. 0 must be provided or applied in accordance with Specification 13.2.5. For the building, where >600 to 900; and No; and 0. 0 apply, 1. 5 must be provided or applied in accordance with Specification 13.2.5. For the building, where >600 to 900; and Yes; and 0. 0 apply, 2. 0 must be provided or applied in accordance with Specification 13.2.5. For the building, where >900 to 1200; and No; and 0. 0 apply, 2. 0 must be provided or applied in accordance with Specification 13.2.5. For the building, where >900 to 1200; and Yes; and 0. 0 apply, 2. 0 must be provided or applied in accordance with Specification 13.2.5. For the building, where >1200 to 1500; and No; and 0. 0 apply, 2. 0 must be provided or applied in accordance with Specification 13.2.5. For the building, where >1200 to 1500; and Yes; and 0. 0 apply, 2. 0 must be provided or applied in accordance with Specification 13.2.5. For the building, where >1500 to 1800; and No; and 0. 0 apply, 2. 5 must be provided or applied in accordance with Specification 13.2.5. For the building, where >1500 to 1800; and No; and 0. 5 apply, 2. 0 must be provided or applied in accordance with Specification 13.2.5. For the building, where >1500 to 1800; and Yes; and 0. 0 apply, 2. 5 must be provided or applied in accordance with Specification 13.2.5. For the building, where >1500 to 1800; and Yes; and 0. 5 apply, 2. 0 must be provided or applied in accordance with Specification 13.2.5.",1,1,"","","NCC 2022 Vol2","",0,"","","false","","NCC2022_Volume2_Tables_ClauseStyle.txt","2022"
"Vol2","H1","H","Table 13.2.5_41","table","Table 13.2.5_41","For the building, where 600; and Yes; and 0. 0 apply, 1. 5 must be provided or applied in accordance with Specification 13.2.5. For the building, where >600 to 900; and No; and 0. 0 apply, 2. 5 must be provided or applied in accordance with Specification 13.2.5. For the building, where >600 to 900; and Yes; and 0. 0 apply, 1. 5 must be provided or applied in accordance with Specification 13.2.5. For the building, where >900 to 1200; and No; and 0. 0 apply, 3. 0 must be provided or applied in accordance with Specification 13.2.5. For the building, where >900 to 1200; and Yes; and 0. 0 apply, 1. 5 must be provided or applied in accordance with Specification 13.2.5. For the building, where >1200 to 1500; and No; and 0. 0 apply, 3. 0 must be provided or applied in accordance with Specification 13.2.5. For the building, where >1200 to 1500; and Yes; and 0. 0 apply, 1. 5 must be provided or applied in accordance with Specification 13.2.5. For the building, where >1500 to 1800; and No; and 0. 0 apply, 3. 0 must be provided or applied in accordance with Specification 13.2.5. For the building, where >1500 to 1800; and Yes; and 1. 0 apply, 1. 5 must be provided or applied in accordance with Specification 13.2.5. For the building, where >1500 to 1800; and Yes; and 0. 0 apply, 2. 0 must be provided or applied in accordance with Specification 13.2.5.",1,1,"","","NCC 2022 Vol2","",0,"","","false","","NCC2022_Volume2_Tables_ClauseStyle.txt","2022"
"Vol2","H1","H","Table 13.2.5_44","table","Table 13.2.5_44","For the building, where 0. 5; and Other apply, 0. 71 must be provided or applied in accordance with Specification 13.2.5. For the building, where 1. 0; and Carpet apply, 1. 30 must be provided or applied in accordance with Specification 13.2.5. For the building, where 1. 0; and Other apply, 1. 15 must be provided or applied in accordance with Specification 13.2.5. For the building, where 1. 5; and Carpet apply, 1. 65 must be provided or applied in accordance with Specification 13.2.5. For the building, where 1. 5; and Other apply, 1. 50 must be provided or applied in accordance with Specification 13.2.5. For the building, where 2. 0; and Carpet apply, 1. 97 must be provided or applied in accordance with Specification 13.2.5. For the building, where 2. 0; and Other apply, 1. 83 must be provided or applied in accordance with Specification 13.2.5. For the building, where 2. 5; and Carpet apply, 2. 27 must be provided or applied in accordance with Specification 13.2.5. For the building, where 2. 5; and Other apply, 2. 11 must be provided or applied in accordance with Specification 13.2.5. For the building, where 3. 0; and Carpet apply, 2. 52 must be provided or applied in accordance with Specification 13.2.5. For the building, where 3. 0; and Other apply, 2. 37 must be provided or applied in accordance with Specification 13.2.5. For the building, where 3. 5; and Carpet apply, 2. 59 must be provided or applied in accordance with Specification 13.2.5. For the building, where 3. 5; and Other apply, 2. 47 must be provided or applied in accordance with Specification 13.2.5. For the building, where 4. 0; and Carpet apply, 2. 79 must be provided or applied in accordance with Specification 13.2.5. For the building, where 4. 0; and Other apply, 2. 65 must be provided or applied in accordance with Specification 13.2.5.",1,1,"","","NCC 2022 Vol2","",0,"","","false","","NCC2022_Volume2_Tables_ClauseStyle.txt","2022"
"Vol2","H1","H","Table 13.2.5_47","table","Table 13.2.5_47","",1,1,"","","NCC 2022 Vol2","",0,"","","false","","NCC2022_Volume2_Tables_ClauseStyle.txt","2022"
"Vol2","H1","H","Table 13.2.7_1","table","Table 13.2.7_1","For Class 10a, where Class 10a garage applies, Class 1 ground floor must be provided or applied in accordance with Specification 13.2.7.",1,1,"","","NCC 2022 Vol2","",0,"","","false","","NCC2022_Volume2_Tables_ClauseStyle.txt","2022"
"Vol2","H1","H","Table 13.2.7_2","table","Table 13.2.7_2","For Class 10a, where Class 10a garage applies, Class 1 ground floor must be provided or applied in accordance with Specification 13.2.7.",1,1,"","","NCC 2022 Vol2","",0,"","","false","","NCC2022_Volume2_Tables_ClauseStyle.txt","2022"
"Vol2","H1","H","Table 13.3.2_4","table","Table 13.3.2_4","For the building, where 0. 80; and 0. 70; and 0. 59; and 0. 55; and 0. 24; and 0. 10; and 0. 41; and 0. 57 apply, 0. 69 must be provided or applied in accordance with Specification 13.3.2. For the building, where 1. 00; and 0. 49; and 0. 50; and 0. 45; and 0. 22; and 0. 09; and 0. 35; and 0. 48 apply, 0. 57 must be provided or applied in accordance with Specification 13.3.2. For the building, where 1. 20; and 0. 30; and 0. 40; and 0. 39; and 0. 20; and 0. 09; and 0. 33; and 0. 46 apply, 0. 47 must be provided or applied in accordance with Specification 13.3.2. For the building, where 1. 40; and 0. 25; and 0. 34; and 0. 32; and 0. 18; and 0. 08; and 0. 31; and 0. 40 apply, 0. 39 must be provided or applied in accordance with Specification 13.3.2. For the building, where 1. 60; and 0. 20; and 0. 27; and 0. 31; and 0. 18; and 0. 08; and 0. 29; and 0. 34 apply, 0. 35 must be provided or applied in accordance with Specification 13.3.2. For the building, where 1. 80; and 0. 17; and 0. 24; and 0. 27; and 0. 17; and 0. 07; and 0. 27; and 0. 30 apply, 0. 29 must be provided or applied in accordance with Specification 13.3.2. For the building, where 2. 00; and 0. 14; and 0. 18; and 0. 24; and 0. 16; and 0. 07; and 0. 27; and 0. 29 apply, 0. 28 must be provided or applied in accordance with Specification 13.3.2.",1,1,"","","NCC 2022 Vol2","",0,"","","false","","NCC2022_Volume2_Tables_ClauseStyle.txt","2022"
"Vol2","H1","H","Table 13.3.2_7","table","Table 13.3.2_7","For the building, where 2. 00; and 0. 13; and 0. 19; and 0. 20; and 0. 26; and 0. 36; and 0. 36; and 0. 29 apply, 0. 29 must be provided or applied in accordance with Specification 13.3.2.",1,1,"","","NCC 2022 Vol2","",0,"","","false","","NCC2022_Volume2_Tables_ClauseStyle.txt","2022"
"Vol2","H1","H","Table 13.3.2_13","table","Table 13.3.2_13","For the building, where 0. 20; and 1. 30; and 0. 98; and 0. 77; and 0. 47; and 0. 35; and 0. 68; and 0. 94 apply, 1. 23 must be provided or applied in accordance with Specification 13.3.2. For the building, where 0. 40; and 1. 19; and 0. 81; and 0. 64; and 0. 40; and 0. 30; and 0. 59; and 0. 77 apply, 1. 02 must be provided or applied in accordance with Specification 13.3.2. For the building, where 0. 60; and 0. 97; and 0. 67; and 0. 52; and 0. 35; and 0. 27; and 0. 51; and 0. 66 apply, 0. 84 must be provided or applied in accordance with Specification 13.3.2. For the building, where 0. 80; and 0. 78; and 0. 55; and 0. 46; and 0. 32; and 0. 25; and 0. 46; and 0. 59 apply, 0. 68 must be provided or applied in accordance with Specification 13.3.2. For the building, where 1. 00; and 0. 64; and 0. 42; and 0. 36; and 0. 29; and 0. 23; and 0. 42; and 0. 50 apply, 0. 59 must be provided or applied in accordance with Specification 13.3.2. For the building, where 1. 20; and 0. 43; and 0. 37; and 0. 33; and 0. 27; and 0. 22; and 0. 39; and 0. 41 apply, 0. 46 must be provided or applied in accordance with Specification 13.3.2. For the building, where 1. 40; and 0. 32; and 0. 28; and 0. 27; and 0. 25; and 0. 21; and 0. 37; and 0. 39 apply, 0. 40 must be provided or applied in accordance with Specification 13.3.2. For the building, where 1. 60; and 0. 22; and 0. 24; and 0. 25; and 0. 23; and 0. 18; and 0. 32; and 0. 32 apply, 0. 33 must be provided or applied in accordance with Specification 13.3.2. For the building, where 1. 80; and 0. 18; and 0. 20; and 0. 21; and 0. 22; and 0. 18; and 0. 32; and 0. 28 apply, 0. 30 must be provided or applied in accordance with Specification 13.3.2. For the building, where 2. 00; and 0. 14; and 0. 15; and 0. 20; and 0. 20; and 0. 18; and 0. 29; and 0. 27 apply, 0. 22 must be provided or applied in accordance with Specification 13.3.2.",1,1,"","","NCC 2022 Vol2","",0,"","","false","","NCC2022_Volume2_Tables_ClauseStyle.txt","2022"
"Vol2","H1","H","Table 13.3.2_16","table","Table 13.3.2_16","For the building, where 1. 20; and 0. 56; and 0. 54; and 0. 46; and 0. 31; and 0. 31; and 0. 30; and 0. 54 apply, 0. 55 must be provided or applied in accordance with Specification 13.3.2. For the building, where 1. 40; and 0. 42; and 0. 41; and 0. 42; and 0. 27; and 0. 31; and 0. 28; and 0. 48 apply, 0. 49 must be provided or applied in accordance with Specification 13.3.2. For the building, where 1. 60; and 0. 35; and 0. 37; and 0. 35; and 0. 26; and 0. 29; and 0. 25; and 0. 42 apply, 0. 42 must be provided or applied in accordance with Specification 13.3.2. For the building, where 1. 80; and 0. 26; and 0. 30; and 0. 34; and 0. 24; and 0. 27; and 0. 23; and 0. 41 apply, 0. 38 must be provided or applied in accordance with Specification 13.3.2. For the building, where 2. 00; and 0. 20; and 0. 27; and 0. 32; and 0. 22; and 0. 25; and 023; and 0. 36 apply, 0. 30 must be provided or applied in accordance with Specification 13.3.2.",1,1,"","","NCC 2022 Vol2","",0,"","","false","","NCC2022_Volume2_Tables_ClauseStyle.txt","2022"
"Vol2","H1","H","Table 13.3.2_22","table","Table 13.3.2_22","For the building, where 0. 10; and 1. 33; and 1. 17; and 1. 05; and 0. 63; and 0. 46; and 0. 71; and 0. 91 apply, 1. 17 must be provided or applied in accordance with Specification 13.3.2. For the building, where 0. 20; and 1. 12; and 1. 05; and 0. 95; and 0. 56; and 0. 42; and 0. 63; and 0. 82 apply, 1. 05 must be provided or applied in accordance with Specification 13.3.2. For the building, where 0. 40; and 1. 02; and 0. 88; and 0. 77; and 0. 47; and 0. 35; and 0. 53; and 0. 66 apply, 0. 87 must be provided or applied in accordance with Specification 13.3.2. For the building, where 0. 60; and 0. 85; and 0. 71; and 0. 66; and 0. 41; and 0. 31; and 0. 46; and 0. 57 apply, 0. 72 must be provided or applied in accordance with Specification 13.3.2. For the building, where 0. 80; and 0. 72; and 0. 58; and 0. 56; and 0. 36; and 0. 29; and 0. 40; and 0. 47 apply, 0. 59 must be provided or applied in accordance with Specification 13.3.2. For the building, where 1. 00; and 0. 57; and 0. 51; and 0. 48; and 0. 34; and 0. 26; and 0. 36; and 0. 39 apply, 0. 51 must be provided or applied in accordance with Specification 13.3.2. For the building, where 1. 20; and 0. 39; and 0. 40; and 0. 42; and 0. 30; and 0. 25; and 0. 34; and 0. 35 apply, 0. 41 must be provided or applied in accordance with Specification 13.3.2. For the building, where 1. 40; and 0. 32; and 0. 36; and 0. 38; and 0. 29; and 0. 23; and 0. 32; and 0. 31 apply, 0. 33 must be provided or applied in accordance with Specification 13.3.2. For the building, where 1. 60; and 0. 22; and 0. 27; and 0. 32; and 0. 27; and 0. 22; and 0. 29; and 0. 29 apply, 0. 28 must be provided or applied in accordance with Specification 13.3.2. For the building, where 1. 80; and 0. 17; and 0. 24; and 0. 29; and 0. 24; and 0. 21; and 0. 27; and 0. 25 apply, 0. 25 must be provided or applied in accordance with Specification 13.3.2. For the building, where 2. 00; and 0. 14; and 0. 22; and 0. 24; and 0. 24; and 0. 20; and 0. 27; and 0. 22 apply, 0. 20 must be provided or applied in accordance with Specification 13.3.2.",1,1,"","","NCC 2022 Vol2","",0,"","","false","","NCC2022_Volume2_Tables_ClauseStyle.txt","2022"
"Vol2","H1","H","Table 13.3.2_38","table","Table 13.3.2_38","For the building, where Bedroom solar heat gain factor (BSW); and 1. 22 apply, 0. 50 must be provided or applied in accordance with Specification 13.3.2. For the building, where Level factor (LW) for all floor levels above the lowest floor; and 1. 30 apply, 1. 10 must be provided or applied in accordance with Specification 13.3.2. For the building, where Frame factor (FW) for frames with a solar absorptance of 0. 40; and 0. 97 apply, 0. 97 must be provided or applied in accordance with Specification 13.3.2. For the building, where Frame factor (FW) for frames with a solar absorptance of > 0. 40 to < 0. 68; and 1. 00 apply, 1. 00 must be provided or applied in accordance with Specification 13.3.2. For the building, where Frame factor (FW) for frames with a solar absorptance of 0. 68; and 1. 05 apply, 1. 05 must be provided or applied in accordance with Specification 13.3.2. For the building, where Floor factor (for tiled or vinyl covered floor) (HW); and 1. 03 apply, Not applicable must be provided or applied in accordance with Specification 13.3.2.",1,1,"","","NCC 2022 Vol2","",0,"","","false","","NCC2022_Volume2_Tables_ClauseStyle.txt","2022"
"Vol2","H1","H","Table 13.3.3_5","table","Table 13.3.3_5","For the building, where 0. 40; and 0. 32; and 0. 57; and 0. 90; and 0. 54; and 0. 22; and 0. 63; and 1. 10 apply, 0. 65 must be provided or applied in accordance with Specification 13.3.3. For the building, where 0. 60; and 0. 27; and 0. 45; and 0. 74; and 0. 44; and 0. 18; and 0. 52; and 0. 89 apply, 0. 48 must be provided or applied in accordance with Specification 13.3.3. For the building, where 0. 80; and 0. 24; and 0. 38; and 0. 62; and 0. 36; and 0. 16; and 0. 43; and 0. 77 apply, 0. 42 must be provided or applied in accordance with Specification 13.3.3. For the building, where 1. 00; and 0. 21; and 0. 31; and 0. 53; and 0. 31; and 0. 13; and 0. 38; and 0. 63 apply, 0. 34 must be provided or applied in accordance with Specification 13.3.3. For the building, where 1. 20; and 0. 19; and 0. 28; and 0. 43; and 0. 27; and 0. 12; and 0. 32; and 0. 55 apply, 0. 30 must be provided or applied in accordance with Specification 13.3.3. For the building, where 1. 40; and 0. 17; and 0. 25; and 0. 39; and 0. 25; and 0. 12; and 0. 28; and 0. 48 apply, 0. 26 must be provided or applied in accordance with Specification 13.3.3. For the building, where 1. 60; and 0. 16; and 0. 24; and 0. 34; and 0. 22; and 0. 10; and 0. 25; and 0. 41 apply, 0. 24 must be provided or applied in accordance with Specification 13.3.3. For the building, where 1. 80; and 0. 14; and 0. 21; and 0. 30; and 0. 20; and 0. 09; and 0. 24; and 0. 37 apply, 0. 22 must be provided or applied in accordance with Specification 13.3.3. For the building, where 2. 00; and 0. 14; and 0. 19; and 0. 27; and 0. 19; and 0. 09; and 0. 21; and 0. 36 apply, 0. 20 must be provided or applied in accordance with Specification 13.3.3.",1,1,"","","NCC 2022 Vol2","",0,"","","false","","NCC2022_Volume2_Tables_ClauseStyle.txt","2022"
"Vol2","H1","H","Table 13.3.3_8","table","Table 13.3.3_8","For the building, where 1. 60; and 0. 29; and 0. 29; and 0. 40; and 0. 35; and 0. 22; and 0. 39; and 0. 39 apply, 0. 29 must be provided or applied in accordance with Specification 13.3.3. For the building, where 1. 80; and 0. 26; and 0. 28; and 0. 36; and 0. 31; and 0. 22; and 0. 35; and 0. 36 apply, 0. 27 must be provided or applied in accordance with Specification 13.3.3. For the building, where 2. 00; and 0. 26; and 0. 26; and 0. 30; and 0. 31; and 0. 21; and 0. 30; and 0. 30 apply, 0. 24 must be provided or applied in accordance with Specification 13.3.3.",1,1,"","","NCC 2022 Vol2","",0,"","","false","","NCC2022_Volume2_Tables_ClauseStyle.txt","2022"
"Vol2","H1","H","Table 13.3.3_14","table","Table 13.3.3_14","For the building, where 0. 40; and 0. 47; and 0. 61; and 0. 64; and 0. 36; and 0. 13; and 0. 47; and 0. 93 apply, 0. 73 must be provided or applied in accordance with Specification 13.3.3. For the building, where 0. 60; and 0. 42; and 0. 48; and 0. 52; and 0. 29; and 0. 12; and 0. 38; and 0. 75 apply, 0. 56 must be provided or applied in accordance with Specification 13.3.3. For the building, where 0. 80; and 0. 36; and 0. 39; and 0. 45; and 0. 25; and 0. 10; and 0. 32; and 0. 60 apply, 0. 47 must be provided or applied in accordance with Specification 13.3.3. For the building, where 1. 00; and 0. 31; and 0. 33; and 0. 38; and 0. 21; and 0. 09; and 0. 28; and 0. 53 apply, 0. 36 must be provided or applied in accordance with Specification 13.3.3. For the building, where 1. 20; and 0. 29; and 0. 27; and 0. 32; and 0. 19; and 0. 08; and 0. 25; and 0. 46 apply, 0. 32 must be provided or applied in accordance with Specification 13.3.3. For the building, where 1. 40; and 0. 25; and 0. 24; and 0. 29; and 0. 17; and 0. 07; and 0. 22; and 0. 39 apply, 0. 28 must be provided or applied in accordance with Specification 13.3.3. For the building, where 1. 60; and 0. 24; and 0. 23; and 0. 26; and 0. 14; and 0. 06; and 0. 20; and 0. 35 apply, 0. 25 must be provided or applied in accordance with Specification 13.3.3. For the building, where 1. 80; and 0. 22; and 0. 21; and 0. 23; and 0. 13; and 0. 06; and 0. 17; and 0. 31 apply, 0. 24 must be provided or applied in accordance with Specification 13.3.3. For the building, where 2. 00; and 0. 20; and 0. 18; and 0. 22; and 0. 13; and 0. 06; and 0. 16; and 0. 29 apply, 0. 22 must be provided or applied in accordance with Specification 13.3.3.",1,1,"","","NCC 2022 Vol2","",0,"","","false","","NCC2022_Volume2_Tables_ClauseStyle.txt","2022"
"Vol2","H1","H","Table 13.3.3_17","table","Table 13.3.3_17","For the building, where 1. 40; and 0. 21; and 0. 22; and 0. 29; and 0. 20; and 0. 12; and 0. 22; and 0. 31 apply, 0. 23 must be provided or applied in accordance with Specification 13.3.3. For the building, where 1. 60; and 0. 20; and 0. 21; and 0. 26; and 0. 17; and 0. 11; and 0. 20; and 0. 27 apply, 0. 20 must be provided or applied in accordance with Specification 13.3.3. For the building, where 1. 80; and 0. 18; and 0. 19; and 0. 23; and 0. 16; and 0. 10; and 0. 17; and 0. 24 apply, 0. 19 must be provided or applied in accordance with Specification 13.3.3. For the building, where 2. 00; and 0. 17; and 0. 16; and 0. 22; and 0. 16; and 0. 10; and 0. 16; and 0. 23 apply, 0. 18 must be provided or applied in accordance with Specification 13.3.3.",1,1,"","","NCC 2022 Vol2","",0,"","","false","","NCC2022_Volume2_Tables_ClauseStyle.txt","2022"
"Vol2","H1","H","Table 13.3.3_23","table","Table 13.3.3_23","For the building, where Frame factor (FS) for frames with a solar absorptance of 0. 40; and 0. 91 apply, 0. 87 must be provided or applied in accordance with Specification 13.3.3. For the building, where Frame factor (FS) for frames with a solar absorptance of > 0. 40 to < 0. 68; and 1. 00 apply, 1. 00 must be provided or applied in accordance with Specification 13.3.3. For the building, where Frame factor (FS) for frames with a solar absorptance of 0. 68; and 1. 15 apply, 1. 21 must be provided or applied in accordance with Specification 13.3.3. For the building, where Floor factor (for tiled or vinyl covered floor) (HS); and 0. 75 apply, Not applicable must be provided or applied in accordance with Specification 13.3.3.",1,1,"","","NCC 2022 Vol2","",0,"","","false","","NCC2022_Volume2_Tables_ClauseStyle.txt","2022"
"Vol2","H1","H","Table 13.3.3_29","table","Table 13.3.3_29","For the building, where Frame factor (FS) for frames with a solar absorptance of 0. 40; and 0. 89 apply, 0. 90 must be provided or applied in accordance with Specification 13.3.3. For the building, where Frame factor (FS) for frames with a solar absorptance of > 0. 40 to < 0. 68; and 1. 00 apply, 0. 95 must be provided or applied in accordance with Specification 13.3.3. For the building, where Frame factor (FS) for frames with a solar absorptance of 68; and 1. 18 apply, 1. 00 must be provided or applied in accordance with Specification 13.3.3. For the building, where Floor factor (for tiled or vinyl covered floor) (HS); and 0. 60 apply, Not applicable must be provided or applied in accordance with Specification 13.3.3.",1,1,"","","NCC 2022 Vol2","",0,"","","false","","NCC2022_Volume2_Tables_ClauseStyle.txt","2022"
"Vol2","H1","H","Table 13.3.3_32","table","Table 13.3.3_32","For the building, where Floor factor (for tiled or vinyl covered floor) (HS); and 0. 85 apply, Not applicable must be provided or applied in accordance with Specification 13.3.3.",1,1,"","","NCC 2022 Vol2","",0,"","","false","","NCC2022_Volume2_Tables_ClauseStyle.txt","2022"
"Vol2","H1","H","Table 13.7.9_3","table","Table 13.7.9_3","For the building, where ABCB applies, Australian Building Codes Board must be provided or applied in accordance with Specification 13.7.9. For the building, where AC applies, Alternating Current must be provided or applied in accordance with Specification 13.7.9. For the building, where ACC applies, Acrylic conformal coating must be provided or applied in accordance with Specification 13.7.9. For the building, where ACL applies, Acrylic latex must be provided or applied in accordance with Specification 13.7.9. For the building, where ACP applies, Aluminium Composite Panel must be provided or applied in accordance with Specification 13.7.9. For the building, where AIRAH applies, Australian Institute of Refrigeration, Air conditioning and Heating must be provided or applied in accordance with Specification 13.7.9. For the building, where ANSI applies, American National Standards Institute must be provided or applied in accordance with Specification 13.7.9. For the building, where AS applies, Australian Standard must be provided or applied in accordance with Specification 13.7.9. For the building, where ASET applies, Available Safe Egress Time must be provided or applied in accordance with Specification 13.7.9. For the building, where ASHRAE applies, American Society of Heating, Refrigerating and Air Conditioning Engineers must be provided or applied in accordance with Specification 13.7.9. For the building, where ASTM applies, American Society for Testing and Materials must be provided or applied in accordance with Specification 13.7.9. For the building, where BAL applies, Bushfire Attack Level must be provided or applied in accordance with Specification 13.7.9. For the building, where BCA applies, Building Code of Australia must be provided or applied in accordance with Specification 13.7.9. For the building, where BE applies, Fire blocks evacuation route must be provided or applied in accordance with Specification 13.7.9. For the building, where CAN applies, National Standard of Canada must be provided or applied in accordance with Specification 13.7.9. For the building, where CCT applies, Correlated Colour Temperature must be provided or applied in accordance with Specification 13.7.9. For the building, where CF applies, Challenging fire must be provided or applied in accordance with Specification 13.7.9. For the building, where CHF applies, Critical Heat Flux must be provided or applied in accordance with Specification 13.7.9. For the building, where CIBSE applies, Chartered Institution of Building Services Engineers must be provided or applied in accordance with Specification 13.7.9. For the building, where CRF applies, Critical Radiant Flux must be provided or applied in accordance with Specification 13.7.9. For the building, where CRI applies, Colour Rendering Index must be provided or applied in accordance with Specification 13.7.9. For the building, where CS applies, Fire starts in a concealed space must be provided or applied in accordance with Specification 13.7.9. For the building, where CSHGC applies, Constant for solar heat gain must be provided or applied in accordance with Specification 13.7.9. For the building, where CSIRO applies, Commonwealth Scientific and Industrial Research Organisation must be provided or applied in accordance with Specification 13.7.9. For the building, where CU applies, Constant for conductance must be provided or applied in accordance with Specification 13.7.9. For the building, where DC applies, Direct Current must be provided or applied in accordance with Specification 13.7.9. For the building, where FED applies, Fractional Effective Dose must be provided or applied in accordance with Specification 13.7.9. For the building, where FI applies, Fire brigade intervention must be provided or applied in accordance with Specification 13.7.9. For the building, where FRL applies, Fire Resistance Level must be provided or applied in accordance with Specification 13.7.9. For the building, where FZ applies, Flame Zone must be provided or applied in accordance with Specification 13.7.9. For the building, where GEMS applies, Greenhouse and Energy Minimum Standards must be provided or applied in accordance with Specification 13.7.9. For the building, where GRP applies, Glass fibre reinforced polyester must be provided or applied in accordance with Specification 13.7.9. For the building, where HDG applies, Hot dip galvanising must be provided or applied in accordance with Specification 13.7.9. For the building, where HRR applies, Heat Release Rate must be provided or applied in accordance with Specification 13.7.9. For the building, where HS applies, Horizontal fire spread must be provided or applied in accordance with Specification 13.7.9. For the building, where IS applies, Rapid fire spread involving internal surface linings must be provided or applied in accordance with Specification 13.7.9. For the building, where ISO applies, International Organisation for Standardisation must be provided or applied in accordance with Specification 13.7.9. For the building, where IZS applies, Inorganic zinc silicate must be provided or applied in accordance with Specification 13.7.9. For the building, where LED applies, Light-Emitting Diode must be provided or applied in accordance with Specification 13.7.9. For the building, where MEPS applies, Minimum Energy Performance Standards must be provided or applied in accordance with Specification 13.7.9.",1,1,"","","NCC 2022 Vol2","",0,"","","false","","NCC2022_Volume2_Tables_ClauseStyle.txt","2022"
"Vol2","H1","H","Table 13.7.9_4","table","Table 13.7.9_4","For the building, where NABERS applies, National Australian Built Environment Rating System must be provided or applied in accordance with Specification 13.7.9. For the building, where NASH applies, National Association of Steel-Framed Housing must be provided or applied in accordance with Specification 13.7.9. For the building, where NATA applies, National Association of Testing Authorities Australia must be provided or applied in accordance with Specification 13.7.9. For the building, where NatHERS applies, Nationwide House Energy Rating Scheme must be provided or applied in accordance with Specification 13.7.9. For the building, where NCC applies, National Construction Code must be provided or applied in accordance with Specification 13.7.9. For the building, where NSF applies, National Sanitation Foundation must be provided or applied in accordance with Specification 13.7.9. For the building, where PBDB applies, Performance-based design brief must be provided or applied in accordance with Specification 13.7.9. For the building, where PCA applies, Plumbing Code of Australia must be provided or applied in accordance with Specification 13.7.9. For the building, where PMV applies, Predicted Mean Vote must be provided or applied in accordance with Specification 13.7.9. For the building, where ppm applies, parts per million must be provided or applied in accordance with Specification 13.7.9. For the building, where PUR applies, Polyurethane must be provided or applied in accordance with Specification 13.7.9. For the building, where PVC applies, Polyvinyl chloride must be provided or applied in accordance with Specification 13.7.9. For the building, where RC applies, Robustness check must be provided or applied in accordance with Specification 13.7.9. For the building, where RSET applies, Required Safe Egress Time must be provided or applied in accordance with Specification 13.7.9. For the building, where RW applies, Weighted sound reduction index must be provided or applied in accordance with Specification 13.7.9. For the building, where SF applies, Smouldering fire must be provided or applied in accordance with Specification 13.7.9. For the building, where SHGC applies, Solar Heat Gain Coefficient must be provided or applied in accordance with Specification 13.7.9. For the building, where SL applies, Square mesh must be provided or applied in accordance with Specification 13.7.9. For the building, where SS applies, Structural stability and other property must be provided or applied in accordance with Specification 13.7.9. For the building, where STC applies, Sound Transmission Class must be provided or applied in accordance with Specification 13.7.9. For the building, where TM applies, Trench mesh must be provided or applied in accordance with Specification 13.7.9. For the building, where UF applies, Unexpected catastrophic failure must be provided or applied in accordance with Specification 13.7.9. For the building, where UPVC applies, Unplasticized polyvinyl chloride must be provided or applied in accordance with Specification 13.7.9. For the building, where UT applies, Fire in normally unoccupied room threatening occupants of other rooms must be provided or applied in accordance with Specification 13.7.9. For the building, where U-Value applies, Thermal transmittance must be provided or applied in accordance with Specification 13.7.9. For the building, where VS applies, Vertical fire spread involving external cladding or external openings must be provided or applied in accordance with Specification 13.7.9. For the building, where WC applies, Water closet must be provided or applied in accordance with Specification 13.7.9.",1,1,"","","NCC 2022 Vol2","",0,"","","false","","NCC2022_Volume2_Tables_ClauseStyle.txt","2022"
"Vol2","H1","H","Table 13.7.9_5","table","Table 13.7.9_5","For the building, where  deg applies, degree(s) must be provided or applied in accordance with Specification 13.7.9. For the building, where  degC applies, degree(s) Celsius must be provided or applied in accordance with Specification 13.7.9. For the building, where  degCDB applies, degree(s) Celsius Dry Bulb must be provided or applied in accordance with Specification 13.7.9. For the building, where  degCWB applies, degree(s) Celsius Wet Bulb must be provided or applied in accordance with Specification 13.7.9. For the building, where -e/MJ applies, equivalent per Megajoule(s) must be provided or applied in accordance with Specification 13.7.9. For the building, where m applies, micrometre must be provided or applied in accordance with Specification 13.7.9. For the building, where g/N. s applies, Micrograms per newton-second must be provided or applied in accordance with Specification 13.7.9. For the building, where dB(A) applies, decibels A scale weighting network must be provided or applied in accordance with Specification 13.7.9. For the building, where fc applies, Characteristic compressive strength of concrete at 28 days must be provided or applied in accordance with Specification 13.7.9. For the building, where fy applies, Yield stress used in design must be provided or applied in accordance with Specification 13.7.9. For the building, where G applies, Permanent load must be provided or applied in accordance with Specification 13.7.9. For the building, where J applies, Joule(s) must be provided or applied in accordance with Specification 13.7.9. For the building, where J/kg. K applies, Joules per kilogram degree Kelvin must be provided or applied in accordance with Specification 13.7.9. For the building, where J/s. m2 applies, Joules per second square metre must be provided or applied in accordance with Specification 13.7.9. For the building, where K applies, Kelvin(s) must be provided or applied in accordance with Specification 13.7.9. For the building, where kg applies, kilogram(s) must be provided or applied in accordance with Specification 13.7.9. For the building, where kg/m applies, kilogram(s) per metre must be provided or applied in accordance with Specification 13.7.9. For the building, where kg/m2 applies, kilogram(s) per square metre must be provided or applied in accordance with Specification 13.7.9. For the building, where kg/m3 applies, kilogram(s) per cubic metre must be provided or applied in accordance with Specification 13.7.9. For the building, where kJ/m2. hour applies, kilojoules per square metre hour must be provided or applied in accordance with Specification 13.7.9. For the building, where km applies, kilometre(s) must be provided or applied in accordance with Specification 13.7.9. For the building, where kPa applies, kilopascal(s) must be provided or applied in accordance with Specification 13.7.9. For the building, where kW/m2 applies, kilowatt(s) per square metre must be provided or applied in accordance with Specification 13.7.9. For the building, where kWheating applies, kilowatt(s) of heating must be provided or applied in accordance with Specification 13.7.9. For the building, where kWr applies, kilowatt(s) of refrigeration must be provided or applied in accordance with Specification 13.7.9. For the building, where L applies, litre(s) must be provided or applied in accordance with Specification 13.7.9. For the building, where L/min applies, litre(s) per minute must be provided or applied in accordance with Specification 13.7.9. For the building, where L/s applies, litre(s) per second must be provided or applied in accordance with Specification 13.7.9. For the building, where L/s. m2 applies, litre(s) per second square metre must be provided or applied in accordance with Specification 13.7.9. For the building, where Lumens/W applies, Lumens per Watt must be provided or applied in accordance with Specification 13.7.9. For the building, where lx applies, lux must be provided or applied in accordance with Specification 13.7.9. For the building, where m applies, metre(s) must be provided or applied in accordance with Specification 13.7.9. For the building, where m/s applies, metre(s) per second must be provided or applied in accordance with Specification 13.7.9. For the building, where m2 applies, square metre(s) must be provided or applied in accordance with Specification 13.7.9. For the building, where m2. K/W applies, square metre Kelvin(s) per Watt must be provided or applied in accordance with Specification 13.7.9. For the building, where m3 applies, cubic metre(s) must be provided or applied in accordance with Specification 13.7.9. For the building, where m3/hour applies, cubic metre(s) per hour must be provided or applied in accordance with Specification 13.7.9. For the building, where m3/s applies, cubic metre(s) per second must be provided or applied in accordance with Specification 13.7.9. For the building, where mcd/m2 applies, millicandelas per square metre must be provided or applied in accordance with Specification 13.7.9. For the building, where min applies, minute(s) must be provided or applied in accordance with Specification 13.7.9.",1,1,"","","NCC 2022 Vol2","",0,"","","false","","NCC2022_Volume2_Tables_ClauseStyle.txt","2022"
"Vol2","H1","H","Table 13.7.9_6","table","Table 13.7.9_6","For the building, where MJ/hour applies, Megajoules per hour must be provided or applied in accordance with Specification 13.7.9. For the building, where MJ/m2. annum applies, Megajoules per square metre annum must be provided or applied in accordance with Specification 13.7.9. For the building, where mm applies, millimetre(s) must be provided or applied in accordance with Specification 13.7.9. For the building, where mm2 applies, square millimetre(s) must be provided or applied in accordance with Specification 13.7.9. For the building, where MW applies, megawatt(s) must be provided or applied in accordance with Specification 13.7.9. For the building, where N applies, newton(s) must be provided or applied in accordance with Specification 13.7.9. For the building, where N/m applies, Newton(s) per metre must be provided or applied in accordance with Specification 13.7.9. For the building, where Pa applies, pascal(s) must be provided or applied in accordance with Specification 13.7.9. For the building, where Pa/m applies, pascal(s) per metre must be provided or applied in accordance with Specification 13.7.9. For the building, where Q applies, Imposed load must be provided or applied in accordance with Specification 13.7.9. For the building, where s applies, second(s) must be provided or applied in accordance with Specification 13.7.9. For the building, where ULS applies, Ultimate limit state must be provided or applied in accordance with Specification 13.7.9. For the building, where V applies, Volt(s) must be provided or applied in accordance with Specification 13.7.9. For the building, where W applies, Watt(s) must be provided or applied in accordance with Specification 13.7.9. For the building, where W input power applies, Watts of input power must be provided or applied in accordance with Specification 13.7.9. For the building, where Wr/Winput power applies, Watts of thermal refrigeration per watt of input power must be provided or applied in accordance with Specification 13.7.9. For the building, where W/kWrej applies, Watts per kilowatt of heat rejected must be provided or applied in accordance with Specification 13.7.9. For the building, where Wm-1K-1 applies, Watts per metre degree Kelvin must be provided or applied in accordance with Specification 13.7.9. For the building, where W/m2 applies, Watts per square metre must be provided or applied in accordance with Specification 13.7.9. For the building, where  degsouth applies, degree south must be provided or applied in accordance with Specification 13.7.9. For the building, where % applies, percent must be provided or applied in accordance with Specification 13.7.9. For the building, where > applies, > must be provided or applied in accordance with Specification 13.7.9. For the building, where < applies, less than must be provided or applied in accordance with Specification 13.7.9. For the building, where the relevant conditions applies, less than or equal to must be provided or applied in accordance with Specification 13.7.9. For the building, where the relevant conditions applies, equal to or more than must be provided or applied in accordance with Specification 13.7.9.",1,1,"","","NCC 2022 Vol2","",0,"","","false","","NCC2022_Volume2_Tables_ClauseStyle.txt","2022"
"Vol2","H1","H","Table 13.7.9_10","table","Table 13.7.9_10","For the building, where NSW; and Wollongong apply, 5 must be provided or applied in accordance with Specification 13.7.9. For the building, where NSW; and Yass apply, 6 must be provided or applied in accordance with Specification 13.7.9. For the building, where NT; and Alice Springs apply, 3 must be provided or applied in accordance with Specification 13.7.9. For the building, where NT; and Darwin apply, 1 must be provided or applied in accordance with Specification 13.7.9. For the building, where NT; and Elliot apply, 3 must be provided or applied in accordance with Specification 13.7.9. For the building, where NT; and Katherine apply, 1 must be provided or applied in accordance with Specification 13.7.9. For the building, where NT; and Renner Springs apply, 3 must be provided or applied in accordance with Specification 13.7.9. For the building, where NT; and Tennant Creek apply, 3 must be provided or applied in accordance with Specification 13.7.9. For the building, where QLD; and Birdsville apply, 3 must be provided or applied in accordance with Specification 13.7.9. For the building, where QLD; and Brisbane apply, 2 must be provided or applied in accordance with Specification 13.7.9. For the building, where QLD; and Bundaberg apply, 2 must be provided or applied in accordance with Specification 13.7.9. For the building, where QLD; and Cairns apply, 1 must be provided or applied in accordance with Specification 13.7.9. For the building, where QLD; and Cooktown apply, 1 must be provided or applied in accordance with Specification 13.7.9. For the building, where QLD; and Cunnamulla apply, 3 must be provided or applied in accordance with Specification 13.7.9. For the building, where QLD; and Gladstone apply, 2 must be provided or applied in accordance with Specification 13.7.9. For the building, where QLD; and Hervey Bay apply, 2 must be provided or applied in accordance with Specification 13.7.9. For the building, where QLD; and Hughenden apply, 3 must be provided or applied in accordance with Specification 13.7.9. For the building, where QLD; and Longreach apply, 3 must be provided or applied in accordance with Specification 13.7.9. For the building, where QLD; and Mackay apply, 2 must be provided or applied in accordance with Specification 13.7.9. For the building, where QLD; and Mount Isa apply, 3 must be provided or applied in accordance with Specification 13.7.9. For the building, where QLD; and Normanton apply, 1 must be provided or applied in accordance with Specification 13.7.9. For the building, where QLD; and Rockhampton apply, 2 must be provided or applied in accordance with Specification 13.7.9. For the building, where QLD; and Roma apply, 3 must be provided or applied in accordance with Specification 13.7.9. For the building, where QLD; and Southport apply, 2 must be provided or applied in accordance with Specification 13.7.9. For the building, where QLD; and Toowoomba apply, 5 must be provided or applied in accordance with Specification 13.7.9. For the building, where QLD; and Townsville apply, 1 must be provided or applied in accordance with Specification 13.7.9. For the building, where QLD; and Warwick apply, 5 must be provided or applied in accordance with Specification 13.7.9. For the building, where QLD; and Weipa apply, 1 must be provided or applied in accordance with Specification 13.7.9. For the building, where SA; and Adelaide apply, 5 must be provided or applied in accordance with Specification 13.7.9. For the building, where SA; and Bordertown apply, 6 must be provided or applied in accordance with Specification 13.7.9. For the building, where SA; and Ceduna apply, 5 must be provided or applied in accordance with Specification 13.7.9. For the building, where SA; and Cook apply, 4 must be provided or applied in accordance with Specification 13.7.9. For the building, where SA; and Elliston apply, 5 must be provided or applied in accordance with Specification 13.7.9. For the building, where SA; and Kingscote apply, 6 must be provided or applied in accordance with Specification 13.7.9. For the building, where SA; and Leigh Creek apply, 5 must be provided or applied in accordance with Specification 13.7.9. For the building, where SA; and Lobethal apply, 6 must be provided or applied in accordance with Specification 13.7.9. For the building, where SA; and Loxton apply, 5 must be provided or applied in accordance with Specification 13.7.9. For the building, where SA; and Naracoorte apply, 6 must be provided or applied in accordance with Specification 13.7.9. For the building, where SA; and Marree apply, 4 must be provided or applied in accordance with Specification 13.7.9. For the building, where SA; and Mount Gambier apply, 6 must be provided or applied in accordance with Specification 13.7.9. For the building, where SA; and Murray Bridge apply, 6 must be provided or applied in accordance with Specification 13.7.9. For the building, where SA; and Oodnadatta apply, 4 must be provided or applied in accordance with Specification 13.7.9. For the building, where SA; and Port Augusta apply, 4 must be provided or applied in accordance with Specification 13.7.9. For the building, where SA; and Port Lincoln apply, 5 must be provided or applied in accordance with Specification 13.7.9.",1,1,"","","NCC 2022 Vol2","",0,"","","false","","NCC2022_Volume2_Tables_ClauseStyle.txt","2022"
"Vol2","H1","H","Table 13.7.9_11","table","Table 13.7.9_11","For the building, where SA; and Renmark apply, 5 must be provided or applied in accordance with Specification 13.7.9. For the building, where SA; and Tarcoola apply, 4 must be provided or applied in accordance with Specification 13.7.9. For the building, where SA; and Victor Harbour apply, 6 must be provided or applied in accordance with Specification 13.7.9. For the building, where SA; and Whyalla apply, 4 must be provided or applied in accordance with Specification 13.7.9. For the building, where TAS; and Burnie apply, 7 must be provided or applied in accordance with Specification 13.7.9. For the building, where TAS; and Bicheno apply, 7 must be provided or applied in accordance with Specification 13.7.9. For the building, where TAS; and Deloraine apply, 7 must be provided or applied in accordance with Specification 13.7.9. For the building, where TAS; and Devonport apply, 7 must be provided or applied in accordance with Specification 13.7.9. For the building, where TAS; and Flinders Island apply, 7 must be provided or applied in accordance with Specification 13.7.9. For the building, where TAS; and Hobart apply, 7 must be provided or applied in accordance with Specification 13.7.9. For the building, where TAS; and Huonville apply, 7 must be provided or applied in accordance with Specification 13.7.9. For the building, where TAS; and King Island apply, 7 must be provided or applied in accordance with Specification 13.7.9. For the building, where TAS; and Launceston apply, 7 must be provided or applied in accordance with Specification 13.7.9. For the building, where TAS; and New Norfolk apply, 7 must be provided or applied in accordance with Specification 13.7.9. For the building, where TAS; and Oatlands apply, 7 must be provided or applied in accordance with Specification 13.7.9. For the building, where TAS; and Orford apply, 7 must be provided or applied in accordance with Specification 13.7.9. For the building, where TAS; and Rossarden apply, 7 must be provided or applied in accordance with Specification 13.7.9. For the building, where TAS; and Smithton apply, 7 must be provided or applied in accordance with Specification 13.7.9. For the building, where TAS; and St Marys apply, 7 must be provided or applied in accordance with Specification 13.7.9. For the building, where TAS; and Zeehan apply, 7 must be provided or applied in accordance with Specification 13.7.9. For the building, where VIC; and Anglesea apply, 6 must be provided or applied in accordance with Specification 13.7.9. For the building, where VIC; and Ararat apply, 7 must be provided or applied in accordance with Specification 13.7.9. For the building, where VIC; and Bairnsdale apply, 6 must be provided or applied in accordance with Specification 13.7.9. For the building, where VIC; and Ballarat apply, 7 must be provided or applied in accordance with Specification 13.7.9. For the building, where VIC; and Benalla apply, 6 must be provided or applied in accordance with Specification 13.7.9. For the building, where VIC; and Bendigo apply, 6 must be provided or applied in accordance with Specification 13.7.9. For the building, where VIC; and Bright apply, 7 must be provided or applied in accordance with Specification 13.7.9. For the building, where VIC; and Colac apply, 6 must be provided or applied in accordance with Specification 13.7.9. For the building, where VIC; and Dandenong apply, 6 must be provided or applied in accordance with Specification 13.7.9. For the building, where VIC; and Echuca apply, 4 must be provided or applied in accordance with Specification 13.7.9. For the building, where VIC; and Geelong apply, 6 must be provided or applied in accordance with Specification 13.7.9. For the building, where VIC; and Hamilton apply, 7 must be provided or applied in accordance with Specification 13.7.9. For the building, where VIC; and Horsham apply, 6 must be provided or applied in accordance with Specification 13.7.9. For the building, where VIC; and Melbourne apply, 6 must be provided or applied in accordance with Specification 13.7.9. For the building, where VIC; and Mildura apply, 4 must be provided or applied in accordance with Specification 13.7.9. For the building, where VIC; and Portland apply, 6 must be provided or applied in accordance with Specification 13.7.9. For the building, where VIC; and Sale apply, 6 must be provided or applied in accordance with Specification 13.7.9. For the building, where VIC; and Shepparton apply, 4 must be provided or applied in accordance with Specification 13.7.9. For the building, where VIC; and Swan Hill apply, 4 must be provided or applied in accordance with Specification 13.7.9. For the building, where VIC; and Traralgon apply, 6 must be provided or applied in accordance with Specification 13.7.9. For the building, where VIC; and Wangaratta apply, 7 must be provided or applied in accordance with Specification 13.7.9. For the building, where VIC; and Warrnambool apply, 6 must be provided or applied in accordance with Specification 13.7.9. For the building, where VIC; and Wodonga apply, 6 must be provided or applied in accordance with Specification 13.7.9. For the building, where WA; and Albany apply, 6 must be provided or applied in accordance with Specification 13.7.9.",1,1,"","","NCC 2022 Vol2","",0,"","","false","","NCC2022_Volume2_Tables_ClauseStyle.txt","2022"
"Vol2","H1","H","Table 13.7.9_12","table","Table 13.7.9_12","For the building, where WA; and Balladonia apply, 4 must be provided or applied in accordance with Specification 13.7.9. For the building, where WA; and Broome apply, 1 must be provided or applied in accordance with Specification 13.7.9. For the building, where WA; and Bunbury apply, 5 must be provided or applied in accordance with Specification 13.7.9. For the building, where WA; and Carnarvon apply, 3 must be provided or applied in accordance with Specification 13.7.9. For the building, where WA; and Christmas Island apply, 1 must be provided or applied in accordance with Specification 13.7.9. For the building, where WA; and Cocos Island apply, 1 must be provided or applied in accordance with Specification 13.7.9. For the building, where WA; and Derby apply, 1 must be provided or applied in accordance with Specification 13.7.9. For the building, where WA; and Esperance apply, 5 must be provided or applied in accordance with Specification 13.7.9. For the building, where WA; and Exmouth apply, 1 must be provided or applied in accordance with Specification 13.7.9. For the building, where WA; and Geraldton apply, 5 must be provided or applied in accordance with Specification 13.7.9. For the building, where WA; and Halls Creek apply, 3 must be provided or applied in accordance with Specification 13.7.9. For the building, where WA; and Kalgoorlie-Boulder apply, 4 must be provided or applied in accordance with Specification 13.7.9. For the building, where WA; and Karratha apply, 1 must be provided or applied in accordance with Specification 13.7.9. For the building, where WA; and Meekatharra apply, 4 must be provided or applied in accordance with Specification 13.7.9. For the building, where WA; and Northam apply, 4 must be provided or applied in accordance with Specification 13.7.9. For the building, where WA; and Pemberton apply, 6 must be provided or applied in accordance with Specification 13.7.9. For the building, where WA; and Perth apply, 5 must be provided or applied in accordance with Specification 13.7.9. For the building, where WA; and Port Hedland apply, 1 must be provided or applied in accordance with Specification 13.7.9. For the building, where WA; and Wagin apply, 4 must be provided or applied in accordance with Specification 13.7.9. For the building, where WA; and Wyndham apply, 1 must be provided or applied in accordance with Specification 13.7.9.",1,1,"","","NCC 2022 Vol2","",0,"","","false","","NCC2022_Volume2_Tables_ClauseStyle.txt","2022"
"Vol2","H1","H","Table 13.7.9_14","table","Table 13.7.9_14","For the building, where 5; and Max. 3; and Max. 3; and Max. 3; and Max. 3 apply, Max. 3 must be provided or applied in accordance with Specification 13.7.9. For the building, where 4; and Max. 3; and Max. 3; and Max. 3; and Max. 3 apply, Max. 3 must be provided or applied in accordance with Specification 13.7.9. For the building, where 3; and Max. 3; and Max. 3; and Max. 3; and Max. 3 apply, Max. 3 must be provided or applied in accordance with Specification 13.7.9. For the building, where 2; and Max. 3; and Max. 3; and Max. 3; and Max. 3 apply, Max. 3 must be provided or applied in accordance with Specification 13.7.9. For the building, where 1; and Max. 3; and Max. 3; and Max. 3; and Max. 3 apply, Max. 3 must be provided or applied in accordance with Specification 13.7.9.",1,1,"","","NCC 2022 Vol2","",0,"","","false","","NCC2022_Volume2_Tables_ClauseStyle.txt","2022"
"Vol2","H1","H","Table 13.7.9_15","table","Table 13.7.9_15","",1,1,"","","NCC 2022 Vol2","",0,"","","false","","NCC2022_Volume2_Tables_ClauseStyle.txt","2022"
"Vol2","H1","H","Table 13.7.9_16","table","Table 13.7.9_16","For the building, where 5; and 12 apply, 12 must be provided or applied in accordance with Specification 13.7.9. For the building, where 4; and 13 apply, 13 must be provided or applied in accordance with Specification 13.7.9. For the building, where 3; and 14 apply, 14 must be provided or applied in accordance with Specification 13.7.9. For the building, where 2; and 15 apply, 15 must be provided or applied in accordance with Specification 13.7.9. For the building, where 1; and 16 apply, 16 must be provided or applied in accordance with Specification 13.7.9.",1,1,"","","NCC 2022 Vol2","",0,"","","false","","NCC2022_Volume2_Tables_ClauseStyle.txt","2022"
"Vol2","H1","H","Table 13.7.9_19","table","Table 13.7.9_19","For the building, where AS 1397; and 2021; and Continuous hot-dip metallic coated steel sheet and strip - Coatings of zinc and zinc alloyed with aluminium and magnesium (See Note 10); and 7. 2. 2 apply, the relevant requirement must be met in accordance with Specification 13.7.9. For the building, where AS 1428 Part 1; and 2009; and Design for access and mobility - General requirements for access - New building work (incorporating amendments 1 and 2); and D3D11, D3D16, D3D22, D4D2, D4D3, D4D4, D4D7, D4D10, D4D11, D4D13, Spec 16, E3D10, F4D5, G4D5, Schedule 1; and Schedule 1; and Schedule 1 apply, Schedule 1, E1D2 must be provided or applied in accordance with Specification 13.7.9. For the building, where AS 1428 Part 1; and 2001; and Design for access and mobility - General requirements for access - New building work; and I2D7, I2D8, I2D10, I2D15 apply, E1D2 must be provided or applied in accordance with Specification 13.7.9. For the building, where AS 1428 Part 1 (Supplement 1); and 1993; and Design for access and mobility - General requirements for access - Buildings - Commentary; and I2D2 apply, the relevant requirement must be met in accordance with Specification 13.7.9. For the building, where AS 1428 Part 2; and 1992; and Design for access and mobility - Enhanced and additional requirements - Buildings and facilities; and I2D2, I2D3, I2D4, I2D5, I2D7, I2D10, I2D11, I2D12, I2D13, I2D14 apply, E1D2 must be provided or applied in accordance with Specification 13.7.9. For the building, where AS 1428 Part 4; and 1992; and Design for access and mobility - Tactile ground surface indicators for the orientation of people with vision impairment; and I2D11 apply, the relevant requirement must be met in accordance with Specification 13.7.9. For the building, where AS/NZS 1428 Part 4. 1; and 2009; and Design for access and mobility - Means to assist the orientation of people with vision impairment - Tactile ground surface indicators (incorporating amendments 1 and 2); and D4D9 apply, the relevant requirement must be met in accordance with Specification 13.7.9. For the building, where AS 1530 Part 1; and 1994; and Methods for fire tests on building materials, components and structures - Combustibility test for materials; and Schedule 1; and Schedule 1; and Schedule 1 apply, Schedule 1 must be provided or applied in accordance with Specification 13.7.9. For the building, where AS 1530 Part 2; and 1993; and Methods for fire tests on building materials, components and structures - Test for flammability of materials (incorporating amendment 1); and Schedule 1; and Schedule 1; and Schedule 1 apply, Schedule 1 must be provided or applied in accordance with Specification 13.7.9.",1,1,"","","NCC 2022 Vol2","",0,"","","false","","NCC2022_Volume2_Tables_ClauseStyle.txt","2022"
"Vol2","H1","H","Table 13.7.9_20","table","Table 13.7.9_20","For the building, where AS/NZS 1530 Part 3; and 1999; and Methods for fire tests on building materials, components and structures - Simultaneous determination of ignitability, flame propagation, heat release and smoke release; and Schedule 1, Spec 3; and Schedule 1, Spec 3; and Schedule 1 apply, Schedule 1, Spec 3 must be provided or applied in accordance with Specification 13.7.9. For the building, where AS 1530 Part 4; and 2014; and Methods for fire tests on building materials, components and structures - Fire resistance tests for elements of construction; and C4D15, C4D16, Spec 9, Spec 10, Spec 13, Spec 14, Schedule 1, Spec 3; and 9. 3. 2, Schedule 1, Spec 3; and Schedule 1 apply, Schedule 1, Spec 3 must be provided or applied in accordance with Specification 13.7.9. For the building, where AS 1530 Part 8. 1; and 2018; and Methods for fire tests on building materials, components and structures - Tests on elements of construction for buildings exposed to simulated bushfire attack - Radiant heat and small flaming sources; and Spec 43 apply, the relevant requirement must be met in accordance with Specification 13.7.9. For the building, where AS/NZS 1546 Part 1; and 2008; and On-site domestic wastewater treatment units - Septic tanks apply, C3D2 must be provided or applied in accordance with Specification 13.7.9. For the building, where AS/NZS 1546 Part 2; and 2008; and On-site domestic wastewater treatment units - Waterless composting toilets apply, C3D3 must be provided or applied in accordance with Specification 13.7.9. For the building, where AS 1546 Part 3; and 2017; and On-site domestic wastewater treatment units - Secondary treatment systems (incorporating amendment 1) apply, C3D4 must be provided or applied in accordance with Specification 13.7.9. For the building, where AS 1546 Part 4; and 2016; and On-site domestic wastewater treatment units - Domestic greywater treatment systems apply, C3D5 must be provided or applied in accordance with Specification 13.7.9. For the building, where AS/NZS 1547; and 2012; and On-site domestic wastewater management apply, C3D6 must be provided or applied in accordance with Specification 13.7.9. For the building, where AS 1562 Part 1; and 2018; and Design and installation of sheet roof and wall cladding - Metal (See Note 2); and B1D4, F3D2, F3D5; and H1D7 apply, the relevant requirement must be met in accordance with Specification 13.7.9. For the building, where AS1562 Part 3; and 2006; and Design and installation of sheet roof and wall cladding - Plastic; and B1D4, F3D2; and H1D7 apply, the relevant requirement must be met in accordance with Specification 13.7.9. For the building element, where AS 1657; and 2018; and Fixed platforms, walkways, stairways and ladders - Design, construction and installation; and D2D21, D2D22, D3D23, I1D6, I3D5 apply, the relevant requirement must be met in accordance with Specification 13.7.9. For the building, where AS/NZS 1664 Part 1; and 1997; and Aluminium structures - Limit state design (incorporating amendment 1); and B1D4; and 2. 2. 4 apply, the relevant requirement must be met in accordance with Specification 13.7.9. For the building, where AS/NZS 1664 Part 2; and 1997; and Aluminium structures - Allowable stress design (incorporating amendment 1); and B1D4; and 2. 2. 4 apply, the relevant requirement must be met in accordance with Specification 13.7.9.",1,1,"","","NCC 2022 Vol2","",0,"","","false","","NCC2022_Volume2_Tables_ClauseStyle.txt","2022"
"Vol2","H1","H","Table 13.7.9_21","table","Table 13.7.9_21","For the building, where AS 1668 Part 1; and 2015; and The use of ventilation and air conditioning in buildings - Fire and smoke control in buildings (incorporating amendment 1); and C3D13, C4D15, Spec 11, D2D12, Spec 19, E2D3, E2D4, E2D6, E2D7, E2D8, E2D9, E2D11, E2D12, E2D13, E2D16, E2D17, E2D19, F6D12, Spec 21, Spec 31 apply, the relevant requirement must be met in accordance with Specification 13.7.9. For the building, where AS 1668 Part 2; and 2012; and The use of ventilation and air conditioning in buildings - Mechanical ventilation in buildings (incorporating amendments 1 and 2); and E2D12, F6V1, F6D6, F6D11, F6D12, F8D4, J6D4; and H4V3, H4D7; and 10. 8. 2 apply, the relevant requirement must be met in accordance with Specification 13.7.9. For the building, where AS 1668 Part 4; and 2012; and The use of ventilation and air conditioning in buildings - Natural ventilation of buildings; and F6D11 apply, the relevant requirement must be met in accordance with Specification 13.7.9. For the building, where AS 1670 Part 1; and 2018; and Fire detection, warning, control and intercom systems - System design, installation and commissioning - Fire (incorporating amendment 1) (See Note 3); and C4D6, C4D7, C4D8, C4D9, C4D12, D3D26, E2D3, E2D10, G4D7, Spec 12, Spec 20, Spec 23, Spec 31; and 9. 5. 1 apply, the relevant requirement must be met in accordance with Specification 13.7.9. For the building, where AS 1670 Part 3; and 2018; and Fire detection, warning, control and intercom systems - System design, installation and commissioning - Fire alarm monitoring (incorporating amendment 1) (See Note 3); and Spec 20, Spec 23 apply, the relevant requirement must be met in accordance with Specification 13.7.9. For the building, where AS 1670 Part 4; and 2018; and Fire detection, warning, control and intercom systems - System design, installation and commissioning - Emergency warning and intercom systems (incorporating amendment 1) (See Note 3); and E3V2, E4D9, Spec 31 apply, the relevant requirement must be met in accordance with Specification 13.7.9. For the building, where AS/NZS 1680 Part 0; and 2009; and Interior lighting - Safe movement; and F6D5; and 10. 5. 2 apply, the relevant requirement must be met in accordance with Specification 13.7.9. For the building, where AS 1684 Part 2; and 2021; and Residential timber-framed construction - Non-cyclonic areas; and B1D4, B1D5, F1D8; and H1D6; and 2. 2. 5, 4. 2. 13, 5. 6. 6, 6. 2. 1, 6. 3. 6, 7. 5. 2, 7. 5. 3, 7. 5. 4, 10. 2. 19, 10. 2. 20 apply, the relevant requirement must be met in accordance with Specification 13.7.9.",1,1,"","","NCC 2022 Vol2","",0,"","","false","","NCC2022_Volume2_Tables_ClauseStyle.txt","2022"
"Vol2","H1","H","Table 13.7.9_22","table","Table 13.7.9_22","For the building, where AS 1684 Part 3; and 2021; and Residential timber-framed construction - Cyclonic areas; and B1D4, B1D5, F1D8; and H1D6; and 2. 2. 5, 4. 2. 13, 5. 6. 6, 6. 2. 1, 6. 3. 6, 7. 5. 2, 7. 5. 3, 7. 5. 4, 10. 2. 19, 10. 2. 20 apply, the relevant requirement must be met in accordance with Specification 13.7.9. For the building, where AS 1684 Part 4; and 2010; and Residential timber-framed construction - Simplified - Non-cyclonic areas (incorporating amendment 1); and B1D4, B1D5, F1D8; and H1D6; and 2. 2. 5, 4. 2. 13, 5. 6. 6, 6. 2. 1, 7. 5. 2, 7. 5. 3, 7. 5. 4, 10. 2. 19, 10. 2. 20 apply, the relevant requirement must be met in accordance with Specification 13.7.9. For the building, where AS 1720 Part 1; and 2010; and Timber structures - Design methods (incorporating amendments 1, 2 and 3); and B1V1, B1D4; and H1V1, H1D6; and 4. 2. 13, 5. 3. 3 apply, the relevant requirement must be met in accordance with Specification 13.7.9. For the building, where AS/NZS 1720 Part 4; and 2019; and Timber structures - Fire resistance of timber elements; and Spec 1; and Spec 1 apply, Spec 1 must be provided or applied in accordance with Specification 13.7.9. For the building, where AS 1720 Part 5; and 2015; and Timber structures - Nailplated timber roof trusses (incorporating amendment 1); and B1D4; and H1D6 apply, the relevant requirement must be met in accordance with Specification 13.7.9. For the building, where AS 1735 Part 11; and 1986; and Lifts, escalators and moving walks - Fire rated landing doors; and C4D11 apply, the relevant requirement must be met in accordance with Specification 13.7.9. For the building, where AS 1735 Part 12; and 1999; and Lifts, escalators and moving walks - Facilities for persons with disabilities (incorporating amendment 1); and E3D8, I2D6 apply, the relevant requirement must be met in accordance with Specification 13.7.9. For the building, where AS/NZS 1859 Part 4; and 2018; and Reconstituted wood based panels - Specifications - Wet process fibreboard; and 7. 5. 3, 7. 5. 4 apply, the relevant requirement must be met in accordance with Specification 13.7.9. For the building, where AS 1860 Part 2; and 2006; and Particleboard flooring - Installation (incorporating amendment 1); and B1D4; and H1D6 apply, the relevant requirement must be met in accordance with Specification 13.7.9. For the building, where AS 1905 Part 1; and 2015; and Components for the protection of openings in fire-resistant walls - Fire-resistant doorsets (incorporating amendment 1); and C4D7, Spec 12 apply, the relevant requirement must be met in accordance with Specification 13.7.9. For the building, where AS 1905 Part 2; and 2005; and Components for the protection of openings in fire-resistant walls - Fire-resistant roller shutters; and Spec 12 apply, the relevant requirement must be met in accordance with Specification 13.7.9. For the building, where AS 1926 Part 1; and 2012; and Swimming pool safety - Safety barriers for swimming pools; and G1D2, G1D4; and H7D2 apply, the relevant requirement must be met in accordance with Specification 13.7.9. For the building, where AS 1926 Part 2; and 2007; and Swimming pool safety - Location of safety barriers for swimming pools (incorporating amendments 1 and 2); and G1D2; and H7D2 apply, the relevant requirement must be met in accordance with Specification 13.7.9. For the building, where AS 1926 Part 3; and 2010; and Swimming pool safety - Water recirculation systems (incorporating amendment 1); and G1D2; and H7D2 apply, the relevant requirement must be met in accordance with Specification 13.7.9.",1,1,"","","NCC 2022 Vol2","",0,"","","false","","NCC2022_Volume2_Tables_ClauseStyle.txt","2022"
"Vol2","H1","H","Table 13.7.9_23","table","Table 13.7.9_23","For the building, where AS 2047; and 2014; and Windows and external glazed doors in buildings (incorporating amendments 1 and 2) (See Note 4); and B1D4, F3V1, F3D4, J5D5; and H1D8, H2V1; and 13. 4. 4 apply, the relevant requirement must be met in accordance with Specification 13.7.9. For the building, where AS 2049; and 2002; and Roof tiles (incorporating amendment 1); and F3D2; and H1D7 apply, the relevant requirement must be met in accordance with Specification 13.7.9. For the building, where AS 2050; and 2018; and Installation of roof tiles; and B1D4, F3D2; and H1D7; and 7. 3. 2 apply, the relevant requirement must be met in accordance with Specification 13.7.9. For the building, where AS 2118 Part 1; and 2017; and Automatic fire sprinkler systems - General systems (incorporating amendments 1 and 2); and C1V3, Spec 17, Spec 18 apply, the relevant requirement must be met in accordance with Specification 13.7.9. For the building, where AS 2118 Part 4; and 2012; and Automatic fire sprinkler systems - Sprinkler protection for accommodation buildings not > four storeys in height; and Spec 17, Spec 18 apply, B4D3 must be provided or applied in accordance with Specification 13.7.9. For the building, where AS 2118 Part 5; and 2008 (R 2020); and Automatic fire sprinkler systems - Home fire sprinkler systems apply, B4D3 must be provided or applied in accordance with Specification 13.7.9. For the building, where AS 2118 Part 6; and 2012; and Automatic fire sprinkler systems - Combined sprinkler and hydrant systems in multistorey buildings; and Spec 17 apply, B4D3 must be provided or applied in accordance with Specification 13.7.9. For the building, where AS 2159; and 2009; and Piling - Design and installation (incorporating amendment 1); and B1D4; and H1D12 apply, the relevant requirement must be met in accordance with Specification 13.7.9. For the building, where AS/NZS 2179 Part 1; and 2014; and Specifications for rainwater goods, accessories and fasteners - Metal shape or sheet rainwater goods, and metal accessories and fasteners; and 7. 4. 2 apply, the relevant requirement must be met in accordance with Specification 13.7.9. For the building, where AS/NZS 2269 Part 0; and 2012; and Plywood - Structural - Specifications (incorporating amendment 1); and 7. 5. 4 apply, the relevant requirement must be met in accordance with Specification 13.7.9. For the building, where AS/NZS 2293 Part 1; and 2018; and Emergency lighting and exit signs for buildings - System design, installation and operation (incorporating amendment 1); and E4D4, E4D8, Spec 25, I3D15 apply, the relevant requirement must be met in accordance with Specification 13.7.9. For the building, where AS 2312 Part 1; and 2014; and Guide to the protection of structural steel against atmospheric corrosion by the use of protective coatings - Paint coatings; and 6. 3. 9 apply, the relevant requirement must be met in accordance with Specification 13.7.9. For the building, where AS/NZS 2312 Part 2; and 2014; and Guide to the protection of structural steel against atmospheric corrosion by the use of protective coatings - Hot dip galvanizing; and 6. 3. 9 apply, the relevant requirement must be met in accordance with Specification 13.7.9. For the building, where AS/NZS 2327; and 2017; and Composite structures - Composite steel- concrete construction in buildings (incorporating amendment 1); and B1D4, Spec 1; and Spec 1; and 2. 2. 4 apply, Spec 1 must be provided or applied in accordance with Specification 13.7.9.",1,1,"","","NCC 2022 Vol2","",0,"","","false","","NCC2022_Volume2_Tables_ClauseStyle.txt","2022"
"Vol2","H1","H","Table 13.7.9_24","table","Table 13.7.9_24","For the building, where AS 2419 Part 1; and 2021; and Fire hydrant installations - System design, installation and commissioning; and C3D13, E1D2, Spec 18, I3D9 apply, B4D4 must be provided or applied in accordance with Specification 13.7.9. For the building, where AS 2441; and 2005; and Installation of fire hose reels (incorporating amendment 1); and E1D3 apply, B4D5 must be provided or applied in accordance with Specification 13.7.9. For the building, where AS 2444; and 2001; and Portable fire extinguishers and fire blankets - Selection and location; and E1D14, I3D11 apply, the relevant requirement must be met in accordance with Specification 13.7.9. For the building, where AS 2665; and 2001; and Smoke/heat venting systems - Design, installation and commissioning; and Spec 22, Spec 31 apply, the relevant requirement must be met in accordance with Specification 13.7.9. For the building, where AS 2699 Part 1; and 2020; and Built-in components for masonry construction - Wall ties (See Note 9); and C2D10; and 5. 6. 5 apply, the relevant requirement must be met in accordance with Specification 13.7.9. For the building, where AS 2699 Part 3; and 2020; and Built-in components for masonry construction - Lintels and shelf angles (durability requirements) (See Note 9); and C2D10; and 5. 6. 7 apply, the relevant requirement must be met in accordance with Specification 13.7.9. For the building, where AS 2870; and 2011; and Residential slabs and footings; and F1D7; and H1D4, H1D5; and 3. 4. 2, 4. 2. 2, 4. 2. 6, 4. 2. 8, 4. 2. 11, 4. 2. 14, 4. 2. 15, 10. 2. 9 apply, the relevant requirement must be met in accordance with Specification 13.7.9. For the building, where AS/NZS 2890 Part 6; and 2009; and Parking facilities - Offstreet parking for people with disabilities; and D4D6 apply, the relevant requirement must be met in accordance with Specification 13.7.9. For the building, where AS/NZS 2904; and 1995; and Damp-proof courses and flashings (incorporating amendments 1 and 2); and F1D6; and 5. 7. 3, 7. 5. 6, 12. 3. 3 apply, the relevant requirement must be met in accordance with Specification 13.7.9. For the building, where AS/NZS 2908 Part 1; and 2000; and Cellulose-cement products - Corrugated sheets; and B1D4 apply, the relevant requirement must be met in accordance with Specification 13.7.9. For the building, where AS/NZS 2908 Part 2; and 2000; and Cellulose-cement products - Flat sheets; and Schedule 1; and Schedule 1; and 7. 5. 3, 7. 5. 4, 7. 5. 5, 10. 2. 9, 10. 2. 10, Schedule 1 apply, Schedule 1 must be provided or applied in accordance with Specification 13.7.9. For the building, where AS/NZS 2918; and 2018; and Domestic solid fuel burning appliances - Installation (See Note 8); and G2D2; and H7D5; and 12. 4. 4, 12. 4. 5 apply, the relevant requirement must be met in accordance with Specification 13.7.9. For Electrical installations - Classification of the fire and mechanical performance of wiring system elements, where AS/NZS 3013; and 2005; and Electrical installations - Classification of the fire and mechanical performance of wiring system elements; and C3D14 apply, the relevant requirement must be met in accordance with Specification 13.7.9. For the building, where AS/NZS 3500 Part 0; and 2021; and Plumbing and drainage - Glossary of terms; and A1G4; and A1G4 apply, A1G4 must be provided or applied in accordance with Specification 13.7.9. For the building, where AS/NZS 3500 Part 1; and 2018; and Plumbing and drainage - Water services apply, B5D6 must be provided or applied in accordance with Specification 13.7.9.",1,1,"","","NCC 2022 Vol2","",0,"","","false","","NCC2022_Volume2_Tables_ClauseStyle.txt","2022"
"Vol2","H1","H","Table 13.7.9_25","table","Table 13.7.9_25","For the building, where AS/NZS 3500 Part 1; and 2021; and Plumbing and drainage - Water services apply, B1D3, B1D5, B1D6, B3D3, B5V1, B5D2, B5D3, B5D4, Spec 41, B6D2, B6D3, B6D5, B7D3, must be provided or applied in accordance with Specification 13.7.9. For the building, where AS/NZS 3500 Part 2; and 2021; and Plumbing and drainage - Sanitary plumbing and drainage (incorporating amendment 1) apply, C1D3, C1V1, C1V2, C1V3, C1V4, C1V5, C2V2, C2D3, C2D4, C3D7 must be provided or applied in accordance with Specification 13.7.9. For the building, where AS/NZS 3500 Part 3; and 2021; and Plumbing and drainage - Stormwater drainage (See Note 11); and F1D3; and H2D2, H2D6; and 7. 4. 3 apply, the relevant requirement must be met in accordance with Specification 13.7.9. For the building, where AS/NZS 3500 Part 4; and 2021; and Plumbing and drainage - Heated water services (incorporating amendment 1) apply, B2D2, B2D6, B2D7, B2D8, B2D9, B2D11 must be provided or applied in accordance with Specification 13.7.9. For the building, where AS 3600; and 2018; and Concrete structures (incorporating amendments 1 and 2); and B1V1, B1D4, Spec 1; and H1V1, H1D4, Spec 1; and 3. 4. 2, 4. 2. 6, 4. 2. 10, 4. 2. 13, 5. 3. 3, 10. 2. 9 apply, Spec 1 must be provided or applied in accordance with Specification 13.7.9. For the building, where AS 3660 Part 1; and 2014; and Termite management - New building work (incorporating amendment 1); and B1D4, F1D6; and 3. 4. 1, 3. 4. 2 apply, the relevant requirement must be met in accordance with Specification 13.7.9. For the building, where AS 3660 Part 3; and 2014; and Termite management - Assessment criteria for termite management systems; and 3. 4. 2 apply, the relevant requirement must be met in accordance with Specification 13.7.9. For the building, where AS/NZS 3666 Part 1; and 2011; and Air-handling and water systems of buildings - Microbial control - Design, installation and commissioning; and F4D10, F6D6 apply, the relevant requirement must be met in accordance with Specification 13.7.9. For the building, where AS 3700; and 2018; and Masonry structures; and B1D4, F3D5, Spec 1, Spec 2; and H1D5, H2D4, Spec 1, Spec 2; and 5. 3. 3, 5. 4. 2, 5. 6. 3, 6. 3. 6, 10. 2. 9, 10. 2. 19, 10. 2. 20, 12. 4. 3 apply, Spec 1, Spec 2 must be provided or applied in accordance with Specification 13.7.9. For the building, where AS 3740; and 2021; and Waterproofing of domestic wet areas; and F2D2; and H4D2, H4D3; and 10. 2. 20 apply, the relevant requirement must be met in accordance with Specification 13.7.9. For the building, where AS 3786; and 2014; and Smoke alarms using scattered light, transmitted light or ionization (incorporating amendment 1 and 2) (See Note 5); and Spec 20; and 9. 5. 1 apply, the relevant requirement must be met in accordance with Specification 13.7.9. For the building, where AS/NZS 3823 Part 1. 2; and 2012; and Performance of electrical appliances - Air conditioners and heat pumps - Ducted air conditioners and air-to-air heat pumps - Testing and rating for performance; and Spec 33, J6D12 apply, the relevant requirement must be met in accordance with Specification 13.7.9.",1,1,"","","NCC 2022 Vol2","",0,"","","false","","NCC2022_Volume2_Tables_ClauseStyle.txt","2022"
"Vol2","H1","H","Table 13.7.9_26","table","Table 13.7.9_26","For the building, where AS 3959; and 2018; and Construction of buildings in bushfire-prone areas (incorporating amendments 1 and 2); and C2D14, F8D5, G5D2, G5D3, Spec 43; and H7D4; and 10. 8. 3 apply, B1D4, B2D10, B3D4, C1D4, C2D5 must be provided or applied in accordance with Specification 13.7.9. For the building, where AS/NZS 4020; and 2018; and Testing of products for use in contact with drinking water (See Note 6); and A5G4; and A5G4 apply, A5G4 must be provided or applied in accordance with Specification 13.7.9. For the building, where AS 4055; and 2021; and Wind loads for housing; and Schedule 1; and H1D6, H1D8, Schedule 1; and 2. 2. 3, Schedule 1 apply, Schedule 1 must be provided or applied in accordance with Specification 13.7.9. For the building, where AS 4072 Part 1; and 2005; and Components for the protection of openings in fire-resistant separating elements - Service penetrations and control joints (incorporating amendment 1); and C4D15, C4D16; and 9. 3. 2 apply, the relevant requirement must be met in accordance with Specification 13.7.9. For the building, where AS 4100; and 2020; and Steel structures; and B1D4, Spec 1; and H1D6, Spec 1; and 4. 2. 13, 5. 6. 7 apply, Spec 1 must be provided or applied in accordance with Specification 13.7.9. For the building, where AS 4200 Part 1; and 2017; and Pliable building membranes and underlays - Materials (incorporating amendment 1); and F3D3, F8D3, Spec 36, Schedule 1; and Schedule 1; and 7. 3. 4, 7. 5. 2, 7. 5. 8, 10. 8. 1, Schedule 1 apply, Schedule 1 must be provided or applied in accordance with Specification 13.7.9. For the building, where AS 4200 Part 2; and 2017; and Pliable building membranes and underlays - Installation requirements (incorporating amendments 1 and 2); and F3D3, F8D3; and 10. 8. 1 apply, the relevant requirement must be met in accordance with Specification 13.7.9. For the building, where AS/NZS 4234; and 2021; and Heated water systems - Calculation of energy consumption; and Spec 45 apply, B2D2 must be provided or applied in accordance with Specification 13.7.9. For the building, where AS 4254 Part 1; and 2021; and Ductwork for air-handling systems in buildings - Flexible duct; and Spec 7, J6D7; and H3D2; and 13. 7. 4 apply, the relevant requirement must be met in accordance with Specification 13.7.9. For the building, where AS 4254 Part 2; and 2012; and Ductwork for air-handling systems in buildings - Rigid duct; and Spec 7, J6D5, J6D7; and 13. 7. 4 apply, the relevant requirement must be met in accordance with Specification 13.7.9. For the building, where AS/NZS 4284; and 2008; and Testing of building facades; and F3V1; and H2V1 apply, the relevant requirement must be met in accordance with Specification 13.7.9. For the building, where AS/NZS 4505; and 2012; and Garage doors and other large access doors (incorporating amendment 1); and B1D4; and 2. 2. 4 apply, the relevant requirement must be met in accordance with Specification 13.7.9. For the building, where AS 4552; and 2005; and Gas fired water heaters for hot water supply and/or central heating apply, B2D2 must be provided or applied in accordance with Specification 13.7.9. For the building, where AS 4586; and 2013; and Slip resistance classification of new pedestrian surface materials (incorporating amendment 1) (See Note 7); and D3D11, D3D14, D3D15. Spec 27; and 11. 2. 4 apply, the relevant requirement must be met in accordance with Specification 13.7.9. For the building, where AS 4597; and 1999; and Installation of roof slates and shingles (Non- interlocking type); and B1D4, F3D2; and H1D7 apply, the relevant requirement must be met in accordance with Specification 13.7.9. For the building, where AS/NZS 4600; and 2018; and Cold-formed steel structures; and B1D4, Spec 1; and H1D6, Spec 1; and 5. 3. 3, 6. 3. 6 apply, Spec 1 must be provided or applied in accordance with Specification 13.7.9.",1,1,"","","NCC 2022 Vol2","",0,"","","false","","NCC2022_Volume2_Tables_ClauseStyle.txt","2022"
"Vol2","H1","H","Table 13.7.9_27","table","Table 13.7.9_27","For the building, where AS 4654 Part 1; and 2012; and Waterproofing membranes for external above-ground use - Materials; and F1D5; and H2D8 apply, the relevant requirement must be met in accordance with Specification 13.7.9. For the building, where AS 4654 Part 2; and 2012; and Waterproofing membranes for external above-ground use - Design and installation; and C2D14, F1D4, F1D5; and H2D8 apply, the relevant requirement must be met in accordance with Specification 13.7.9. For the building, where AS 4678; and 2002; and Earth-retaining structures; and H1D3 apply, the relevant requirement must be met in accordance with Specification 13.7.9. For the building, where AS 4773 Part 1; and 2015; and Masonry in small buildings - Design (incorporating amendment 1); and H1D5, H2D4; and 5. 6. 3, 12. 4. 3 apply, the relevant requirement must be met in accordance with Specification 13.7.9. For the building, where AS 4773 Part 2; and 2015; and Masonry in small buildings - Construction (incorporating amendment 1); and H1D5, H2D4; and 5. 6. 3, 12. 4. 3 apply, the relevant requirement must be met in accordance with Specification 13.7.9. For the building, where AS/NZS 4859 Part 1; and 2018; and Thermal insulation materials for buildings - General criteria and technical provisions; and J4D3, J6D6, J6D9; and 13. 2. 2, 13. 7. 2, 13. 7. 4 apply, the relevant requirement must be met in accordance with Specification 13.7.9. For the building, where AS/NZS 4859 Part 2; and 2018; and Thermal insulation materials for buildings - Design; and J3D8, J4D3, Spec 36, Spec 37; and 13. 2. 5, 13. 2. 6 apply, the relevant requirement must be met in accordance with Specification 13.7.9. For the building, where AS/NZS 4858; and 2004; and Wet area membranes; and 10. 2. 8 apply, the relevant requirement must be met in accordance with Specification 13.7.9. For Classification of external walls of buildings based on reaction-to-fire performance (incorporating amendment 1), where AS 5113; and 2016; and Classification of external walls of buildings based on reaction-to-fire performance (incorporating amendment 1); and C1V3 apply, the relevant requirement must be met in accordance with Specification 13.7.9. For the building, where AS 5146 Part 1; and 2015; and Reinforced autoclaved aerated concrete - Structures (incorporating amendment 1); and B1D4; and H1D7 apply, the relevant requirement must be met in accordance with Specification 13.7.9. For the building, where AS 5146 Part 3; and 2018; and Reinforced autoclaved aerated concrete - Construction; and B1D4, F3D5 apply, the relevant requirement must be met in accordance with Specification 13.7.9. For the building, where AS 5216; and 2021; and Design of post-installed and cast-in fastenings in concrete; and B1D4; and 2. 2. 4 apply, the relevant requirement must be met in accordance with Specification 13.7.9. For the building, where AS/NZS 5601 Part 1; and 2013; and Gas installations - General installations; and J1V4; and H6V3 apply, the relevant requirement must be met in accordance with Specification 13.7.9. For the building, where AS 5637 Part 1; and 2015; and Determination of fire hazard properties - Wall and ceiling linings; and Spec 7, Schedule 1; and Schedule 1; and Schedule 1 apply, Schedule 1 must be provided or applied in accordance with Specification 13.7.9. For the building, where AS ISO 9239 Part 1; and 2003; and Reaction to fire tests for floorings - Determination of the burning behaviour using a radiant heat source; and Schedule 1; and Schedule 1; and Schedule 1 apply, Schedule 1 must be provided or applied in accordance with Specification 13.7.9. For the building, where AS/NZS ISO 9972; and 2015; and Thermal performance of buildings - Determination of air permeability of buildings - Fan pressurization method; and J1V4; and H6V3 apply, the relevant requirement must be met in accordance with Specification 13.7.9. For the building, where AIRAH-DA07; and 2021; and Criteria for moisture control design analysis in buildings; and F8V1; and H4V5 apply, the relevant requirement must be met in accordance with Specification 13.7.9.",1,1,"","","NCC 2022 Vol2","",0,"","","false","","NCC2022_Volume2_Tables_ClauseStyle.txt","2022"
"Vol2","H1","H","Table 13.7.9_28","table","Table 13.7.9_28","For the building, where AIRAH-DA09; and 1998; and Air conditioning load estimation; and Spec 35 apply, the relevant requirement must be met in accordance with Specification 13.7.9. For the building, where AIRAH-DA28; and 2011; and Building management and control systems; and Spec 34 apply, the relevant requirement must be met in accordance with Specification 13.7.9. For the building, where ANSI/ASHRAE Standard 55; and 2013; and Thermal environmental conditions for human occupancy; and Schedule 1; and Schedule 1; and Schedule 1 apply, Schedule 1 must be provided or applied in accordance with Specification 13.7.9. For the building, where ANSI/ASHRAE Standard 140; and 2007; and Standard method of test for the evaluation of building energy analysis computer programs; and J1V1, J1V2, J1V3, J1V5; and H6V2 apply, the relevant requirement must be met in accordance with Specification 13.7.9. For the building, where ASTM E2073-10; and 2010; and Standard Test Method for Photopic Luminance of Photoluminescent (Phosphorescent) Markings; and Spec 25 apply, the relevant requirement must be met in accordance with Specification 13.7.9. For the building, where ASTM E72-15; and 2015; and Standard Test Methods of Conducting Strength Tests of Panels for Building Construction; and Spec 6 apply, the relevant requirement must be met in accordance with Specification 13.7.9. For the building, where ASTM E695-03; and 2003; and Standard Test Method of Measuring Relative Resistance of Wall, Floor and Roof Construction to Impact Loading; and Spec 6 apply, the relevant requirement must be met in accordance with Specification 13.7.9. For the building, where ASTM E96; and 2016; and Standard Test Methods for Water Vapor Transmission of Materials; and Schedule 1; and Schedule 1; and Schedule 1 apply, Schedule 1 must be provided or applied in accordance with Specification 13.7.9. For the building, where AHRI 460; and 2005; and Performance rating of remote mechanical- draft air-cooled refrigerant condensers; and J6D13 apply, the relevant requirement must be met in accordance with Specification 13.7.9. For the building, where AHRI 551/591; and 2015; and Performance rating of water-chilling and heat pump water-heating packages using the vapor compression cycle.; and Spec 33, J6D11 apply, the relevant requirement must be met in accordance with Specification 13.7.9. For the building, where ABCB; and 2022; and Fire Safety Verification Method; and C1V4 apply, the relevant requirement must be met in accordance with Specification 13.7.9. For the building, where ABCB; and 2022; and Housing Provisions Standard; and Throughout; and Throughout apply, the relevant requirement must be met in accordance with Specification 13.7.9. For the building, where ABCB; and 2022; and Livable Housing Design; and G7D2; and H4D3, H8D2; and 3. 3. 3, 11. 2. 3 apply, the relevant requirement must be met in accordance with Specification 13.7.9. For the building, where ABCB; and 2011; and Protocol for Structural Software, Version 2011. 2; and B1D5; and H1D6; and 2. 2. 5 apply, the relevant requirement must be met in accordance with Specification 13.7.9. For the building, where ABCB; and 2012; and Standard for Construction of Buildings in Flood Hazard Areas, Version 2012. 3; and B1D6; and H1D10 apply, the relevant requirement must be met in accordance with Specification 13.7.9. For the building, where ABCB; and 2022; and Standard for NatHERS Heating and Cooling Load Limits, Version 2022. 1; and J3D3; and Spec 42 apply, the relevant requirement must be met in accordance with Specification 13.7.9. For the building, where ABCB; and 2022; and Standard for Whole-of-Home Efficiency Factors; and J3D14; and 13. 6. 2 apply, the relevant requirement must be met in accordance with Specification 13.7.9. For the building, where CIBSE Guide A; and 2015; and Environmental design; and Spec 34, Spec 35, J4D3, J4D7 apply, the relevant requirement must be met in accordance with Specification 13.7.9.",1,1,"","","NCC 2022 Vol2","",0,"","","false","","NCC2022_Volume2_Tables_ClauseStyle.txt","2022"
"Vol2","H1","H","Table 13.7.9_29","table","Table 13.7.9_29","For the building, where 2002; and Disability Standards for Accessible Public Transport; and F4D12, I2D1 apply, the relevant requirement must be met in accordance with Specification 13.7.9. For the building, where 2010; and Education and Care Services National Law Act (Vic); and Schedule 1; and Schedule 1; and Schedule 1 apply, Schedule 1 must be provided or applied in accordance with Specification 13.7.9. For the building, where European Union Commission Regulation 547/2012; and 2012; and Eco-design requirements for water pumps; and J6D8 apply, the relevant requirement must be met in accordance with Specification 13.7.9. For the building, where European Union Commission Regulation 622/Annexx II, point 2; and 2012; and Eco-design requirements for glandless standalone circulators and glandless circulators integrated in products; and J6D8 apply, the relevant requirement must be met in accordance with Specification 13.7.9. For the building, where FPAA101D; and 2021; and Automatic Fire Sprinkler System Design and Installation - Drinking Water Supply; and C1V3, C2D6, C2D13, C3D2, C3D7, C3D8, C4D6, C4D7, C4D8, C4D9, C4D12, Spec 5, Spec 7, D2D4, D2D17, D3D26, D3D30, E2D8, E2D9, E2D13, E2D14, E2D15, E2D16, E2D17, E2D19, E2D20, Spec 17, Spec 18, Spec 20, G3D1, G3D6, Spec 31, I1D2, Schedule 1; and Schedule 1; and Schedule 1 apply, B4D3, Schedule 1, B1D5 must be provided or applied in accordance with Specification 13.7.9.",1,1,"","","NCC 2022 Vol2","",0,"","","false","","NCC2022_Volume2_Tables_ClauseStyle.txt","2022"
"Vol2","H1","H","Table 13.7.9_30","table","Table 13.7.9_30","For the building, where FPAA101H; and 2018; and Automatic Fire Sprinkler System Design and Installation - Hydrant Water Supply (incorporating amendment 1); and C1V3, C2D6, C2D13, C3D2, C3D7, C3D8, Spec 5, Spec 7, Spec 17, Spec 18, E2D8, E2D9, E2D13, E2D14, E2D15, E2D16, E2D17, E2D19, E2D20, Spec 20, G3D1, G3D6, Spec 31, I1D2 apply, B4D3 must be provided or applied in accordance with Specification 13.7.9. For the building, where ISO 140 Part 6; and 1998E; and Acoustics - Measurement of sound insulation in buildings and of building elements - Laboratory measurements of impact sound insulation of floors; and Spec 29 apply, the relevant requirement must be met in accordance with Specification 13.7.9. For the building, where ISO 540; and 2008; and Hard coal and coke - Determination of ash fusibility; and Spec 13 apply, the relevant requirement must be met in accordance with Specification 13.7.9. For the building, where ISO 8336; and 1993E; and Fibre-cement flat sheets; and Schedule 1; and Schedule 1; and 7. 5. 3, 7. 5. 4, 7. 5. 5, Schedule 1 apply, Schedule 1 must be provided or applied in accordance with Specification 13.7.9. For the building, where ISO 25745 Part 2; and 2015; and Energy performance of lifts, escalators and moving walks: Energy calculation and classification for lifts (elevators); and J7D8 apply, the relevant requirement must be met in accordance with Specification 13.7.9. For the building, where NASH Standard; and 2021; and Steel Framed Construction in Bushfire Areas; and H7D4 apply, the relevant requirement must be met in accordance with Specification 13.7.9. For the building, where NASH Standard Part 1; and 2005; and Residential and Low Rise Steel Framing - Design Criteria (incorporating amendments A, B and C); and B1D4; and H1D6 apply, the relevant requirement must be met in accordance with Specification 13.7.9. For the building, where NASH Standard Part 2; and 2014; and Residential and Low Rise Steel Framing - Design Solutions (incorporating amendment A); and B1D4, B1D5, F1D8; and H1D6; and 2. 2. 5, 6. 2. 1, 6. 3. 6, 7. 5. 2, 7. 5. 3, 7. 5. 4, 10. 2. 19, 10. 2. 20 apply, the relevant requirement must be met in accordance with Specification 13.7.9. For the building, where NSF/ ANSI/ CAN 372; and 2020; and Drinking Water System Components - Lead Content; and A5G4; and A5G4 apply, A5G4 must be provided or applied in accordance with Specification 13.7.9. For the building, where Northern Territory Deemed to Comply Standards Manual; and 2. 2. 4 apply, the relevant requirement must be met in accordance with Specification 13.7.9. For the building, where SATS 5344; and 2019; and Permanent labelling for Aluminium Composite Panel (ACP) products; and A5G8; and A5G8 apply, A5G8 must be provided or applied in accordance with Specification 13.7.9. For the building, where TN 61; and Cement Concrete and Aggregates Australia - Technical note - Articulated walling; and H1D4 apply, the relevant requirement must be met in accordance with Specification 13.7.9.",1,1,"","","NCC 2022 Vol2","",0,"","","false","","NCC2022_Volume2_Tables_ClauseStyle.txt","2022"
"Vol2","H1","H","Table 13.7.9_31","table","Table 13.7.9_31","For the building, where WMK NOD 2021/4. 2; and 2021; and Water Mark Notice of Direction 2021/4. 2 Certification transition arrangements for lead free plumbing products; and A5G4; and A5G4 apply, A5G4 must be provided or applied in accordance with Specification 13.7.9.",1,1,"","","NCC 2022 Vol2","",0,"","","false","","NCC2022_Volume2_Tables_ClauseStyle.txt","2022"
"Vol2","H1","H","Table 13.7.9_35","table","Table 13.7.9_35","For the building, where NSW Part 9. 4 applies, Fire protection of garage top dwellings Fire separation Construction of floors Construction of walls must be provided or applied in accordance with Specification 13.7.9. For the building, where NSW Part 13. 1 applies, Scope and application of Section 13 NSW 13. 1. 1 Scope NSW 13. 1. 2 Application must be provided or applied in accordance with Specification 13.7.9. For the building, where Schedule 1 Schedule 2 applies, Definitions Referenced documents must be provided or applied in accordance with Specification 13.7.9.",1,1,"","","NCC 2022 Vol2","",0,"","","false","","NCC2022_Volume2_Tables_ClauseStyle.txt","2022"
"Vol2","H1","H","Table 13.7.9_41","table","Table 13.7.9_41","For the building, where NSW Legislation; and 2018; and Swimming Pools Regulation; and NSW G1P2, NSW G1D2; and NSW H7P1, NSW H7D2 apply, the relevant requirement must be met in accordance with Specification 13.7.9. For the building, where NSW Legislation; and 2011; and Work Health and Safety Act; and NSW G1D5 apply, the relevant requirement must be met in accordance with Specification 13.7.9.",1,1,"","","NCC 2022 Vol2","",0,"","","false","","NCC2022_Volume2_Tables_ClauseStyle.txt","2022"
"Vol2","H1","H","Table 13.7.9_43","table","Table 13.7.9_43","For the building, where 10 NT; and Part 10. 7 apply, Health and amenity Sound insulation NT 10. 7. 1 NT 10. 7. 2 NT 10. 7. 3 must be provided or applied in accordance with Specification 13.7.9. For the building, where NT; and Part 13. 1 apply, Scope and application of Section 13 NT 13. 1. 1 Scope NT 13. 1. 2 Application must be provided or applied in accordance with Specification 13.7.9. For the building, where NT; and Part 13. 2 apply, Building fabric NT 13. 2. 1 NT 13. 2. 2 NT 13. 2. 3 NT 13. 2. 4 NT 13. 2. 5 NT 13. 2. 6 must be provided or applied in accordance with Specification 13.7.9. For the building, where NT; and Part 13. 3 apply, External glazing NT 13. 3. 1 NT 13. 3. 2 NT 13. 3. 3 must be provided or applied in accordance with Specification 13.7.9. For the building, where NT; and Part 13. 4 apply, Building sealing NT 13. 4. 1 NT 13. 4. 2 NT 13. 4. 3 NT 13. 4. 4 NT 13. 4. 5 NT 13. 4. 6 NT 13. 4. 7 must be provided or applied in accordance with Specification 13.7.9. For the building, where NT; and Part 13. 5 apply, Air movement NT 13. 5. 1 NT 13. 5. 2 NT 13. 5. 3 must be provided or applied in accordance with Specification 13.7.9. For the building, where NT; and Part 13. 7 apply, Services NT 13. 7. 1 Application of Part 13. 7 NT 13. 7. 2 Insulation of services NT 13. 7. 3 Central heating water piping must be provided or applied in accordance with Specification 13.7.9.",1,1,"","","NCC 2022 Vol2","",0,"","","false","","NCC2022_Volume2_Tables_ClauseStyle.txt","2022"
"Vol2","H1","H","Table 13.6.2_4","table","Table 13.6.2_4","For the building, where 4; and 0. 026; and 0. 028; and 0. 013; and 0. 021; and 0. 032; and 0. 029; and 0. 023 apply, 0. 029 must be provided or applied in accordance with Specification 13.6.2. For the building, where 4. 5; and 0. 024; and 0. 025; and 0. 012; and 0. 019; and 0. 029; and 0. 026; and 0. 021 apply, 0. 027 must be provided or applied in accordance with Specification 13.6.2. For the building, where 5; and 0. 022; and 0. 023; and 0. 011; and 0. 018; and 0. 026; and 0. 023; and 0. 019 apply, 0. 024 must be provided or applied in accordance with Specification 13.6.2. For the building, where 5. 5; and 0. 020; and 0. 021; and 0. 010; and 0. 016; and 0. 023; and 0. 021; and 0. 017 apply, 0. 022 must be provided or applied in accordance with Specification 13.6.2. For the building, where 6; and 0. 018; and 0. 019; and 0. 009; and 0. 014; and 0. 021; and 0. 019; and 0. 015 apply, 0. 020 must be provided or applied in accordance with Specification 13.6.2. For the building, where 6. 5; and 0. 016; and 0. 017; and 0. 008; and 0. 013; and 0. 019; and 0. 017; and 0. 014 apply, 0. 018 must be provided or applied in accordance with Specification 13.6.2. For the building, where 7; and 0. 014; and 0. 015; and 0. 007; and 0. 012; and 0. 017; and 0. 016; and 0. 012 apply, 0. 016 must be provided or applied in accordance with Specification 13.6.2. For the building, where 7. 5; and 0. 013; and 0. 013; and 0. 006; and 0. 010; and 0. 015; and 0. 014; and 0. 011 apply, 0. 014 must be provided or applied in accordance with Specification 13.6.2. For the building, where 8; and 0. 011; and 0. 012; and 0. 006; and 0. 009; and 0. 014; and 0. 012; and 0. 010 apply, 0. 013 must be provided or applied in accordance with Specification 13.6.2. For the building, where 8. 5; and 0. 010; and 0. 011; and 0. 005; and 0. 008; and 0. 012; and 0. 011; and 0. 009 apply, 0. 011 must be provided or applied in accordance with Specification 13.6.2. For the building, where 9; and 0. 009; and 0. 009; and 0. 004; and 0. 007; and 0. 011; and 0. 010; and 0. 008 apply, 0. 010 must be provided or applied in accordance with Specification 13.6.2. For the building, where 9. 5; and 0. 008; and 0. 008; and 0. 004; and 0. 006; and 0. 009; and 0. 008; and 0. 007 apply, 0. 009 must be provided or applied in accordance with Specification 13.6.2. For the building, where 10; and 0. 007; and 0. 007; and 0. 003; and 0. 005; and 0. 008; and 0. 007; and 0. 006 apply, 0. 007 must be provided or applied in accordance with Specification 13.6.2.",1,1,"","","NCC 2022 Vol2","",0,"","","false","","NCC2022_Volume2_Tables_ClauseStyle.txt","2022"
"Vol2","H1","H","Table 5.3.2.3_2","table","Table 5.3.2.3_2","For the building, where Wind Region; and TC; and T0; and T0; and T0; and T1; and T1; and T1; and T2; and T2; and T2; and T3; and T3; and T4 apply, T5 must be provided or applied in accordance with Specification 5.3.2.3. For the building, where Wind Region; and TC; and FS; and PS; and NS; and FS; and PS; and NS; and FS; and PS; and NS; and PS; and NS; and NS apply, NS must be provided or applied in accordance with Specification 5.3.2.3. For the building, where C2 (25-; and C2 (40-; and C2 (25-; and C3 (15-50); and C2 (45-; and C3 (25-; and C3 (40-; and C4 (5-50); and C4 (20-; and C4 (40- apply, the relevant requirement must be met in accordance with Specification 5.3.2.3. For the building, where 50); and 50); and 50); and 50); and 50); and 50); and 50); and 50) apply, the relevant requirement must be met in accordance with Specification 5.3.2.3. For the building, where 2; and C3 (0-; and C3 (0-; and C4 (0-; and C3 (0-; and C4 (0-; and C4 (0-30); and C4 (0-; and C4 (0-40); and NA (0-; and NA (0-20); and NA (0-; and NA (0- apply, the relevant requirement must be met in accordance with Specification 5.3.2.3. For the building, where 10); and 40); and 5); and 35); and 15); and 10); and 15); and 35); and 50) apply, the relevant requirement must be met in accordance with Specification 5.3.2.3. For the building, where C2 (10-; and C2 (40-; and C3 (5-; and C2 (35-; and C3 (15-; and C3 (30-50); and C3 (10-; and C3 (40-; and C4 (15-; and C4 (20-50); and C4 (35-; and 50) apply, the relevant requirement must be met in accordance with Specification 5.3.2.3. For the building, where 50); and 50); and 50); and 50); and 50); and 50); and 50); and 50); and 50) apply, the relevant requirement must be met in accordance with Specification 5.3.2.3. For the building, where 1; and C3 (0-; and C4 (0-; and C4 (0-; and C4 (0-; and C4 (0-; and NA (0-15); and C4 (0-; and NA (0-25); and NA (0-; and NA (0-45); and NA (0-; and NA (0- apply, the relevant requirement must be met in accordance with Specification 5.3.2.3. For the building, where 35); and 15); and 30); and 10); and 40); and 35); and 40); and 50); and 50) apply, the relevant requirement must be met in accordance with Specification 5.3.2.3. For the building, where C2 (35-; and C3 (15-; and C3 (30-; and C3 (10-; and C3 (40-; and C4 (15-50); and C3 (35-; and C4 (25-; and C4 (40-; and C4 (45-50); and 50); and 50) apply, the relevant requirement must be met in accordance with Specification 5.3.2.3. For the building, where 50); and 50); and 50); and 50); and 50); and 50); and 50); and 50) apply, the relevant requirement must be met in accordance with Specification 5.3.2.3. For the building, where D - north of the Tropic of Capricorn; and 3; and C2 (0- 35); and C3 (0- 20); and C3 (0- 30); and C3 (0- 20); and C3 (0- 40); and C4 (0-10); and C3 (0- 35); and C4 (0-20); and C4 (0- 30); and NA (0-5); and NA (0- 15); and NA (0- 35) apply, NA (0- 50) must be provided or applied in accordance with Specification 5.3.2.3. For the building, where D - north of the Tropic of Capricorn; and 3; and C1 (35- 50); and C2 (20- 50); and C2 (30- 50); and C2 (20- 50); and C2 (40- 50); and C3 (10-50); and C2 (35- 50); and C3 (20- 50); and C3 (30- 50); and C4 (5-50); and C4 (15- 50); and C4 (35- 50) apply, NA (0- 50) must be provided or applied in accordance with Specification 5.3.2.3. For the building, where D - north of the Tropic of Capricorn; and 2. 5; and C3 (0- 10); and C3 (0- 35); and C4 (0- 5); and C3 (0- 30); and C4 (0- 15); and C4 (0-25); and C4 (0- 10); and C4 (0-30); and NA (0- 10); and NA (0-20); and NA (0- 30); and NA (0- 45) apply, NA (0- 50) must be provided or applied in accordance with Specification 5.3.2.3. For the building, where D - north of the Tropic of Capricorn; and 2. 5; and C2 (10- 50); and C2 (35- 50); and C3 (5- 50); and C2 (30- 50); and C3 (15- 50); and C3 (25-50); and C3 (10- 50); and C3 (30- 50); and C4 (10- 50); and C4 (20-50); and C4 (30- 50); and C4 (45- 50) apply, NA (0- 50) must be provided or applied in accordance with Specification 5.3.2.3. For the building, where D - north of the Tropic of Capricorn; and 2; and C3 (0- 25); and C4 (0- 5); and C4 (0- 15); and C4 (0- 5); and C4 (0- 25); and NA (0-5); and C4 (0- 20); and NA (0-15); and NA (0- 25); and NA (0-30); and NA (0- 40); and NA (0- 50) apply, NA (0- 50) must be provided or applied in accordance with Specification 5.3.2.3. For the building, where D - north of the Tropic of Capricorn; and 2; and C2 (25- 50); and C3 (5- 50); and C3 (15- 50); and C3 (5- 50); and C3 (25- 50); and C4 (5-50); and C3 (20- 50); and C4 (15- 50); and C4 (25- 50); and C4 (30-50); and C4 (40- 50); and NA (0- 50) apply, NA (0- 50) must be provided or applied in accordance with Specification 5.3.2.3. For the building, where D - north of the Tropic of Capricorn; and 1; and C4 (0- 5); and C4 (0- 25); and NA (0- 5); and C4 (0- 25); and NA (0- 15); and NA (0-25); and NA (0- 10); and NA (0-30); and NA (0- 40); and NA (0-50); and NA (0- 50); and NA (0- 50) apply, NA (0- 50) must be provided or applied in accordance with Specification 5.3.2.3. For the building, where D - north of the Tropic of Capricorn; and 1; and C3 (5- 50); and C3 (25- 50); and C4 (5- 50); and C3 (25- 50); and C4 (15- 50); and C4 (25-50); and C4 (10- 50); and C4 (30- 50); and C4 (40- 50); and NA (0-50); and NA (0- 50); and NA (0- 50) apply, NA (0- 50) must be provided or applied in accordance with Specification 5.3.2.3.",1,1,"","","NCC 2022 Vol2","",0,"","","false","","NCC2022_Volume2_Tables_ClauseStyle.txt","2022"
"Vol2","H1","H","Table UNNUMBERED_2","table","Table UNNUMBERED_2","For the building, where Spec no.; and Title; and Vols. One, Two and Housing Provisions apply, Vol. Three must be provided or applied in accordance with Specification 5.3.2.3. For Class 2 a, where 18; and Class 2 and 3 buildings   25 m in effective height; and E1D4; S17C2; S23C1; S23C3 apply, - must be provided or applied in accordance with Specification 5.3.2.3. For the building, where 19; and Fire control centres; and E1D14 apply, - must be provided or applied in accordance with Specification 5.3.2.3. For the building, where 20; and Smoke detection and alarm systems; and E2D3; E2D5; E2D7; E2D8; E2D9; E2D11; E2D13; E2D14; E2D15; E2D16; E2D17; E2D18; E2D19; E2D20; S5C19; S5C22; S17C8; S18C3; S21C7; S21C8; S22C3 apply, - must be provided or applied in accordance with Specification 5.3.2.3. For the building, where 21; and Smoke exhaust systems; and C3D13; E2D10; E2D14; E2D15; E2D16; E2D17; E2D18; E2D19; E2D20; S20C6; S20C8 apply, - must be provided or applied in accordance with Specification 5.3.2.3. For the building, where 22; and Smoke-and-heat vents; and E2D10; E2D14; E2D15; E2D16; E2D17; E2D18; E2D19; E2D20; S20C8 apply, - must be provided or applied in accordance with Specification 5.3.2.3. For the building, where 23; and Residential fire safety systems; and S18C3; S18C4 apply, - must be provided or applied in accordance with Specification 5.3.2.3. For the building, where 24; and Lift installations; and E3D2 apply, - must be provided or applied in accordance with Specification 5.3.2.3. For the building, where 25; and Photoluminescent exit signs; and E4D8 apply, - must be provided or applied in accordance with Specification 5.3.2.3. For the building, where 26; and Waterproofing and water resistance requirements for building elements in wet areas; and F1D6 apply, - must be provided or applied in accordance with Specification 5.3.2.3. For the building, where 27; and Accessible adult change facilities; and F4D12; S15C1 apply, - must be provided or applied in accordance with Specification 5.3.2.3. For the building, where 28; and Sound insulation for building elements; and F5D3; F5D4 apply, - must be provided or applied in accordance with Specification 5.3.2.3. For the building, where 29; and Impact sound - Test of equivalence; and F5D4; S28C2 apply, - must be provided or applied in accordance with Specification 5.3.2.3. For the building, where 30; and Installation of boilers and pressure vessels; and G2D2 apply, - must be provided or applied in accordance with Specification 5.3.2.3. For the building, where 31; and Fire and smoke control in buildings containing atriums; and G3D4; G3D8; S14C2 apply, - must be provided or applied in accordance with Specification 5.3.2.3. For the building, where 32; and Construction of proscenium walls; and C2D11; I1D3 apply, - must be provided or applied in accordance with Specification 5.3.2.3. For the building, where 33; and Additional requirements; and J1V1; J1V2; J1V3; J1V5 apply, - must be provided or applied in accordance with Specification 5.3.2.3. For the building, where 34; and Modelling parameters; and J1V3; S35C1 apply, - must be provided or applied in accordance with Specification 5.3.2.3. For the building, where 35; and Modelling profiles; and S34C3 apply, - must be provided or applied in accordance with Specification 5.3.2.3. For the building, where 36; and Material properties; and J4D3 apply, - must be provided or applied in accordance with Specification 5.3.2.3. For the building, where 37; and Calculation of U-Value and solar admittance; and J3D9; J3D13; J4D3; J4D6 apply, - must be provided or applied in accordance with Specification 5.3.2.3. For the building, where 38; and Spandrel panel thermal performance; and S37C3; S37C4 apply, - must be provided or applied in accordance with Specification 5.3.2.3. For the building, where 39; and Sub-floor thermal performance; and J4D3 apply, - must be provided or applied in accordance with Specification 5.3.2.3. For the building, where 40; and Lighting and power control devices; and J7D3; J7D4; J7D5; J7D6; J7D7 apply, - must be provided or applied in accordance with Specification 5.3.2.3. For the building, where 41; and Cross-connection hazards; and - apply, B5D2; B5D3; B5D4 must be provided or applied in accordance with Specification 5.3.2.3. For the building, where 42; and House energy rating software; and H6D2 apply, - must be provided or applied in accordance with Specification 5.3.2.3. For Class 9 b, where 43; and Bushfire protection for certain Class 9 buildings; and G5D4 apply, - must be provided or applied in accordance with Specification 5.3.2.3. For the building, where 44; and Calculation of heating load limit, cooling load limit and thermal energy load limit; and J1P2; H6P1 apply, - must be provided or applied in accordance with Specification 5.3.2.3. For the building, where 45; and Modelling profiles for J1V5; and J1V5 apply, - must be provided or applied in accordance with Specification 5.3.2.3.",1,1,"","","NCC 2022 Vol2","",0,"","","false","","NCC2022_Volume2_Tables_ClauseStyle.txt","2022"
"Vol2","H1","H","Table UNNUMBERED_4","table","Table UNNUMBERED_4","For the building, where BCA 2010; and 1 May 2010; and 1 May 2010; and 1 May 2010; and 1 May 2010; and 1 May 2010; and 1 May 20106; and 1 May 2010; and 1 May 2010 apply, 1 May 2010 must be provided or applied in accordance with Specification 5.3.2.3. For the building, where NCC 2011; and 1 May 2011; and 1 May 2011; and 1 May 2011; and 1 May 2011; and 1 May 2011; and 1 May 2011; and 1 May 2011; and 1 May 2011 apply, 1 May 2011 must be provided or applied in accordance with Specification 5.3.2.3. For the building, where NCC 2012; and 1 May 2012; and 1 May 2012; and 1 May 2012; and 1 May 2012; and 1 May 2012; and 1 May 2012; and 1 May 2012; and 1 May 2012 apply, 1 May 2012 must be provided or applied in accordance with Specification 5.3.2.3. For the building, where NCC 2013; and 1 May 2013; and 1 May 2013; and 1 May 2013; and 1 May 2013; and 1 May 2013; and 1 May 2013; and 1 May 2013; and 1 May 2013 apply, 1 May 2013 must be provided or applied in accordance with Specification 5.3.2.3. For the building, where NCC 2014; and 1 May 2014; and 1 May 2014; and 1 May 2014; and 1 May 2014; and 1 May 2014; and 1 May 2014; and 1 May 2014; and 1 May 2014 apply, 1 May 2014 must be provided or applied in accordance with Specification 5.3.2.3. For the building, where NCC 2015; and 1 May 2015; and 1 May 2015; and 1 May 2015; and 1 May 2015; and 1 May 2015; and 1 May 2015; and 1 May 2015; and 1 May 2015 apply, 1 May 2015 must be provided or applied in accordance with Specification 5.3.2.3. For the building, where NCC 2016; and 1 May 2016; and 1 May 2016; and 1 May 2016; and 1 May 2016; and 1 May 2016; and 1 May 2016; and 1 May 2016; and 1 May 2016 apply, 1 May 2016 must be provided or applied in accordance with Specification 5.3.2.3. For the building, where NCC 2019; and 1 May 2019; and 1 June 2019; and 1 May 2019; and 1 May 2019; and 1 May 2019; and 1 May 2019; and 1 May 2019; and 1 May 2019 apply, 1 May 2019 must be provided or applied in accordance with Specification 5.3.2.3. For the building, where NCC 2019 Amdt 1; and 1 Jul 2020; and 1 Jul 2020; and 1 Jul 2020; and 1 Jul 2020; and 1 Jul 2020; and 1 Jul 2020; and 1 Jul 2020; and 1 Jul 2020 apply, 1 Jul 2020 must be provided or applied in accordance with Specification 5.3.2.3. For the building, where NCC 2022; and 1 May 2023; and 1 May 2023; and 1 May 2023; and 1 May 2023; and 1 May 2023; and 1 May 2023; and 1 May 2023; and 1 May 2023 apply, 1 May 2023 must be provided or applied in accordance with Specification 5.3.2.3.",1,1,"","","NCC 2022 Vol2","",0,"","","false","","NCC2022_Volume2_Tables_ClauseStyle.txt","2022"
"Vol2","H1","H","Table UNNUMBERED_6","table","Table UNNUMBERED_6","For the building, where H1D6 applies, Amended to reflect current practice, improve readability and structure must be provided or applied in accordance with Specification H6V2. For the building, where H1D8 applies, Amended to reflect current practice, improve readability and structure must be provided or applied in accordance with Specification H6V2. For the building, where H1D11 applies, Amended to improve the title and application requirements for Part 12. 3 of the ABCB Housing Provisions must be provided or applied in accordance with Specification H6V2. For the building, where Part H2-Damp and weatherproofing apply, Part H2-Damp and weatherproofing must be provided or applied in accordance with Specification H6V2. For the building, where H2O1 applies, Amended to improve clarity and includes safeguarding occupants and protect the building from damage from rising damp must be provided or applied in accordance with Specification H6V2. For the building, where H2P1 applies, Amended as a consequence of replacing average recurrence interval with annual exceed probability must be provided or applied in accordance with Specification H6V2. For the building, where H2D2 applies, Amended as a consequence of replacing average recurrence interval with annual exceed probability must be provided or applied in accordance with Specification H6V2. For the building, where H2D4 applies, Amended and includes a new Deemed-to-Satisfy pathway for satisfying weatherproofing of masonry must be provided or applied in accordance with Specification H6V2. For the building, where H2D6 applies, Sub-clause (2) has been amended to replace average recurrence interval with annual exceedance probability and Sub-clause (3) has been amended to exclude box gutters from Part 7. 4 of the ABCB Housing Provisions must be provided or applied in accordance with Specification H6V2. For the building, where H2D8 applies, A new clause which incorporates 3. 8. 1. 3 of Volume Two 2019 Amendment 1 to specify the requirements and application of external waterproofing for roofing systems must be provided or applied in accordance with Specification H6V2. For the building, where Part H3-Fire safety applies, Part H3-Fire safety must be provided or applied in accordance with Specification H6V2. For Class 1 b, where H3P1 applies, Amended and now contains quantified level of performance for protection of Class 1 buildings from the spread of fire must be provided or applied in accordance with Specification H6V2. For Class 1 b, where H3P2 applies, Amended and now contains quantified level of performance for automatic warning on detection of smoke in Class 1 buildings must be provided or applied in accordance with Specification H6V2. For the building, where Part H4-Health and amenity apply, Part H4-Health and amenity must be provided or applied in accordance with Specification H6V2. For the building, where H4D2 applies, Amended as a consequence of moving external waterproofing of H2D8 must be provided or applied in accordance with Specification H6V2. For the building, where H4D3 applies, A new clause has been included for installation and materials of wet are components and systems must be provided or applied in accordance with Specification H6V2. For the building, where H4V5 applies, Amended to include new references to sections of the standard AIRAH DA07 for input assumptions, and new failure criteria included based on a mould index of 3 must be provided or applied in accordance with Specification H6V2. For the building, where Part H6-Energy efficiency applies, Part H6-Energy efficiency must be provided or applied in accordance with Specification H6V2. For the building, where H6O1 applies, Amended to expand the energy efficiency Objectives of Part H6 must be provided or applied in accordance with Specification H6V2. For the building, where H6F1 applies, Amended to expand the energy efficiency Functional Statement of Part H6 must be provided or applied in accordance with Specification H6V2. For the building, where H6P1 applies, Amended to include quantified requirements for the thermal performance of a building must be provided or applied in accordance with Specification H6V2. For the building, where H6P2 applies, Amended to include quantified requirements for the energy used by a buildings domestic services must be provided or applied in accordance with Specification H6V2. For the building, where H6V2 applies, Amended to align with changes in Section 13 of the ABCB Housing Provisions and added detailed schedules for calculating heating and cooling loads must be provided or applied in accordance with Specification H6V2.",1,1,"","","NCC 2022 Vol2","",0,"","","false","","NCC2022_Volume2_Tables_ClauseStyle.txt","2022"
"Vol2","H1","H","Table UNNUMBERED_7","table","Table UNNUMBERED_7","For the building, where H6V3 applies, Amended to include new ventilation requirements when an air change rate of less than 5m2/m3/hr at 50 Pa reference pressure is achieved must be provided or applied in accordance with Specification H7P6. For the building, where Specification 42 applies, Amended to consolidate the requirements when using house energy rating software and added the new requirement for net equivalent energy usage must be provided or applied in accordance with Specification H7P6. For the building, where Specification 44 applies, A new specification has been inserted and contains the methods of calculating heating load limits, cooling load limits and thermal load limits for Performance Requirements H6P1 of Volume Two and J1P2 of Volume One must be provided or applied in accordance with Specification H7P6. For the building, where Part H7-Ancillary provisions and additional construction requirements apply, Part H7-Ancillary provisions and additional construction requirements must be provided or applied in accordance with Specification H7P6. For the building, where H7P5 applies, Amended and now contains quantified level of performance for design and construction of buildings in bushfire prone areas must be provided or applied in accordance with Specification H7P6. For the building, where H7P6 applies, Amended and now contains quantified level of performance for design and construction of private bushfire shelters must be provided or applied in accordance with Specification H7P6. For the building, where Part H8-Livable housing design applies, Part H8-Livable housing design must be provided or applied in accordance with Specification H7P6. For the building, where H8 applies, A new Part has been inserted containing the Livable housing design requirements. This includes new Objectives, Functional Statements, Performance Requirement and Deemed-to-Satisfy Provisions must be provided or applied in accordance with Specification H7P6. For the building, where Schedule 1-Definitions applies, Schedule 1-Definitions must be provided or applied in accordance with Specification H7P6. For the building, where Schedule 1 applies, Schedule 1 has been amended as part of the initiative to improve readability of the NCC. Schedule 1 - Definitions includes Abbreviations, Symbols and Glossary. States & Territory Appendices (formerly located in Schedule 1) have been incorporated into Schedule 3 to Schedule 11 must be provided or applied in accordance with Specification H7P6. For the building, where Abbreviations applies, Acrylic conformal coating (ACC) has been added must be provided or applied in accordance with Specification H7P6. For the building, where Abbreviations applies, Acrylic latex (ACL) has been added must be provided or applied in accordance with Specification H7P6. For the building, where Abbreviations applies, Australian Institute of Refrigeration, Air conditioning and Heating (AIRAH) has been added must be provided or applied in accordance with Specification H7P6. For the building, where Abbreviations applies, American National Standards Institute (ANSI) has been added must be provided or applied in accordance with Specification H7P6. For the building, where Abbreviations applies, American Society of Heating, Refrigerating and Air Conditioning Engineers (ASHRAE) has been added must be provided or applied in accordance with Specification H7P6. For the building, where Abbreviations applies, National Standard of Canada (CAN) has been added must be provided or applied in accordance with Specification H7P6. For the building, where Abbreviations applies, Chartered Institution of Building Services Engineer (CIBSE) has been added must be provided or applied in accordance with Specification H7P6. For the building, where Abbreviations applies, Flame zone (FZ) has been added must be provided or applied in accordance with Specification H7P6. For the building, where Abbreviations applies, Greenhouse and Energy Minimum Standards (GEMS) has been added must be provided or applied in accordance with Specification H7P6. For the building, where Abbreviations applies, Hot dip galvanising (HDG) has been added must be provided or applied in accordance with Specification H7P6. For the building, where Abbreviations applies, Inorganic zinc silicate (IZS) has been added must be provided or applied in accordance with Specification H7P6. For the building, where Abbreviations applies, NATA has been amended to include reference to Australia must be provided or applied in accordance with Specification H7P6. For the building, where Abbreviations applies, National Sanitation Foundation (NSF) has been added must be provided or applied in accordance with Specification H7P6. For the building, where Abbreviations applies, Polyurethane (PUR) has been added must be provided or applied in accordance with Specification H7P6. For the building, where Symbols applies, g/N. s has been added must be provided or applied in accordance with Specification H7P6.",1,1,"","","NCC 2022 Vol2","",0,"","","false","","NCC2022_Volume2_Tables_ClauseStyle.txt","2022"
"Vol2","H1","H","Table UNNUMBERED_8","table","Table UNNUMBERED_8","For the building, where Symbols applies, fc has been added must be provided or applied in accordance with Specification H7P6. For the building, where Symbols applies, fy has been added must be provided or applied in accordance with Specification H7P6. For the building, where Symbols applies, G has been added must be provided or applied in accordance with Specification H7P6. For the building, where Symbols applies, N/m has been added must be provided or applied in accordance with Specification H7P6. For the building, where Symbols applies, Q has been added must be provided or applied in accordance with Specification H7P6. For the building, where Symbols applies, ULS has been added must be provided or applied in accordance with Specification H7P6. For the building, where Glossary applies, A defined term, Above ground rainwater tank, has been added must be provided or applied in accordance with Specification H7P6. For the building, where Glossary applies, A defined term, Annual exceedance probability, has been added as a consequence of amendments to Part 7. 4 Gutters and downpipes of the ABCB Housing Provisions must be provided or applied in accordance with Specification H7P6. For the building, where Glossary applies, A defined term, Assumed cooling thermostat set point has been added as a consequence of quantification in J1P2 and H6P1 must be provided or applied in accordance with Specification H7P6. For the building, where Glossary applies, A defined term, Average recurrence interval, has been deleted as a consequence of amendments to Part 7. 4 Gutters and downpipes of the ABCB Housing Provisions must be provided or applied in accordance with Specification H7P6. For the building, where Glossary applies, A defined term, Bond breaker, has been added as a consequence of amendments to Part 10. 2 of the ABCB Housing Provisions must be provided or applied in accordance with Specification H7P6. For the building, where Glossary applies, A defined term, Building complexity criteria, has been added must be provided or applied in accordance with Specification H7P6. For the building, where Glossary applies, A defined term, Buried rainwater tank, has been added as a consequence of amendments to Specification 41 of Volume Three must be provided or applied in accordance with Specification H7P6. For the building, where Glossary applies, A defined term, Cooling degree hours has been added as a consequence of quantification in J1P2 and H6P1 must be provided or applied in accordance with Specification H7P6. For the building, where Glossary applies, A defined term, Daily outdoor temperature range has been added as a consequence of quantification in J1P2 and H6P1 must be provided or applied in accordance with Specification H7P6. For the building, where Glossary applies, A defined term, Dehumidification gram hours, has been added as a consequence of quantification in J1P2 and H6P1 must be provided or applied in accordance with Specification H7P6. For the building, where Glossary applies, A defined term, Design bushfire, has been added as a consequence of amendments to Part G5 must be provided or applied in accordance with Specification H7P6. For the building, where Glossary applies, The defined term, Domestic services, has been amended to include on-site renewable energy equipment as a result of quantification in J1P3 and H6P2 must be provided or applied in accordance with Specification H7P6. For the building, where Glossary applies, A defined term, Drainage flange, has been added as a consequence of amendments to Part 10. 2 of the ABCB Housing Provisions must be provided or applied in accordance with Specification H7P6. For the building, where Glossary applies, A defined term, Drainage riser, has been added as a consequence of amendments to Part 10. 2 of the ABCB Housing Provisions must be provided or applied in accordance with Specification H7P6. For the building, where Glossary applies, A defined term, Efficacy, has been added as a consequence of including quantified Performance Requirement H3P2 for automatic warning for occupants must be provided or applied in accordance with Specification H7P6. For the building, where Glossary applies, A defined term, Energy value, has been added as a consequence of quantification in J1P3 and H6P2 must be provided or applied in accordance with Specification H7P6.",1,1,"","","NCC 2022 Vol2","",0,"","","false","","NCC2022_Volume2_Tables_ClauseStyle.txt","2022"
"Vol2","H1","H","Table UNNUMBERED_9","table","Table UNNUMBERED_9","For the building, where Glossary applies, A defined term, Engaged pier, has been added as a consequence of amendments to Section 5 of the ABCB Housing Provisions must be provided or applied in accordance with Specification H7P6. For the building, where Glossary applies, A defined term, Fire actions, has been added as a consequence of amendments to Part G5 must be provided or applied in accordance with Specification H7P6. For the building, where Glossary applies, The defined term, Flashing, has been amended to clarify perimeter and vertical flashings as a consequence of amendments to Part 10. 2 of the ABCB Housing Provisions must be provided or applied in accordance with Specification H7P6. For the building, where Glossary applies, The defined term, Floor area, for Volume One, has been amended on account of new defined term Volume must be provided or applied in accordance with Specification H7P6. For the building, where Glossary applies, A defined term, Floor waste, has been added as a consequence of amendments to Part 10. 2 of the ABCB Housing Provisions must be provided or applied in accordance with Specification H7P6. For Class 2 b, where Glossary applies, The defined term, Glazing, has been amended as a consequence of the updates to the energy efficiency Deemed-to-Satisfy provisions for Class 2 buildings must be provided or applied in accordance with Specification H7P6. For the building, where Glossary applies, A defined term, Heating degree hours, has been added as a consequence of quantification in J1P2 and H6P1 must be provided or applied in accordance with Specification H7P6. For the building, where Glossary applies, A defined term, Hob, has been added as a consequence of amendments to Part 10. 2 of the ABCB Housing Provisions must be provided or applied in accordance with Specification H7P6. For the building, where Glossary applies, A defined term Irrigation system, has been added as a consequence of amendments to S41C2 in Volume Three must be provided or applied in accordance with Specification H7P6. For the building, where Glossary applies, A defined term, Lateral support, has been added as a consequence of amendments to Part 5. 3 of the ABCB Housing Provisions must be provided or applied in accordance with Specification H7P6. For the building, where Glossary applies, A defined term, Main water heater has been added as a consequence of including new whole-of-home energy efficiency requirements must be provided or applied in accordance with Specification H7P6. For the building, where Glossary applies, A defined term, Main space conditioning has been added as a consequence of including new whole-of-home energy efficiency requirements must be provided or applied in accordance with Specification H7P6. For the building, where Glossary applies, A defined term, Maximum retained water level, has been added as a consequence of amendments to Part 10. 2 of the ABCB Housing Provisions must be provided or applied in accordance with Specification H7P6. For the building, where Glossary applies, A defined term, Membrane, has been added as a consequence of amendments to Part 10. 2 of the ABCB Housing Provisions must be provided or applied in accordance with Specification H7P6. For The defined term, NABERS Energy for Offices has been amended to be NABERS Energy to reflect its use for multiple building classifications., where Glossary applies, The defined term, NABERS Energy for Offices has been amended to be NABERS Energy to reflect its use for multiple building classifications must be provided or applied in accordance with Specification H7P6. For the building, where Glossary applies, The defined term, Performance-based design brief has been amended for clarity must be provided or applied in accordance with Specification H7P6. For the building, where Glossary applies, The defined term, Point of connection, has been amended for clarity must be provided or applied in accordance with Specification H7P6. For the building, where Glossary applies, A defined term, Preformed shower base, has been added as a consequence of amendments to Part 10. 2 of the ABCB Housing Provisions must be provided or applied in accordance with Specification H7P6. For the building, where Glossary applies, A defined term, Primary insulation layer, has been added as a consequence of amendments to condensation management provisions must be provided or applied in accordance with Specification H7P6.",1,1,"","","NCC 2022 Vol2","",0,"","","false","","NCC2022_Volume2_Tables_ClauseStyle.txt","2022"
"Vol2","H1","H","Table UNNUMBERED_10","table","Table UNNUMBERED_10","For the building, where Glossary applies, The defined term, Rainwater harvesting system, has been amended to Rainwater service and Rainwater storage as a consequence of amendments to Part B6 of Volume Three must be provided or applied in accordance with Specification H7P6. For the building, where Glossary applies, The defined term Reference building has been amended to remove reference to Thermal comfort levels and as a consequence of the introduction of J1V5 must be provided or applied in accordance with Specification H7P6. For the building, where Glossary applies, A defined term, Reliability, has been added as a consequence of including quantified Performance Requirements for automatic warning for occupants must be provided or applied in accordance with Specification H7P6. For the building, where Glossary applies, A defined term, Screed, has been added as a consequence of amendments to Part 10. 2 of the ABCB Housing Provisions must be provided or applied in accordance with Specification H7P6. For the building, where Glossary applies, The defined term, Shower area, has been amended to clarify enclosed and unenclosed shower areas as a consequence of amendments to Part 10. 2 of the ABCB Housing Provisions must be provided or applied in accordance with Specification H7P6. For the building, where Glossary applies, A defined term, Shower screen, has been added as a consequence of amendments to Part 10. 2 of the ABCB Housing Provisions must be provided or applied in accordance with Specification H7P6. For the building, where Glossary applies, A defined term, Thermal energy load, has been added as a consequence of quantification in J1P2 and H6P1 must be provided or applied in accordance with Specification H7P6. For the building, where Glossary applies, The defined term Total R-Value in the ABCB Housing Provisions has been amended to align with Volume One must be provided or applied in accordance with Specification H7P6. For the building, where Glossary applies, The defined term Total System U-Value in the ABCB Housing Provisions has been amended to align with Volume One must be provided or applied in accordance with Specification H7P6. For the building, where Glossary applies, A defined term Unprotected water service, has been added as a consequence of introducing new provision for unprotected water service - B5D5 of Volume Three must be provided or applied in accordance with Specification H7P6. For the building, where Glossary applies, A defined term, Vapour permeance, has been added as a consequence of amendments to the condensation management provisions must be provided or applied in accordance with Specification H7P6. For the building, where Glossary applies, A defined term, Volume, has been added to clarify the volume space with respect to a building, fire compartment and atrium must be provided or applied in accordance with Specification H7P6. For the building, where Glossary applies, A defined term, Waterproofing system, has been added as a consequence of amendments to Part 10. 2 of the ABCB Housing Provisions must be provided or applied in accordance with Specification H7P6. For the building, where Glossary applies, A defined term, Water stop, has been added as a consequence of amendments to Part 10. 2 of the ABCB Housing Provisions must be provided or applied in accordance with Specification H7P6. For the building, where Glossary applies, A defined term, Weighted average, has been added as a consequence of amendments toA5G4 must be provided or applied in accordance with Specification H7P6. For the building, where Glossary applies, A defined term, Wetted surface area, has been added to provide clarification to the defined term Weighted average must be provided or applied in accordance with Specification H7P6. For the building, where Schedule 2-Referenced documents applies, Schedule 2-Referenced documents must be provided or applied in accordance with Specification H7P6. For the building, where AS/NZS 1170. 2 applies, The 2021 edition of AS/NZS 1170 Part 2 Structural design actions - Wind actions has been referenced must be provided or applied in accordance with Specification H7P6. For the building, where AS 1288 applies, The 2021 edition of AS 1288 Glass in buildings - Selection and installation has been referenced must be provided or applied in accordance with Specification H7P6.",1,1,"","","NCC 2022 Vol2","",0,"","","false","","NCC2022_Volume2_Tables_ClauseStyle.txt","2022"
"Vol2","H1","H","Table UNNUMBERED_11","table","Table UNNUMBERED_11","For the building, where AS 1397 applies, The 2021 edition of AS 1397 Continuous hot-dip metallic coated steel sheet and strip - Coatings of zinc and zinc alloyed with aluminium and magnesium has been referenced. A note has been included to outline transitional arrangements must be provided or applied in accordance with Specification H7P6. For the building, where AS 1530 Parts 1 to 4 applies, The notes to AS 1530 Parts 1 to 4 have been deleted must be provided or applied in accordance with Specification H7P6. For the building, where AS 1530. 8. 1 applies, The 2018 edition of AS 1530 Part 8. 1 Methods for fire tests on building materials, components and structures - Tests on elements of construction for buildings exposed to simulated bushfire attack - Radiant heat and small flaming sources has been referenced must be provided or applied in accordance with Specification H7P6. For the building, where AS/NZS 1546. 1 applies, The 2008 edition of AS/NZS 1546 Part 1 On-site domestic wastewater treatment units - Septic tanks has been referenced must be provided or applied in accordance with Specification H7P6. For the building, where AS/NZS 1546. 2 applies, The 2008 edition of AS/NZS 1546 Part 2 On-site domestic wastewater treatment units - Waterless composting toilets has been referenced must be provided or applied in accordance with Specification H7P6. For the building, where AS 1546. 3 applies, Amdt 1 of the 2017 edition of AS 1546 Part 3 On-site domestic wastewater treatment units - Secondary treatment systems (incorporating amendment 1) has been referenced must be provided or applied in accordance with Specification H7P6. For the building, where AS 1546. 4 applies, The 2016 edition of AS 1546 Part 4 On-site domestic wastewater treatment units - Domestic greywater treatment systems has been referenced must be provided or applied in accordance with Specification H7P6. For the building, where AS/NZS 1547 applies, The 2012 edition of AS/NZS 1547 On-site domestic wastewater management has been referenced must be provided or applied in accordance with Specification H7P6. For the building, where AS/NZS 1562. 2 applies, The 1999 edition of AS/NZS 1562 Part 2 Design and installation of sheet roof and wall cladding - Corrugated fibre-reinforced cement has been deleted must be provided or applied in accordance with Specification H7P6. For the building, where AS 1562. 3 applies, The 2006 edition of AS 1562 Part 3 Design and installation of sheet roof and wall cladding - Plastic has been referenced must be provided or applied in accordance with Specification H7P6. For the building, where AS 1670. 1 applies, Amdt 1 of the 2018 edition AS 1670 Part 1 Fire detection, warning, control and intercom systems - System design, installation and commissioning - Fire (incorporating amendment 1) has been referenced. Notes to AS 1670 have been amended to outline transitional arrangements must be provided or applied in accordance with Specification H7P6. For the building, where AS 1670. 3 applies, Amdt 1 of the 2018 edition AS 1670 Part 3 Fire detection, warning, control and intercom systems - System design, installation and commissioning - Fire alarm monitoring (incorporating amendment 1) has been referenced. Notes to AS 1670 have been amended to outline transitional arrangements must be provided or applied in accordance with Specification H7P6. For the building, where AS 1670. 4 applies, Amdt 1 of the 2018 edition AS 1670 Part 4 Fire detection, warning, control and intercom systems - System design, installation and commissioning - Emergency warning and intercom systems (incorporating amendment 1) has been referenced. Notes to AS 1670 have been amended to outline transitional arrangements must be provided or applied in accordance with Specification H7P6. For the building, where AS 1684. 2 applies, The 2021 edition of AS 1684 Part 2 Residential timber- framed construction - Non-cyclonic areas has been referenced must be provided or applied in accordance with Specification H7P6.",1,1,"","","NCC 2022 Vol2","",0,"","","false","","NCC2022_Volume2_Tables_ClauseStyle.txt","2022"
"Vol2","H1","H","Table UNNUMBERED_12","table","Table UNNUMBERED_12","For the building, where AS 1684. 3 applies, The 2021 edition of AS 1684 Part 3 Residential timber- framed construction -Cyclonic areas has been referenced must be provided or applied in accordance with Specification H7P6. For the building, where AS/NZS 1720. 4 applies, The 2019 edition of AS/NZS 1720 Part 4 Timber structures - Fire resistance of timber elements has been referenced must be provided or applied in accordance with Specification H7P6. For the building, where AS 1720. 5 applies, Amdt 1 of the 2015 edition of AS 1720 Part 5 Timber structures -Nailplated timber roof trusses (incorporating amendment 1) has been referenced must be provided or applied in accordance with Specification H7P6. For the building, where AS/NZS 1859. 4 applies, The note to AS/NZS 1859 Part 4 has been deleted must be provided or applied in accordance with Specification H7P6. For the building, where AS 2118. 1 applies, Amdt 2 of the 2017 edition of AS 2118 Part 1 Automatic fire sprinkler systems - General systems (incorporating amendments 1 and 2) has been referenced must be provided or applied in accordance with Specification H7P6. For the building, where AS 2118. 4 applies, The 2012 edition of AS 2118 Part 4 Automatic fire sprinkler systems - Sprinkler protection for accommodation buildings not > four storeys in height must be provided or applied in accordance with Specification H7P6. For the building, where AS 2118. 5 applies, The 2008 edition of AS 2118 Part 5 Automatic fire sprinkler systems - Home fire sprinkler systems has been referenced must be provided or applied in accordance with Specification H7P6. For the building, where AS 2118. 6 applies, The 2012 edition of AS 2118 Part 6 Automatic fire sprinkler systems - Combined sprinkler and hydrant systems in multistorey buildings must be provided or applied in accordance with Specification H7P6. For the building, where AS/NZS 2293. 1 applies, Amdt 1 of the 2018 edition of AS/NZS 2293 Part 1 Emergency lighting and exit signs for buildings - System design, installation and operation (incorporating amendment 1) has been referenced must be provided or applied in accordance with Specification H7P6. For the building, where AS 2312. 1 applies, The 2014 edition of AS 2312 Part 1 Guide to the protection of structural steel against atmospheric corrosion by the use of protective coatings - Paint coatings has been referenced must be provided or applied in accordance with Specification H7P6. For the building, where AS/NZS 2312. 2 applies, The 2014 edition of AS/NZS 2312 Part 2 Guide to the protection of structural steel against atmospheric corrosion by the use of protective coatings - Hot dip galvanizing has been referenced must be provided or applied in accordance with Specification H7P6. For the building, where AS/NZS 2327 applies, Amdt 1 of the 2017 edition of AS/NZS 2327 Composite structures - composite steel-concrete construction in buildings (incorporating amendment 1) has been referenced must be provided or applied in accordance with Specification H7P6. For the building, where AS 2419. 1 applies, The 2021 edition of AS 2419 Part 1 Fire hydrant installations - System design, installation and commissioning has been referenced must be provided or applied in accordance with Specification H7P6. For the building, where AS 2441 applies, The 2005 edition of AS 2441 Installation of fire hose reels (incorporating amendment 1) has been referenced must be provided or applied in accordance with Specification H7P6. For the building, where AS 2699. 1 applies, The 2020 edition of AS 2699 Part 1 Built-in components for masonry construction - Wall ties has been referenced. A note has been included to outline transitional arrangements must be provided or applied in accordance with Specification H7P6. For the building, where AS 2699. 3 applies, The 2020 edition of AS 2699 Part 3 Built-in components for masonry construction - Lintels and shelf angles (durability requirements) has been referenced. A note has been included to outline transitional arrangements must be provided or applied in accordance with Specification H7P6. For the building, where AS/NZS 3500. 0 applies, The 2021 edition of AS 3500 Part 0 Plumbing and drainage - Glossary of terms has been referenced must be provided or applied in accordance with Specification H7P6.",1,1,"","","NCC 2022 Vol2","",0,"","","false","","NCC2022_Volume2_Tables_ClauseStyle.txt","2022"
"Vol2","H1","H","Table UNNUMBERED_13","table","Table UNNUMBERED_13","For the building, where AS/NZS 3500. 1 applies, The 2021 edition of AS 3500 Part 1 Plumbing and drainage - Water services has been referenced must be provided or applied in accordance with Specification H7P6. For the building, where AS/NZS 3500. 2 applies, Amdt 1 of the 2021 edition of AS 3500 Part 2 Plumbing and drainage - Sanitary plumbing and drainage (incorporating amendment 1) has been referenced must be provided or applied in accordance with Specification H7P6. For the building, where AS/NZS 3500. 3 applies, The 2021 edition of AS 3500 Part 3 Plumbing and drainage - Stormwater drainage has been referenced. A note has been included to outline transitional arrangements must be provided or applied in accordance with Specification H7P6. For the building, where AS/NZS 3500. 4 applies, The 2021 edition of AS 3500 Part 4 Plumbing and drainage - Heated water services has been referenced must be provided or applied in accordance with Specification H7P6. For the building, where AS 3600 applies, Amdt 2 of the 2018 edition of AS 3600 Concrete structures (incorporating amendments 1 and 2) has been referenced must be provided or applied in accordance with Specification H7P6. For the building, where AS 3740 applies, The 2021 edition of AS 3740 Waterproofing of domestic wet areas has been referenced must be provided or applied in accordance with Specification H7P6. For the building, where AS 3959 applies, Amdts 1 and 2 of the 2018 edition of AS 3959 Construction of buildings in bushfire-prone areas (incorporating amendments 1 and 2) has been referenced must be provided or applied in accordance with Specification H7P6. For the building, where AS 4055 applies, The 2021 edition of AS 4055 Wind loads for housing has been referenced must be provided or applied in accordance with Specification H7P6. For the building, where AS 4072. 1 applies, The note to AS 4072 Part 1 has been deleted must be provided or applied in accordance with Specification H7P6. For the building, where AS 4100 applies, The 2020 edition of AS 4100 Steel structures has been referenced must be provided or applied in accordance with Specification H7P6. For the building, where AS 4200. 1 applies, Amdt 1 of the 2017 edition of AS 4200 Part 1 Pliable building membranes and underlays - Materials (incorporating amendment 1) has been referenced must be provided or applied in accordance with Specification H7P6. For the building, where AS 4200. 2 applies, Amdts 1 and 2 of the 2017 edition of AS 4200 Part 2 Pliable building membranes and underlays - Installation (incorporating amendments 1 and 2) has been referenced must be provided or applied in accordance with Specification H7P6. For the building, where AS/NZS 4234 applies, The 2021 edition of AS/NZS 4234 Heated water systems - Calculation of energy consumption has been referenced must be provided or applied in accordance with Specification H7P6. For the building, where AS 4254. 1 applies, The 2021 edition of AS 4254 Part 1 Ductwork for air- handling systems in buildings - Flexible duct has been referenced must be provided or applied in accordance with Specification H7P6. For the building, where AS/NZS 4256. 1 applies, The 1994 edition of AS/NZS 4256 Part 1 Plastic roof and wall cladding materials - General requirements has been deleted must be provided or applied in accordance with Specification H7P6. For the building, where AS/NZS 4256. 2 applies, The 1994 edition of AS/NZS 4256 Part 2 Plastic roof and wall cladding materials - Unplasticized polyvinyl chloride (uPVC) building sheets has been deleted must be provided or applied in accordance with Specification H7P6. For the building, where AS/NZS 4256. 3 applies, The 1994 edition of AS/NZS 4256 Part 3 Plastic roof and wall cladding materials - Glass fibre reinforced polyester (GRP) has been deleted must be provided or applied in accordance with Specification H7P6. For the building, where AS/NZS 4256. 5 applies, The 1996 edition of AS/NZS 4256 Part 5 Plastic roof and wall cladding materials - Polycarbonate has been deleted must be provided or applied in accordance with Specification H7P6. For the building, where AS 4773. 2 applies, Amdt 1 of the 2015 edition of AS 4773 Part 2 Masonry in small buildings - Construction has been referenced must be provided or applied in accordance with Specification H7P6.",1,1,"","","NCC 2022 Vol2","",0,"","","false","","NCC2022_Volume2_Tables_ClauseStyle.txt","2022"
"Vol2","H1","H","Table UNNUMBERED_14","table","Table UNNUMBERED_14","For the building, where AS 5146. 3 applies, The 2018 edition of AS 5146 Part 3 Reinforced Autoclaved Aerated Concrete - Construction has been referenced must be provided or applied in accordance with Specification H7P6. For the building, where AS 5216 applies, The 2021 edition of AS 5216 Design of post-installed and cast-in fastenings in concrete has been referenced must be provided or applied in accordance with Specification H7P6. For the building, where AS/NZS 5601. 1 applies, The 2013 edition of AS/NZS 5601 Part 1 Gas installations - General installations has been referenced must be provided or applied in accordance with Specification H7P6. For the building, where AIRAH-DA07 applies, The 2021 edition of AIRAH-DA07 Criteria for moisture control design analysis in buildings has been referenced must be provided or applied in accordance with Specification H7P6. For the building, where ASTM E903 applies, The 2012 edition ofASTM E903 Standard Test Method for Solar Absorptance, Reflectance, and Transmittance of Materials Using Integrating Spheres has been deleted must be provided or applied in accordance with Specification H7P6. For the building, where ASTM E96 applies, The 2016 edition ofASTM E96 Standard Test Methods for Water Vapor Transmission of Materials has been referenced must be provided or applied in accordance with Specification H7P6. For the building, where ABCB applies, The 2022 version of the ABCB Fire Safety Verification Method Standard has been referenced. As a consequence, the FSVM is deleted as a standalone schedule must be provided or applied in accordance with Specification H7P6. For the building, where ABCB applies, The 2022 version of the ABCB Housing Provisions Standard has been referenced must be provided or applied in accordance with Specification H7P6. For the building, where ABCB applies, The 2022 version of the ABCB Livable Housing Design Standard has been referenced must be provided or applied in accordance with Specification H7P6. For the building, where ABCB applies, The 2022 version of the ABCB Standard for NatHERS Heating and Cooling Load Limits has been referenced must be provided or applied in accordance with Specification H7P6. For the building, where ABCB applies, The 2022 version of the ABCB Standard for Whole-of- home Efficiency Factors has been referenced must be provided or applied in accordance with Specification H7P6. For the building, where FPAA101D applies, The 2021 edition of FPAA101D Automatic Fire Sprinkler System Design and Installation - Drinking Water Supply has been referenced must be provided or applied in accordance with Specification H7P6. For the building, where FPAA101H applies, Amdt 1 of the 2018 edition of FPAA101H Automatic Fire Sprinkler System Design and Installation - Hydrant Water Supply (incorporating amendment 1) has been referenced must be provided or applied in accordance with Specification H7P6. For the building, where NASH Standard applies, The 2021 edition of NASH Standard Steel Framed Construction in Bushfire Areas has been referenced must be provided or applied in accordance with Specification H7P6. For the building, where NSF/ANSI/CAN 372 applies, The 2020 edition of NSF/ANS/CAN 372 Drinking Water System Components - Lead Content has been referenced must be provided or applied in accordance with Specification H7P6.",1,1,"","","NCC 2022 Vol2","",0,"","","false","","NCC2022_Volume2_Tables_ClauseStyle.txt","2022"
"Vol2","H1","H","Table UNNUMBERED_16","table","Table UNNUMBERED_16","For the building, where Part A2 applies, Governing Requirements A1G1 Scope of NCC Volume One A1G2 Scope of NCC Volume Two A1G3 Scope of NCC Volume Three A1G4 Interpretation Compliance with the NCC Governing Requirements A2G1 Compliance A2G2 Performance Solution A2G3 Deemed-to-Satisfy Solution A2G4 A combination of solutions must be provided or applied in accordance with Specification H7P6. For the building, where Part A3 applies, Application of the NCC in States and Territories Governing Requirements A3G1 State and Territory compliance must be provided or applied in accordance with Specification H7P6. For the building, where Part A4 applies, Referenced documents Governing Requirements A4G1 Referenced documents A4G2 Differences between referenced documents and the NCC A4G3 Adoption of referenced documents must be provided or applied in accordance with Specification H7P6. For the building, where Part A5 applies, Documentation of design and construction Governing Requirements A5G1 Suitability A5G2 Evidence of suitability Volumes One, Two and Three A5G3 Evidence of suitability Volumes One and Two (BCA) A5G4 Evidence of suitability Volume Three (PCA) A5G5 Fire-resistance of building elements A5G6 Fire hazard properties A5G7 Resistance to the incipient spread of fire A5G8 Labelling of Aluminium Composite Panels A5G9 NatHERS must be provided or applied in accordance with Specification H7P6. For Class 1 b, where Part A6 applies, Building classification Governing Requirements A6G1 Determining a building classification A6G2 Class 1 buildings A6G3 Class 2 buildings A6G4 Class 3 buildings A6G5 Class 4 buildings A6G6 Class 5 buildings A6G7 Class 6 buildings A6G8 Class 7 buildings must be provided or applied in accordance with Specification H7P6. # Total: 2318 clause-style sentences from tables.",1,1,"","","NCC 2022 Vol2","",0,"","","false","","NCC2022_Volume2_Tables_ClauseStyle.txt","2022"
