"volume","part_code","section_code","table_id","unit_type","table_title","table_content","content_part","content_parts_total","called_in","clause_reference","source","context","clause_count","first_clause_id","last_clause_id","archived","state_territory","source_file","ncc_version"
"Vol3","A","A","Table S2C26a","table","Table S2C26a","For the building, where Vertical; and 450 apply, 450 must be provided or applied in accordance with Clause S2C26. For the building, where Non-vertical; and 300 apply, 300 must be provided or applied in accordance with Clause S2C26. For the building, where Underside; and 300 apply, 300 must be provided or applied in accordance with Clause S2C26. For the building, where Upper side of a horizontal surface; and Not required apply, the relevant requirement must be met in accordance with Clause S2C26.",1,1,"","","NCC 2022 Vol3","",0,"","","false","","NCC2022_Volume3_Tables_ClauseStyle.txt","2022"
"Vol3","A","A","Table S2C26b","table","Table S2C26b","For the building, where Vertical; and Any size apply, 450 must be provided or applied in accordance with Clause S2C26. For the building, where Non-vertical; and Any size apply, 300 must be provided or applied in accordance with Clause S2C26. For the building, where Undersize; and Any size apply, 300 must be provided or applied in accordance with Clause S2C26. For the building, where Upper side of a horizontal surface; and Not required apply, the relevant requirement must be met in accordance with Clause S2C26.",1,1,"","","NCC 2022 Vol3","",0,"","","false","","NCC2022_Volume3_Tables_ClauseStyle.txt","2022"
"Vol3","A","A","Table S3C6_4","table","Table S3C6_4","For the building, where Part B2 applies, the relevant requirement must be met in accordance with Clause S3C6.",1,1,"","","NCC 2022 Vol3","",0,"","","false","","NCC2022_Volume3_Tables_ClauseStyle.txt","2022"
"Vol3","A","A","Table S3C6_5","table","Table S3C6_5","For the building, where Part B4 applies, Fire-fighting water services Objectives B4O1 Objective Functional Statements B4F1 Fire-fighting water supply Performance Requirements B4P1 Flow rate and pressure B4P2 Access and isolation B4P3 Fire-fighting water storage B4P4 Uncontrolled discharge Deemed-to-Satisfy Provisions B4D1 Deemed-to-Satisfy Provisions B4D2 General requirements must be provided or applied in accordance with Clause S3C6.",1,1,"","","NCC 2022 Vol3","",0,"","","false","","NCC2022_Volume3_Tables_ClauseStyle.txt","2022"
"Vol3","A","A","Table S3C6_6","table","Table S3C6_6","For the building, where Part B6 applies, Rainwater services Objectives B6O1 Objective Functional Statements B6F1 Rainwater service Performance Requirements B6P1 Pressure B6P2 Velocity B6P3 Water efficiency B6P4 Access and isolation B6P5 Identification B6P6 Uncontrolled discharge Deemed-to-Satisfy Provisions B6D1 Deemed-to-Satisfy Provisions B6D2 General requirements B6D3 Identification B6D4 Water efficiency B6D5 Access and isolation B6D6 Bushfire prone areas must be provided or applied in accordance with Clause S3C6. For the building, where Part B7 applies, Rainwater storage Objectives B7O1 Objective Functional Statements B7F1 Rainwater storage must be provided or applied in accordance with Clause S3C6.",1,1,"","","NCC 2022 Vol3","",0,"","","false","","NCC2022_Volume3_Tables_ClauseStyle.txt","2022"
"Vol3","A","A","Table A1G4_3","table","Table A1G4_3","For the building, where A5G4 applies, Evidence of suitability Volume Three (PCA) must be provided or applied in accordance with Clause A5G4.",1,1,"","","NCC 2022 Vol3","",0,"","","false","","NCC2022_Volume3_Tables_ClauseStyle.txt","2022"
"Vol3","A","A","Table S1C2a","table","Table S1C2a","For the building, where Masonry type; and 60/60/60; and 90/90/90; and 120/120/1 20; and 180/180/1 80 apply, 240/240/2 40 must be provided or applied in accordance with Clause S1C2. For the building, where Ashlar; and -; and -; and -; and - apply, 300 must be provided or applied in accordance with Clause S1C2. For the building, where Calcium silicate; and See clause S1C2(d)(iv); and See clause S1C2(d)(iv); and See clause S1C2(d)(iv); and See clause S1C2(d)(iv) apply, See clause S1C2(d)(iv) must be provided or applied in accordance with Clause S1C2. For the building, where Concrete; and See clause S1C2(d)(iv); and See clause S1C2(d)(iv); and See clause S1C2(d)(iv); and See clause S1C2(d)(iv) apply, See clause S1C2(d)(iv) must be provided or applied in accordance with Clause S1C2. For the building, where Fired clay; and See clause S1C2(d)(iv); and See clause S1C2(d)(iv); and See clause S1C2(d)(iv); and See clause S1C2(d)(iv) apply, See clause S1C2(d)(iv) must be provided or applied in accordance with Clause S1C2.",1,1,"","","NCC 2022 Vol3","",0,"","","false","","NCC2022_Volume3_Tables_ClauseStyle.txt","2022"
"Vol3","A","A","Table S1C2b","table","Table S1C2b","For the building, where Concrete type; and 60/60/60; and 90/90/90; and 120/120/120; and 180/180/180 apply, 240/240/240 must be provided or applied in accordance with Clause S1C2. For the building, where No fines; and -; and -; and -; and 150 apply, 300 must be provided or applied in accordance with Clause S1C2. For the building, where Prestressed; and See clause S1C2(d)(iv); and See clause S1C2(d)(iv); and See clause S1C2(d)(iv); and See clause S1C2(d)(iv) apply, See clause S1C2(d)(iv) must be provided or applied in accordance with Clause S1C2. For the building, where Reinforced; and See clause S1C2(d)(iv); and See clause S1C2(d)(iv); and See clause S1C2(d)(iv); and See clause S1C2(d)(iv) apply, See clause S1C2(d)(iv) must be provided or applied in accordance with Clause S1C2. For the building, where Plain; and -; and -; and -; and 150 apply, 170 must be provided or applied in accordance with Clause S1C2.",1,1,"","","NCC 2022 Vol3","",0,"","","false","","NCC2022_Volume3_Tables_ClauseStyle.txt","2022"
"Vol3","A","A","Table S1C2c","table","Table S1C2c","For the building, where Gypsum type; and 60/60/60; and 90/90/90; and 120/120/1 20; and 180/180/1 80 apply, 240/240/2 40 must be provided or applied in accordance with Clause S1C2. For the building, where Solid gypsum blocks; and 75; and 90; and 100; and 110 apply, 125 must be provided or applied in accordance with Clause S1C2. For the building, where Gypsum - perlite or gypsum vermiculite-plaster on metal lath and channel (non-loadbearingwalls only); and 50; and 50; and 65; and - apply, - must be provided or applied in accordance with Clause S1C2.",1,1,"","","NCC 2022 Vol3","",0,"","","false","","NCC2022_Volume3_Tables_ClauseStyle.txt","2022"
"Vol3","A","A","Table S1C2d","table","Table S1C2d","For the building, where Column type; and 60/60/60; and 90/90/90; and 120/120/1 20; and 180/180/1 80 apply, 240/240/2 40 must be provided or applied in accordance with Clause S1C2. For the building, where Prestressed; and See clause; and S1C2(d)(ii) apply, the relevant requirement must be met in accordance with Clause S1C2. For the building, where Reinforced; and See clause; and S1C2(d)(ii) apply, the relevant requirement must be met in accordance with Clause S1C2.",1,1,"","","NCC 2022 Vol3","",0,"","","false","","NCC2022_Volume3_Tables_ClauseStyle.txt","2022"
"Vol3","A","A","Table S1C2e","table","Table S1C2e","For the building, where Fire protection; and 60/60/60; and 90/90/90; and 120/120/120; and 180/180/180 apply, 240/240/240 must be provided or applied in accordance with Clause S1C2. For the building, where Concrete cast in-situ - loadbearing; and 25; and 30; and 40; and 55 apply, 75 must be provided or applied in accordance with Clause S1C2. For the building, where Concrete cast in-situ - non-loadbearing unplastered; and 25; and 30; and 40; and 50 apply, 75 must be provided or applied in accordance with Clause S1C2. For the building, where Concrete cast in-situ - non-loadbearing plastered 13 mm; and 25; and 25; and 30; and 40 apply, 50 must be provided or applied in accordance with Clause S1C2. For the building, where Gypsum cast in-situ; and -; and -; and -; and - apply, 50 must be provided or applied in accordance with Clause S1C2. For the building, where Gypsum - perlite or gypsum-vermiculite plaster-sprayed to contour; and 20; and 25; and 35; and 50 apply, 55 must be provided or applied in accordance with Clause S1C2.",1,1,"","","NCC 2022 Vol3","",0,"","","false","","NCC2022_Volume3_Tables_ClauseStyle.txt","2022"
"Vol3","A","A","Table S1C2_6","table","Table S1C2_6","For the building, where Fire protection; and 60/60/60; and 90/90/90; and 120/120/120; and 180/180/180 apply, 240/240/240 must be provided or applied in accordance with Clause S1C2. For the building, where Gypsum - perlite or gypsum-vermiculite plaster-sprayed on metal lath; and 20; and 20; and 25; and 35 apply, 45 must be provided or applied in accordance with Clause S1C2.",1,1,"","","NCC 2022 Vol3","",0,"","","false","","NCC2022_Volume3_Tables_ClauseStyle.txt","2022"
"Vol3","A","A","Table S1C2f","table","Table S1C2f","For the building, where Fire protection; and 60/60/60; and 90/90/90; and 120/120/1 20; and 180/180/1 80 apply, 240/240/2 40 must be provided or applied in accordance with Clause S1C2. For the building, where Solid calcium-silicate masonry; and 50; and 50; and 50; and 50 apply, 65 must be provided or applied in accordance with Clause S1C2. For the building, where Solid clay masonry; and 50; and 50; and 50; and 65 apply, 90 must be provided or applied in accordance with Clause S1C2. For the building, where Solid concrete masonry; and 50; and 50; and 50; and 65 apply, 90 must be provided or applied in accordance with Clause S1C2. For the building, where Solid gypsum blocks; and 50; and 50; and 50; and 50 apply, 65 must be provided or applied in accordance with Clause S1C2. For the building, where Hollow terracotta blocks - plastered 13 mm; and 50; and 50; and 50; and 65 apply, 90 must be provided or applied in accordance with Clause S1C2.",1,1,"","","NCC 2022 Vol3","",0,"","","false","","NCC2022_Volume3_Tables_ClauseStyle.txt","2022"
"Vol3","A","A","Table S1C2g","table","Table S1C2g","For the building, where Fire protection; and 60/60/60; and 90/90/90; and 120/120/1 20; and 180/180/1 80 apply, 240/240/2 40 must be provided or applied in accordance with Clause S1C2. For the building, where Solid calcium-silicate masonry; and 50; and 50; and 50; and - apply, - must be provided or applied in accordance with Clause S1C2. For the building, where Solid clay masonry; and 50; and 50; and 65; and - apply, - must be provided or applied in accordance with Clause S1C2. For the building, where Solid concrete masonry; and 50; and 50; and 65; and - apply, - must be provided or applied in accordance with Clause S1C2. For the building, where Solid gypsum blocks; and 50; and 50; and 50; and - apply, - must be provided or applied in accordance with Clause S1C2. For the building, where Hollow terracotta blocks - plastered 13 mm; and 50; and 50; and 65; and - apply, - must be provided or applied in accordance with Clause S1C2.",1,1,"","","NCC 2022 Vol3","",0,"","","false","","NCC2022_Volume3_Tables_ClauseStyle.txt","2022"
"Vol3","A","A","Table S1C2h","table","Table S1C2h","For the building, where Fire protection; and 60/-/-; and 90/-/-; and 120/-/-; and 180/-/- apply, 240/-/- must be provided or applied in accordance with Clause S1C2. For the building, where Concrete cast in-situ - loadbearing; and 25; and 40; and 45; and 65 apply, 90 must be provided or applied in accordance with Clause S1C2. For the building, where Concrete cast in-situ - non-loadbearing unplastered; and 35; and 30; and 40; and 50 apply, 65 must be provided or applied in accordance with Clause S1C2. For the building, where Concrete cast in-situ - non-loadbearing plastered 13 mm; and 25; and 25; and 30; and 40 apply, 50 must be provided or applied in accordance with Clause S1C2. For the building, where Gypsum cast in-situ; and -; and -; and -; and - apply, 50 must be provided or applied in accordance with Clause S1C2.",1,1,"","","NCC 2022 Vol3","",0,"","","false","","NCC2022_Volume3_Tables_ClauseStyle.txt","2022"
"Vol3","A","A","Table S1C2_10","table","Table S1C2_10","For the building, where Fire protection; and 60/-/-; and 90/-/-; and 120/-/-; and 180/-/- apply, 240/-/- must be provided or applied in accordance with Clause S1C2. For the building, where Gypsum - perlite or gypsum-vermiculite plaster - sprayed to contour; and 25; and 30; and 40; and 55 apply, 65 must be provided or applied in accordance with Clause S1C2. For the building, where Gypsum - perlite or gypsum-vermiculite plaster - sprayed on metal lath; and 20; and 20; and 30; and 40 apply, 50 must be provided or applied in accordance with Clause S1C2.",1,1,"","","NCC 2022 Vol3","",0,"","","false","","NCC2022_Volume3_Tables_ClauseStyle.txt","2022"
"Vol3","A","A","Table S1C2i","table","Table S1C2i","For the building, where Fire protection; and 60/-/-; and 90/-/-; and 120/-/-; and 180/-/- apply, 240/-/- must be provided or applied in accordance with Clause S1C2. For the building, where Solid calcium-silicate masonry; and 50; and 50; and 50; and 65 apply, 75 must be provided or applied in accordance with Clause S1C2. For the building, where Solid clay masonry; and 50; and 50; and 50; and 75 apply, 100 must be provided or applied in accordance with Clause S1C2. For the building, where Solid concrete masonry; and 50; and 50; and 50; and 75 apply, 100 must be provided or applied in accordance with Clause S1C2. For the building, where Solid gypsum blocks; and 50; and 50; and 50; and 65 apply, 75 must be provided or applied in accordance with Clause S1C2. For the building, where Hollow terracotta blocks - plastered 13 mm; and 50; and 50; and 50; and 75 apply, 100 must be provided or applied in accordance with Clause S1C2.",1,1,"","","NCC 2022 Vol3","",0,"","","false","","NCC2022_Volume3_Tables_ClauseStyle.txt","2022"
"Vol3","A","A","Table S1C2j","table","Table S1C2j","For the building, where Fire protection; and 60/-/-; and 90/-/-; and 120/-/-; and 180/-/- apply, 240/-/- must be provided or applied in accordance with Clause S1C2. For the building, where Solid calcium-silicate masonry; and 50; and 50; and 50; and - apply, - must be provided or applied in accordance with Clause S1C2. For the building, where Solid clay masonry; and 50; and 50; and 65; and - apply, - must be provided or applied in accordance with Clause S1C2. For the building, where Solid concrete masonry; and 50; and 50; and 65; and - apply, - must be provided or applied in accordance with Clause S1C2. For the building, where Solid gypsum blocks; and 50; and 50; and 50; and - apply, - must be provided or applied in accordance with Clause S1C2. For the building, where Hollow terracotta blocks - plastered 13 mm; and 50; and 50; and 65; and - apply, - must be provided or applied in accordance with Clause S1C2.",1,1,"","","NCC 2022 Vol3","",0,"","","false","","NCC2022_Volume3_Tables_ClauseStyle.txt","2022"
"Vol3","A","A","Table S1C2k","table","Table S1C2k","For the building, where Concrete type; and 60/-/-; and 90/-/-; and 120/-/-; and 180/-/- apply, 240/-/- must be provided or applied in accordance with Clause S1C2. For the building, where Prestressed; and See clause; and S1C2(d)(ii) apply, the relevant requirement must be met in accordance with Clause S1C2. For the building, where Reinforced; and See clause; and S1C2(d)(ii) apply, the relevant requirement must be met in accordance with Clause S1C2.",1,1,"","","NCC 2022 Vol3","",0,"","","false","","NCC2022_Volume3_Tables_ClauseStyle.txt","2022"
"Vol3","A","A","Table S1C2l","table","Table S1C2l","For the building, where Fire protection; and 60/-/-; and 90/-/-; and 120/-/-; and 180/-/- apply, 240/-/- must be provided or applied in accordance with Clause S1C2. For the building, where Concrete - cast in-situ; and 25; and 30; and 40; and 50 apply, 65 must be provided or applied in accordance with Clause S1C2.",1,1,"","","NCC 2022 Vol3","",0,"","","false","","NCC2022_Volume3_Tables_ClauseStyle.txt","2022"
"Vol3","A","A","Table S1C2_15","table","Table S1C2_15","For the building, where Fire protection; and 60/-/-; and 90/-/-; and 120/-/-; and 180/-/- apply, 240/-/- must be provided or applied in accordance with Clause S1C2. For the building, where Gypsum - perlite or gypsum-vermiculite plaster - sprayed to contour; and 20; and 25; and 35; and 50 apply, 55 must be provided or applied in accordance with Clause S1C2. For the building, where Gypsum - perlite or gypsum-vermiculite plaster - sprayed on metal lath; and 20; and 20; and 25; and 35 apply, 45 must be provided or applied in accordance with Clause S1C2.",1,1,"","","NCC 2022 Vol3","",0,"","","false","","NCC2022_Volume3_Tables_ClauseStyle.txt","2022"
"Vol3","A","A","Table S1C2m","table","Table S1C2m","For the building, where Fire protection; and 60/-/-; and 90/-/-; and 120/-/-; and 180/-/- apply, 240/-/- must be provided or applied in accordance with Clause S1C2. For the building, where Concrete - cast in-situ; and 25; and 40; and 45; and 60 apply, 90 must be provided or applied in accordance with Clause S1C2. For the building, where Gypsum - perlite or gypsum-vermiculite plaster - sprayed to contour; and 20; and 30; and 40; and 55 apply, 65 must be provided or applied in accordance with Clause S1C2. For the building, where Gypsum - perlite or gypsum-vermiculite plaster - sprayed on metal lath; and 20; and 20; and 35; and 40 apply, 50 must be provided or applied in accordance with Clause S1C2.",1,1,"","","NCC 2022 Vol3","",0,"","","false","","NCC2022_Volume3_Tables_ClauseStyle.txt","2022"
"Vol3","A","A","Table S1C2n","table","Table S1C2n","For the building, where Floor, roof or ceiling type; and 60/60/60; and 90/90/90; and 120/120/120; and 180/180/180 apply, 240/240/240 must be provided or applied in accordance with Clause S1C2. For the building, where Prestressed; and See clause S1C2(d)(ii); and See clause S1C2(d)(ii); and See clause S1C2(d)(ii); and See clause S1C2(d)(ii) apply, See clause S1C2(d)(ii) must be provided or applied in accordance with Clause S1C2. For the building, where Reinforced; and See clause S1C2(d)(ii); and See clause S1C2(d)(ii); and See clause S1C2(d)(ii); and See clause S1C2(d)(ii) apply, See clause S1C2(d)(ii) must be provided or applied in accordance with Clause S1C2.",1,1,"","","NCC 2022 Vol3","",0,"","","false","","NCC2022_Volume3_Tables_ClauseStyle.txt","2022"
"Vol3","A","A","Table B1D6_1","table","Table B1D6_1","For the building, where Pipework in timber bearers and joists of solid timber or engineered wood products; and B1 Structural provisions apply, H1 Structure must be provided or applied in accordance with Clause B1D6. For the building, where Fittings, fixtures and pipework installations in steel framed construction; and B1 Structural provisions apply, H1 Structure must be provided or applied in accordance with Clause B1D6. For the building, where Penetrations through a fire-resisting wall or floor; and C1 Fire resistance Performance Requirements and C4 Protection of openings apply, H3 Fire safety must be provided or applied in accordance with Clause B1D6. For the building, where Fixtures and fittings in a wet area; and F2 Wet areas and overflow protection apply, H4 Health and amenity must be provided or applied in accordance with Clause B1D6. For the building, where Service pipework external to the building and penetrations through roof cladding in a bushfire prone area; and G5 Construction in bushfire prone areas apply, H7 Ancillary provisions and additional construction requirements must be provided or applied in accordance with Clause B1D6. For the building, where Pipework sound insulation; and F7 Sound transmission and insulation apply, H4 Health and amenity must be provided or applied in accordance with Clause B1D6. For the building, where Flues, chimneys, pipes, gas storage, domestic fuel tanks, cooling or heating appliances or other services; and C4 Protection of openings apply, H3 Fire safety must be provided or applied in accordance with Clause B1D6. For the building, where Power supply to boiling and/or chilled water storage units; and J7 Artificial lighting and power apply, Not applicable must be provided or applied in accordance with Clause B1D6.",1,1,"","","NCC 2022 Vol3","",0,"","","false","","NCC2022_Volume3_Tables_ClauseStyle.txt","2022"
"Vol3","A","A","Table B2V1","table","Table B2V1","For the building, where 70  degC or greater applies, 1 second must be provided or applied in accordance with Clause B2V1. For the building, where 66  degC applies, 2 minutes must be provided or applied in accordance with Clause B2V1. For the building, where 60  degC applies, 32 minutes must be provided or applied in accordance with Clause B2V1.",1,1,"","","NCC 2022 Vol3","",0,"","","false","","NCC2022_Volume3_Tables_ClauseStyle.txt","2022"
"Vol3","A","A","Table B2D2a","table","Table B2D2a","For the building, where 1 or 2; and 12; and 11; and 9 apply, 8 must be provided or applied in accordance with Clause B2D2. For the building, where 3 or 4; and 19; and 17; and 15 apply, 13 must be provided or applied in accordance with Clause B2D2. For the building, where 4 or more; and 25; and 22; and 19 apply, 16 must be provided or applied in accordance with Clause B2D2.",1,1,"","","NCC 2022 Vol3","",0,"","","false","","NCC2022_Volume3_Tables_ClauseStyle.txt","2022"
"Vol3","A","A","Table B2D2b","table","Table B2D2b","For the building, where 1 or 2 applies, 40% for a small load system must be provided or applied in accordance with Clause B2D2. For the building, where 2 or 3 applies, 60% for a medium load system must be provided or applied in accordance with Clause B2D2. For the building, where 4 or more applies, 60% for a large load system must be provided or applied in accordance with Clause B2D2.",1,1,"","","NCC 2022 Vol3","",0,"","","false","","NCC2022_Volume3_Tables_ClauseStyle.txt","2022"
"Vol3","A","A","Table B2","table","Table B2","For the building, where Excavations for pipework adjacent to a building and footings; and B1 Structural provisions apply, H1 Structure must be provided or applied in accordance with Clause B2D11. For the building, where Termite management for attachments to buildings and penetrations through a slab; and B1 Structural provisions apply, H1 Structure must be provided or applied in accordance with Clause B2D11. For the building, where Penetrations for pipework through a vapour barrier; and B1 Structural provisions apply, H1 Structure must be provided or applied in accordance with Clause B2D11. For the building, where Pipework in timber bearers and joists of solid timber or engineered wood products; and B1 Structural provisions apply, H1 Structure must be provided or applied in accordance with Clause B2D11. For the building, where Fittings, fixtures and pipework installations in steel framed construction; and B1 Structural provisions apply, H1 Structure must be provided or applied in accordance with Clause B2D11. For the building, where Penetrations through a fire-resisting wall or floor; and C1 Fire resistance Performance Requirements and C4 Protection of openings apply, H3 Fire safety must be provided or applied in accordance with Clause B2D11. For the building, where Fixtures and fittings in a wet area; and F2 Wet areas and overflow protection apply, H4 Health and amenity must be provided or applied in accordance with Clause B2D11. For the building, where Service pipework external to the building and penetrations through roof cladding in a bushfire prone area; and G5 Construction in bushfire prone areas apply, H7 Ancillary provisions and additional construction requirements must be provided or applied in accordance with Clause B2D11. For the building, where Pipework sound insulation; and F7 Sound transmission and insulation apply, H4 Health and amenity must be provided or applied in accordance with Clause B2D11. For the building, where Flues, chimneys, pipes, gas storage, domestic fuel tanks, cooling or heating appliances or other services; and C4 Protection of openings apply, H3 Fire safety must be provided or applied in accordance with Clause B2D11.",1,1,"","","NCC 2022 Vol3","",0,"","","false","","NCC2022_Volume3_Tables_ClauseStyle.txt","2022"
"Vol3","A","A","Table B2D11_2","table","Table B2D11_2","For the building, where Central heating pipework; and J6 Air-conditioning and ventilation systems apply, H6 Energy efficiency must be provided or applied in accordance with Clause B2D11. For the building, where Pool and spa heating and pumping - energy efficiency; and J8 Heated water supply and swimming pool and spa pool plant apply, H6 Energy efficiency must be provided or applied in accordance with Clause B2D11. For the building, where Energy consumption monitoring for water heaters; and J9 Facilities for energy monitoring apply, Not applicable must be provided or applied in accordance with Clause B2D11.",1,1,"","","NCC 2022 Vol3","",0,"","","false","","NCC2022_Volume3_Tables_ClauseStyle.txt","2022"
"Vol3","A","A","Table B3","table","Table B3","For Class 2 to 9 b, where Item; and NCC Volume One Class 2 to 9 buildings apply, NCC Volume Two Class 1 and 10 buildings must be provided or applied in accordance with Clause B3D5. For the building, where Excavations for pipework adjacent to a building and footings; and B1 Structural provisions apply, H1 Structure must be provided or applied in accordance with Clause B3D5. For the building, where Termite management for attachments to buildings and penetrations through a slab; and B1 Structural provisions apply, H1 Structure must be provided or applied in accordance with Clause B3D5. For the building, where Penetrations for pipework through a vapour barrier; and B1 Structural provisions apply, H1 Structure must be provided or applied in accordance with Clause B3D5. For the building, where Pipework in timber bearers and joists of solid timber or engineered wood products; and B1 Structural provisions apply, H1 Structure must be provided or applied in accordance with Clause B3D5. For the building, where Fittings, fixtures and pipework installations in steel framed construction; and B1 Structural provisions apply, H1 Structure must be provided or applied in accordance with Clause B3D5. For the building, where Penetrations through a fire-resisting wall or floor; and C1 Fire resistance Performance Requirements and C4 Protection of openings apply, H3 Fire safety must be provided or applied in accordance with Clause B3D5. For the building, where Fixtures and fittings in a wet area; and F2 Wet areas and overflow protection apply, H4 Health and amenity must be provided or applied in accordance with Clause B3D5. For the building, where Flues, chimneys, pipes, gas storage, domestic fuel tanks, cooling or heating appliances or other services; and C4 Protection of openings apply, H3 Fire safety must be provided or applied in accordance with Clause B3D5. For the building, where Service pipework external to the building and penetrations through roof cladding in a bushfire prone area; and G5 Construction in bushfire prone areas apply, H7 Ancillary provisions and additional construction requirements must be provided or applied in accordance with Clause B3D5. For the building, where Pipework sound insulation; and F7 Sound transmission and insulation apply, H4 Health and amenity must be provided or applied in accordance with Clause B3D5.",1,1,"","","NCC 2022 Vol3","",0,"","","false","","NCC2022_Volume3_Tables_ClauseStyle.txt","2022"
"Vol3","A","A","Table B4D6_1","table","Table B4D6_1","For the building, where Flues, chimneys, pipes, gas storage, domestic fuel tanks, cooling or heating appliances or other services; and C4 Protection of openings apply, H3 Fire safety must be provided or applied in accordance with Clause B4D6. For the building, where Pipework sound insulation; and F7 Sound transmission and insulation apply, H4 Health and amenity must be provided or applied in accordance with Clause B4D6.",1,1,"","","NCC 2022 Vol3","",0,"","","false","","NCC2022_Volume3_Tables_ClauseStyle.txt","2022"
"Vol3","A","A","Table B5V1a","table","Table B5V1a","For Class 1, where The property to which the water service is installed contains a Class 1, 2, 7a, or 10 building where   12 people reside.; and Domestic residences and carparkswith no associated activities.; and Building may use small amounts of cleaning products, etc. apply, 1 must be provided or applied in accordance with Clause B5V1. For Class 3, where The property to which the water service is installed contains a Class 3, 4, 5, 6 or 7b building where chemical products are not stored.; and Hostel, hotel and multi- level office.; and Building is likely to have > 12 residents and/or occupants, and may contain moderate amounts of cleaning or commercial chemicals. apply, 2 must be provided or applied in accordance with Clause B5V1. For Class 7b, where The property to which the water service is installed contains a Class 7b, 8 or 9 building where chemical products are stored.; and Mechanical workshop, metal finisher, cleaning product wholesaler.; and May contain large amounts of hazardous or toxic commercial chemicals. apply, 3 must be provided or applied in accordance with Clause B5V1.",1,1,"","","NCC 2022 Vol3","",0,"","","false","","NCC2022_Volume3_Tables_ClauseStyle.txt","2022"
"Vol3","A","A","Table B5V1b","table","Table B5V1b","For the building, where There is only a drinking water supply and no other water sources to the property.; and The drinking water source may be a rainwater tank connected to a detached dwelling.; and Residential rainwater tanks are considered drinking water. apply, 0 must be provided or applied in accordance with Clause B5V1. For the building, where There is one drinking water supply and potentially other non-drinking water supplies or a separate fire- fighting water service available to the property (not applicable if the non- drinking water supply is Network Utility Operator provided recycled water with a sewerage source).; and Network Utility Operator drinking water supply and a separate fire water service.; and Network Utility Operator supplied recycled water with a sewerage source is assessed separately due to greater health risks. apply, 3 must be provided or applied in accordance with Clause B5V1. For the building, where Commercial agriculture, farming, turf irrigation, industrial, processing or chemical industries. The property is supplied with drinking water and non- drinking water from multiple sources with potential for health related contamination.; and Property has a Network Utility Operator drinking water source and an on-site wastewater effluent irrigation system, process water or bore water source.; and Increased potential for cross- connection between drinking water and non-drinking water with high consequences such as chemicals, recycled sewerage, medical or biological contaminants. apply, 5 must be provided or applied in accordance with Clause B5V1.",1,1,"","","NCC 2022 Vol3","",0,"","","false","","NCC2022_Volume3_Tables_ClauseStyle.txt","2022"
"Vol3","A","A","Table B5V1c","table","Table B5V1c","For the building, where Drinking water use will not involve commercial use of hazardous or toxic substances and the site is unsuitable for their use and unlikely to change.; and Domestic residences, offices and restaurants.; and Minor use of cleaning and other chemicals is permitted. Professional or commercial hazardous chemical use is not permitted. apply, 1 must be provided or applied in accordance with Clause B5V1. For the building, where Drinking waterwill be used with commercial use hazardous substances, but not Schedule 1 to 4 or Schedule 6 to 8 poisons. Drinking water may be used with commercial use hazardous substances without major modification.; and Butchers, hairdressers.; and Hazardous substances and scheduled poisons have applicable warning labels. Cleaning of floors and benches with chlorine solution puts butchers into this category. apply, 2 must be provided or applied in accordance with Clause B5V1. For the building, where Drinking water use may involve large scale food or beverage processing, human or animal biological or faecal matter, Schedule 1 to 4 and Schedule 6 to 8 poisons and have potential for contamination. The installation is suitable for these uses without major modification. Also included are areas likely to undergo frequent changes of use or where the future use in unknown.; and Chemical packaging facilities, hospital facilities, pan washing apparatus, fertiliser injection systems, chemical dispensers (high toxicity), food preparation fixtures with clean in place systems, industrial shed complexes and light commercial properties.; and Wash down of spills puts chemicals packaging / storage into this category even if liquid batching and storage is not practised. Also applies where there is no certainty about the type of activities to be practiced and the materials used. apply, 3 must be provided or applied in accordance with Clause B5V1.",1,1,"","","NCC 2022 Vol3","",0,"","","false","","NCC2022_Volume3_Tables_ClauseStyle.txt","2022"
"Vol3","A","A","Table B5V1d","table","Table B5V1d","For the building, where The product or installation presents no possibility of cross-connection to food, drink or water or other liquid vessels other than those used for domestic purposes.; and Residential units and offices.; and There are no water storage tanks, swimming pools, spas or commercial kitchens on site or able to be installed. apply, 0 must be provided or applied in accordance with Clause B5V1.",1,1,"","","NCC 2022 Vol3","",0,"","","false","","NCC2022_Volume3_Tables_ClauseStyle.txt","2022"
"Vol3","A","A","Table B5V1_5","table","Table B5V1_5","For the building, where The product or installation presents a potential for a cross-connection between a drinking water service and a commercial food, drink or water or other liquid vessel, or any vessel intended for low hazard chemicals.; and Small scale food processing facilities.; and Potential backflow from low volume of non-hazardous substances. Non- hazardous chemicals are any substances not required to display a hazardous substance label. apply, 1 must be provided or applied in accordance with Clause B5V1. For the building, where The product or installation presents a potential for a cross-connection between a drinking water service and a non-drinking water service.; and Drinking water outlets within close proximity to an alternative water source such as a Network Utility Operator drinking water supply, bore or irrigation system.; and Potential connection of a drinking water system and a system identified with a Low Hazard. apply, 2 must be provided or applied in accordance with Clause B5V1. For the building, where The product or installation presents a potential for cross-connection between the drinking water service and a swimming pool, water storage tank used for commercial purposes, large scale food and drink processing operations, a vessel, pipe or body of liquid containing a hazardous substance or Schedule 5 poison, recycled water service with biological matter or faecal contamination.; and Building header tanks, commercial swimming pool make up water connections, soft drink manufacturers.; and Potential connection of a drinking water system and a system containing an hazardous substance or low toxicity poison or large quantities of food or drink product. Hazardous chemicals are any substances required to display a hazardous substance label. apply, 3 must be provided or applied in accordance with Clause B5V1. For the building, where The product or installation presents the potential for cross-connection between the drinking water service and a bulk water service vessel containing a hazardous substance or Schedule 5 poison.; and Chemical make-up water connected to a chemical batching process.; and Any potential connection to a system containing large volumes of hazardous material or moderately poisonous material. apply, 4 must be provided or applied in accordance with Clause B5V1. For the building, where The product or installation has potential for a cross-connection to a sewerage source, a trade waste source, a vessel with human or animal biological or faecal matter, a vessel pipe or body of liquid containing any quantity of a Schedule 1 to 4 or Schedule 6 to 8 poison.; and Recycled water irrigation systemwith drinking water back up supply.; and Applies to potential connections with a high health risk. apply, 5 must be provided or applied in accordance with Clause B5V1.",1,1,"","","NCC 2022 Vol3","",0,"","","false","","NCC2022_Volume3_Tables_ClauseStyle.txt","2022"
"Vol3","A","A","Table B5V1e","table","Table B5V1e","For the building, where The product or installation presents a cross-connection that will only affect 1 small property (fewer than 10 people).; and Domestic residences; and Small sitewhere a cross- connection will affect the drinking water to fewer than 10 people. apply, 1 must be provided or applied in accordance with Clause B5V1. For the building, where The product or installation presents a cross-connection that will affect a moderate size property or multiple small siteswithin the same property (fewer than 100 people).; and Cafes or small restaurants on a single title property.; and Cross-connection will potentially affect drinking water to fewer than 100 people. apply, 2 must be provided or applied in accordance with Clause B5V1.",1,1,"","","NCC 2022 Vol3","",0,"","","false","","NCC2022_Volume3_Tables_ClauseStyle.txt","2022"
"Vol3","A","A","Table B5V1_7","table","Table B5V1_7","For the building, where The product or installation presents a cross-connection that will affect a large property or could allow contaminants to enter other properties.; and Tenancies within a shopping complex, connected via water meters without Containment protection.; and Cross-connection will affect drinking water to 100 people or greater. Consideration is needed as to whether water meters may not have suitable backflow protection or may not be adequate to mitigate the risk. apply, 3 must be provided or applied in accordance with Clause B5V1.",1,1,"","","NCC 2022 Vol3","",0,"","","false","","NCC2022_Volume3_Tables_ClauseStyle.txt","2022"
"Vol3","A","A","Table C1V1a","table","Table C1V1a","For Class 1, where Intermittent use e. g. dwelling, guesthouse or office; and Class 1, Class 2, Class 3 or Class 4 apply, 0. 5 must be provided or applied in accordance with Clause C1V1. For Class 5, where Frequent use e. g. hospital, restaurant or hotel; and Class 5, Class 6, Class 7, Class 8, Class 9a or Class 9c apply, 0. 7 must be provided or applied in accordance with Clause C1V1. For Class 9b, where Congested use e. g. open to general public, school; and Class 9b apply, 1. 0 must be provided or applied in accordance with Clause C1V1. For the building, where Special use e. g. laboratory; and Not applicable apply, 1. 2 must be provided or applied in accordance with Clause C1V1.",1,1,"","","NCC 2022 Vol3","",0,"","","false","","NCC2022_Volume3_Tables_ClauseStyle.txt","2022"
"Vol3","A","A","Table C1V1b","table","Table C1V1b","For the building, where Basin; and 0. 5; and 0. 3 apply, 0. 3 must be provided or applied in accordance with Clause C1V1. For the building, where Shower; and 0. 6; and 0. 4 apply, 0. 4 must be provided or applied in accordance with Clause C1V1. For the building, where Urinal; and 0. 8; and 0. 5 apply, 0. 4 must be provided or applied in accordance with Clause C1V1. For the building, where Bath; and 0. 8; and 0. 6 apply, 1. 3 must be provided or applied in accordance with Clause C1V1. For the building, where Kitchen sink; and 0. 8; and 0. 6 apply, 1. 3 must be provided or applied in accordance with Clause C1V1. For the building, where Water closet; and 2. 0; and 1. 8 apply, 1. 2 must be provided or applied in accordance with Clause C1V1. For the building, where Washing machine - up to 6 kg; and 0. 8; and 0. 6 apply, 0. 6 must be provided or applied in accordance with Clause C1V1. For the building, where Domestic dishwasher; and 0. 8; and 0. 6 apply, 0. 2 must be provided or applied in accordance with Clause C1V1.",1,1,"","","NCC 2022 Vol3","",0,"","","false","","NCC2022_Volume3_Tables_ClauseStyle.txt","2022"
"Vol3","A","A","Table C1V2","table","Table C1V2","For the building, where 40; and 0. 50 apply, the relevant requirement must be met in accordance with Clause C1V2. For the building, where 50; and 0. 80; and 0. 75 apply, 40 must be provided or applied in accordance with Clause C1V2. For the building, where 65; and 1. 00; and 1. 50 apply, 40 must be provided or applied in accordance with Clause C1V2. For the building, where 80; and 2. 00; and 3. 00 apply, 50 must be provided or applied in accordance with Clause C1V2. For the building, where 100; and 2. 50; and 3. 75 apply, 65 must be provided or applied in accordance with Clause C1V2.",1,1,"","","NCC 2022 Vol3","",0,"","","false","","NCC2022_Volume3_Tables_ClauseStyle.txt","2022"
"Vol3","A","A","Table C1V3","table","Table C1V3","For the building, where 40; and 0. 50; and 0. 75 apply, 32 must be provided or applied in accordance with Clause C1V3.",1,1,"","","NCC 2022 Vol3","",0,"","","false","","NCC2022_Volume3_Tables_ClauseStyle.txt","2022"
"Vol3","A","A","Table C1V3_2","table","Table C1V3_2","For the building, where 50; and 1. 00; and 1. 50 apply, 32 must be provided or applied in accordance with Clause C1V3. For the building, where 65; and 1. 50; and 2. 25 apply, 40 must be provided or applied in accordance with Clause C1V3. For the building, where 80; and 2. 25; and 3. 40 apply, 40 must be provided or applied in accordance with Clause C1V3. For the building, where 100; and 2. 50; and 3. 75 apply, 50 must be provided or applied in accordance with Clause C1V3.",1,1,"","","NCC 2022 Vol3","",0,"","","false","","NCC2022_Volume3_Tables_ClauseStyle.txt","2022"
"Vol3","A","A","Table C1V4a","table","Table C1V4a","For the building, where Basin; and 32; and 1. 7; and 2. 2; and 2. 2; and 0 apply, 0 must be provided or applied in accordance with Clause C1V4. For the building, where Basin; and 32; and 1. 1; and 4. 4; and 4. 4; and 0 apply, 0 must be provided or applied in accordance with Clause C1V4. For the building, where Basin; and 32; and 0. 7; and 8. 7; and 8. 7; and 0 apply, 0 must be provided or applied in accordance with Clause C1V4. For the building, where Basin; and 40; and 3; and 1. 8; and 4. 4; and 2 apply, 0 must be provided or applied in accordance with Clause C1V4. For the building, where Basin group 4 basins; and 50; and 4; and 1. 8; and 4. 4; and 0 apply, 0 must be provided or applied in accordance with Clause C1V4. For the building, where Bidet; and 32; and 1. 7; and 2. 2; and 2. 2; and 0 apply, 0 must be provided or applied in accordance with Clause C1V4. For the building, where Bidet; and 32; and 1. 1; and 4. 4; and 4. 4; and 0 apply, 0 must be provided or applied in accordance with Clause C1V4. For the building, where Bidet; and 32; and 0. 7; and 8. 7; and 8. 7; and 0 apply, 0 must be provided or applied in accordance with Clause C1V4. For the building, where Bidet; and 40; and 3; and 1. 8; and 4. 4; and 2 apply, 0 must be provided or applied in accordance with Clause C1V4. For the building, where Shower; and 40; and No limit; and 1. 8; and 9; and No limit apply, 1. 5 must be provided or applied in accordance with Clause C1V4.",1,1,"","","NCC 2022 Vol3","",0,"","","false","","NCC2022_Volume3_Tables_ClauseStyle.txt","2022"
"Vol3","A","A","Table C1V4_2","table","Table C1V4_2","For the building, where Bath; and 40; and No limit; and 1. 8; and 9; and No limit apply, 1. 5 must be provided or applied in accordance with Clause C1V4. For the building, where Single urinal; and 40; and 3; and 1. 8; and 9; and No limit apply, 1. 5 must be provided or applied in accordance with Clause C1V4. For the building, where Slab urinal; and 65; and 3; and 1. 8; and 9; and No limit apply, 1. 5 must be provided or applied in accordance with Clause C1V4. For the building, where Sink - kitchen; and 40; and No limit; and 1. 8; and 9; and No limit apply, 1. 5 must be provided or applied in accordance with Clause C1V4. For the building, where Trough - laundry; and 40; and 3; and 1. 8; and 9; and No limit apply, 1. 5 must be provided or applied in accordance with Clause C1V4. For the building, where Domestic dishwasher; and 40; and 3; and 1. 8; and 4. 4; and No limit apply, 1. 5 must be provided or applied in accordance with Clause C1V4. For the building, where Domestic clothes washing machine - up to 6 kg; and 40; and 3; and 1. 8; and 4. 4; and No limit apply, 1. 5 must be provided or applied in accordance with Clause C1V4. For the building, where Water closet; and 80; and No limit; and 1. 8; and No limit; and No limit apply, 1. 5 must be provided or applied in accordance with Clause C1V4. For the building, where Water closet; and 100; and No limit; and 1. 8; and No limit; and No limit apply, 1. 5 must be provided or applied in accordance with Clause C1V4. For the building, where Water closet group 8 water closets; and 100; and 15; and 0. 9; and 9; and 2 apply, 1. 5 must be provided or applied in accordance with Clause C1V4. For the building, where Food waste disposal unit; and 40; and 3; and 13. 5; and No limit; and No limit apply, 1. 5 must be provided or applied in accordance with Clause C1V4. For the building, where Sanitary napkin disposal unit; and 40; and 3; and 5. 4; and No limit; and No limit apply, 1. 5 must be provided or applied in accordance with Clause C1V4. For the building, where Floor waste gully; and 50; and No limit; and 1. 8; and No limit; and No limit apply, 1. 5 must be provided or applied in accordance with Clause C1V4. For the building, where Floor waste gully; and 80; and No limit; and 1. 8; and No limit; and No limit apply, 1. 5 must be provided or applied in accordance with Clause C1V4. For the building, where Floor waste gully; and 100; and No limit; and 1. 8; and No limit; and No limit apply, 1. 5 must be provided or applied in accordance with Clause C1V4.",1,1,"","","NCC 2022 Vol3","",0,"","","false","","NCC2022_Volume3_Tables_ClauseStyle.txt","2022"
"Vol3","A","A","Table C1V4b","table","Table C1V4b","For the building, where Basin; and 32; and 3; and 1. 8; and No limit; and 2 apply, 3 must be provided or applied in accordance with Clause C1V4. For the building, where Basin; and 40; and 3; and 1. 8; and No limit; and No limit apply, 3 must be provided or applied in accordance with Clause C1V4. For the building, where Basin group 5 basins; and 50; and 7; and 1. 8; and 4. 4; and No limit apply, No limit must be provided or applied in accordance with Clause C1V4. For the building, where Basin group 10 basins; and 50; and 10; and 1. 8; and 4. 4; and No limit apply, No limit must be provided or applied in accordance with Clause C1V4. For the building, where Bidet; and 32; and 3; and 1. 8; and No limit; and 2 apply, 3 must be provided or applied in accordance with Clause C1V4. For the building, where Bidet; and 40; and 3; and 1. 8; and No limit; and No limit apply, 3 must be provided or applied in accordance with Clause C1V4. For the building, where Shower; and 40; and No limit; and 1. 8; and No limit; and No limit apply, No limit must be provided or applied in accordance with Clause C1V4. For the building, where Bath; and 40; and No limit; and 1. 8; and No limit; and No limit apply, No limit must be provided or applied in accordance with Clause C1V4. For the building, where Single urinal; and 40; and 3; and 1. 8; and No limit; and No limit apply, 3 must be provided or applied in accordance with Clause C1V4. For the building, where >1 Single urinal; and 50; and No limit; and 1. 8; and No limit; and No limit apply, No limit must be provided or applied in accordance with Clause C1V4.",1,1,"","","NCC 2022 Vol3","",0,"","","false","","NCC2022_Volume3_Tables_ClauseStyle.txt","2022"
"Vol3","A","A","Table C1V4_4","table","Table C1V4_4","For the building, where Trough urinal; and 50; and 3; and 1. 8; and No limit; and No limit apply, 3 must be provided or applied in accordance with Clause C1V4. For the building, where Slab urinal; and 65; and 3; and 1. 8; and No limit; and No limit apply, 3 must be provided or applied in accordance with Clause C1V4. For the building, where Sink - kitchen; and 40; and No limit; and 1. 8; and No limit; and No limit apply, No limit must be provided or applied in accordance with Clause C1V4. For the building, where Trough - laundry; and 40; and 3; and 1. 8; and No limit; and No limit apply, No limit must be provided or applied in accordance with Clause C1V4. For the building, where Domestic dishwasher; and 40; and No limit; and 1. 8; and No limit; and No limit apply, No limit must be provided or applied in accordance with Clause C1V4. For the building, where Domestic clothes washing machine (up to 6 kg); and 40; and No limit; and 1. 8; and No limit; and No limit apply, No limit must be provided or applied in accordance with Clause C1V4. For the building, where Water closet; and 80; and No limit; and 1. 8; and No limit; and No limit apply, No limit must be provided or applied in accordance with Clause C1V4. For the building, where Water closet; and 100; and No limit; and 1. 8; and No limit; and No limit apply, No limit must be provided or applied in accordance with Clause C1V4. For the building, where Water closet group 8; and 100; and 15; and 0. 9; and No limit; and No limit apply, No limit must be provided or applied in accordance with Clause C1V4. For the building, where Food waste disposal unit; and 40; and 3; and 13. 5; and No limit; and No limit apply, 3 must be provided or applied in accordance with Clause C1V4. For the building, where Sanitary napkin disposal unit; and 40; and 3; and 5. 4; and No limit; and No limit apply, 3 must be provided or applied in accordance with Clause C1V4. For the building, where Floor waste gully; and 50; and No limit; and 1. 8; and No limit; and No limit apply, No limit must be provided or applied in accordance with Clause C1V4. For the building, where Floor waste gully; and 80; and No limit; and 1. 8; and No limit; and No limit apply, No limit must be provided or applied in accordance with Clause C1V4. For the building, where Floor waste gully; and 100; and No limit; and 1. 8; and No limit; and No limit apply, No limit must be provided or applied in accordance with Clause C1V4. For the building, where Small potato peeler; and 40; and 3; and 13. 5; and No limit; and No limit apply, 3 must be provided or applied in accordance with Clause C1V4.",1,1,"","","NCC 2022 Vol3","",0,"","","false","","NCC2022_Volume3_Tables_ClauseStyle.txt","2022"
"Vol3","A","A","Table C1V5a","table","Table C1V5a","For the building, where 65; and 0. 5 apply, 0. 7 must be provided or applied in accordance with Clause C1V5. For the building, where 80; and 2. 0 apply, 2. 5 must be provided or applied in accordance with Clause C1V5. For the building, where 100; and 4. 0 apply, 5. 2 must be provided or applied in accordance with Clause C1V5. For the building, where 150; and 9. 5 apply, 12. 4 must be provided or applied in accordance with Clause C1V5.",1,1,"","","NCC 2022 Vol3","",0,"","","false","","NCC2022_Volume3_Tables_ClauseStyle.txt","2022"
"Vol3","A","A","Table C1V5b","table","Table C1V5b","For the building, where 65; and 0. 7 apply, 0. 9 must be provided or applied in accordance with Clause C1V5. For the building, where 80; and 2. 6 apply, 3. 4 must be provided or applied in accordance with Clause C1V5. For the building, where 100; and 5. 6 apply, 7. 3 must be provided or applied in accordance with Clause C1V5. For the building, where 150; and 12. 4 apply, 18. 3 must be provided or applied in accordance with Clause C1V5.",1,1,"","","NCC 2022 Vol3","",0,"","","false","","NCC2022_Volume3_Tables_ClauseStyle.txt","2022"
"Vol3","A","A","Table C1D5_1","table","Table C1D5_1","For the building, where Pipework in timber bearers and joists of solid timber or engineered wood products; and B1 Structural provisions apply, H1 Structure must be provided or applied in accordance with Clause C1D5. For the building, where Fittings, fixtures and pipework installations in steel framed construction; and B1 Structural provisions apply, H1 Structure must be provided or applied in accordance with Clause C1D5. For the building, where Penetrations through a fire-resisting wall or floor; and C1 Fire resistance Performance Requirements and C4 Protection of openings apply, H3 Fire safety must be provided or applied in accordance with Clause C1D5. For the building, where Fixtures and fittings in a wet area; and F2 Wet areas and overflow protection apply, H4 Health and amenity must be provided or applied in accordance with Clause C1D5. For the building, where Service pipework external to the building and penetrations through roof cladding in a bushfire prone area; and G5 Construction in bushfire prone areas apply, H7 Ancillary provisions and additional construction requirements must be provided or applied in accordance with Clause C1D5. For the building, where Flues, chimneys, pipes, gas storage, domestic fuel tanks, cooling or heating appliances or other services; and C4 Protection of openings apply, H3 Fire safety must be provided or applied in accordance with Clause C1D5. For the building, where Pipework sound insulation; and F7 Sound transmission and insulation apply, H4 Health and amenity must be provided or applied in accordance with Clause C1D5.",1,1,"","","NCC 2022 Vol3","",0,"","","false","","NCC2022_Volume3_Tables_ClauseStyle.txt","2022"
"Vol3","A","A","Table C2V3a","table","Table C2V3a","For Class 1, where Intermittent use e. g. dwelling, guesthouse or office; and Class 1, Class 2, Class 3 or Class 4 apply, 0. 5 must be provided or applied in accordance with Clause C2V3. For Class 5, where Frequent use e. g. hospital, restaurant or hotel; and Class 5, Class 6, Class 7, Class 8, Class 9a or Class 9c apply, 0. 7 must be provided or applied in accordance with Clause C2V3. For Class 9b, where Congested use e. g. open to the general public, school; and Class 9b apply, 1. 0 must be provided or applied in accordance with Clause C2V3. For the building, where Special use e. g. laboratory; and Not applicable apply, 1. 2 must be provided or applied in accordance with Clause C2V3.",1,1,"","","NCC 2022 Vol3","",0,"","","false","","NCC2022_Volume3_Tables_ClauseStyle.txt","2022"
"Vol3","A","A","Table C2V3b","table","Table C2V3b","For the building, where Basin; and 0. 5; and 0. 3 apply, 0. 3 must be provided or applied in accordance with Clause C2V3. For the building, where Shower; and 0. 6; and 0. 4 apply, 0. 4 must be provided or applied in accordance with Clause C2V3. For the building, where Urinal; and 0. 8; and 0. 5 apply, 0. 4 must be provided or applied in accordance with Clause C2V3. For the building, where Bath; and 0. 8; and 0. 6 apply, 1. 3 must be provided or applied in accordance with Clause C2V3. For the building, where Kitchen sink; and 0. 8; and 0. 6 apply, 1. 3 must be provided or applied in accordance with Clause C2V3. For the building, where Water closet; and 2. 0; and 1. 8 apply, 1. 2 must be provided or applied in accordance with Clause C2V3. For the building, where Washing machine - Up to 6 kg; and 0. 8; and 0. 6 apply, 0. 6 must be provided or applied in accordance with Clause C2V3. For the building, where Domestic dishwasher; and 0. 8; and 0. 6 apply, 0. 2 must be provided or applied in accordance with Clause C2V3.",1,1,"","","NCC 2022 Vol3","",0,"","","false","","NCC2022_Volume3_Tables_ClauseStyle.txt","2022"
"Vol3","E1","E","Table E1D2_4","table","Table E1D2_4","For the building, where ABCB applies, Australian Building Codes Board must be provided or applied in accordance with Specification E1D2. For the building, where AC applies, Alternating Current must be provided or applied in accordance with Specification E1D2. For the building, where ACC applies, Acrylic conformal coating must be provided or applied in accordance with Specification E1D2. For the building, where ACL applies, Acrylic latex must be provided or applied in accordance with Specification E1D2. For the building, where ACP applies, Aluminium Composite Panel must be provided or applied in accordance with Specification E1D2. For the building, where AIRAH applies, Australian Institute of Refrigeration, Air conditioning and Heating must be provided or applied in accordance with Specification E1D2. For the building, where ANSI applies, American National Standards Institute must be provided or applied in accordance with Specification E1D2. For the building, where AS applies, Australian Standard must be provided or applied in accordance with Specification E1D2. For the building, where ASET applies, Available Safe Egress Time must be provided or applied in accordance with Specification E1D2. For the building, where ASHRAE applies, American Society of Heating, Refrigerating and Air Conditioning Engineers must be provided or applied in accordance with Specification E1D2. For the building, where ASTM applies, American Society for Testing and Materials must be provided or applied in accordance with Specification E1D2. For the building, where BAL applies, Bushfire Attack Level must be provided or applied in accordance with Specification E1D2. For the building, where BCA applies, Building Code of Australia must be provided or applied in accordance with Specification E1D2. For the building, where BE applies, Fire blocks evacuation route must be provided or applied in accordance with Specification E1D2. For the building, where CAN applies, National Standard of Canada must be provided or applied in accordance with Specification E1D2. For the building, where CCT applies, Correlated Colour Temperature must be provided or applied in accordance with Specification E1D2. For the building, where CF applies, Challenging fire must be provided or applied in accordance with Specification E1D2. For the building, where CHF applies, Critical Heat Flux must be provided or applied in accordance with Specification E1D2. For the building, where CIBSE applies, Chartered Institution of Building Services Engineers must be provided or applied in accordance with Specification E1D2. For the building, where CRF applies, Critical Radiant Flux must be provided or applied in accordance with Specification E1D2. For the building, where CRI applies, Colour Rendering Index must be provided or applied in accordance with Specification E1D2. For the building, where CS applies, Fire starts in a concealed space must be provided or applied in accordance with Specification E1D2. For the building, where CSHGC applies, Constant for solar heat gain must be provided or applied in accordance with Specification E1D2. For the building, where CSIRO applies, Commonwealth Scientific and Industrial Research Organisation must be provided or applied in accordance with Specification E1D2. For the building, where CU applies, Constant for conductance must be provided or applied in accordance with Specification E1D2. For the building, where DC applies, Direct Current must be provided or applied in accordance with Specification E1D2. For the building, where FED applies, Fractional Effective Dose must be provided or applied in accordance with Specification E1D2. For the building, where FI applies, Fire brigade intervention must be provided or applied in accordance with Specification E1D2. For the building, where FRL applies, Fire Resistance Level must be provided or applied in accordance with Specification E1D2. For the building, where FZ applies, Flame Zone must be provided or applied in accordance with Specification E1D2. For the building, where GEMS applies, Greenhouse and Energy Minimum Standards must be provided or applied in accordance with Specification E1D2. For the building, where GRP applies, Glass fibre reinforced polyester must be provided or applied in accordance with Specification E1D2. For the building, where HDG applies, Hot dip galvanising must be provided or applied in accordance with Specification E1D2. For the building, where HRR applies, Heat Release Rate must be provided or applied in accordance with Specification E1D2. For the building, where HS applies, Horizontal fire spread must be provided or applied in accordance with Specification E1D2. For the building, where IS applies, Rapid fire spread involving internal surface linings must be provided or applied in accordance with Specification E1D2. For the building, where ISO applies, International Organisation for Standardisation must be provided or applied in accordance with Specification E1D2. For the building, where IZS applies, Inorganic zinc silicate must be provided or applied in accordance with Specification E1D2. For the building, where LED applies, Light-Emitting Diode must be provided or applied in accordance with Specification E1D2. For the building, where MEPS applies, Minimum Energy Performance Standards must be provided or applied in accordance with Specification E1D2.",1,1,"","","NCC 2022 Vol3","",0,"","","false","","NCC2022_Volume3_Tables_ClauseStyle.txt","2022"
"Vol3","E1","E","Table E1D2_5","table","Table E1D2_5","For the building, where NABERS applies, National Australian Built Environment Rating System must be provided or applied in accordance with Specification E1D2. For the building, where NASH applies, National Association of Steel-Framed Housing must be provided or applied in accordance with Specification E1D2. For the building, where NATA applies, National Association of Testing Authorities Australia must be provided or applied in accordance with Specification E1D2. For the building, where NatHERS applies, Nationwide House Energy Rating Scheme must be provided or applied in accordance with Specification E1D2. For the building, where NCC applies, National Construction Code must be provided or applied in accordance with Specification E1D2. For the building, where NSF applies, National Sanitation Foundation must be provided or applied in accordance with Specification E1D2. For the building, where PBDB applies, Performance-based design brief must be provided or applied in accordance with Specification E1D2. For the building, where PCA applies, Plumbing Code of Australia must be provided or applied in accordance with Specification E1D2. For the building, where PMV applies, Predicted Mean Vote must be provided or applied in accordance with Specification E1D2. For the building, where ppm applies, parts per million must be provided or applied in accordance with Specification E1D2. For the building, where PUR applies, Polyurethane must be provided or applied in accordance with Specification E1D2. For the building, where PVC applies, Polyvinyl chloride must be provided or applied in accordance with Specification E1D2. For the building, where RC applies, Robustness check must be provided or applied in accordance with Specification E1D2. For the building, where RSET applies, Required Safe Egress Time must be provided or applied in accordance with Specification E1D2. For the building, where RW applies, Weighted sound reduction index must be provided or applied in accordance with Specification E1D2. For the building, where SF applies, Smouldering fire must be provided or applied in accordance with Specification E1D2. For the building, where SHGC applies, Solar Heat Gain Coefficient must be provided or applied in accordance with Specification E1D2. For the building, where SL applies, Square mesh must be provided or applied in accordance with Specification E1D2. For the building, where SS applies, Structural stability and other property must be provided or applied in accordance with Specification E1D2. For the building, where STC applies, Sound Transmission Class must be provided or applied in accordance with Specification E1D2. For the building, where TM applies, Trench mesh must be provided or applied in accordance with Specification E1D2. For the building, where UF applies, Unexpected catastrophic failure must be provided or applied in accordance with Specification E1D2. For the building, where UPVC applies, Unplasticized polyvinyl chloride must be provided or applied in accordance with Specification E1D2. For the building, where UT applies, Fire in normally unoccupied room threatening occupants of other rooms must be provided or applied in accordance with Specification E1D2. For the building, where U-Value applies, Thermal transmittance must be provided or applied in accordance with Specification E1D2. For the building, where VS applies, Vertical fire spread involving external cladding or external openings must be provided or applied in accordance with Specification E1D2. For the building, where WC applies, Water closet must be provided or applied in accordance with Specification E1D2.",1,1,"","","NCC 2022 Vol3","",0,"","","false","","NCC2022_Volume3_Tables_ClauseStyle.txt","2022"
"Vol3","E1","E","Table E1D2_6","table","Table E1D2_6","For the building, where  deg applies, degree(s) must be provided or applied in accordance with Specification E1D2. For the building, where  degC applies, degree(s) Celsius must be provided or applied in accordance with Specification E1D2. For the building, where  degCDB applies, degree(s) Celsius Dry Bulb must be provided or applied in accordance with Specification E1D2. For the building, where  degCWB applies, degree(s) Celsius Wet Bulb must be provided or applied in accordance with Specification E1D2. For the building, where -e/MJ applies, equivalent per Megajoule(s) must be provided or applied in accordance with Specification E1D2. For the building, where m applies, micrometre must be provided or applied in accordance with Specification E1D2. For the building, where g/N. s applies, Micrograms per newton-second must be provided or applied in accordance with Specification E1D2. For the building, where dB(A) applies, decibels A scale weighting network must be provided or applied in accordance with Specification E1D2. For the building, where fc applies, Characteristic compressive strength of concrete at 28 days must be provided or applied in accordance with Specification E1D2. For the building, where fy applies, Yield stress used in design must be provided or applied in accordance with Specification E1D2. For the building, where G applies, Permanent load must be provided or applied in accordance with Specification E1D2. For the building, where J applies, Joule(s) must be provided or applied in accordance with Specification E1D2. For the building, where J/kg. K applies, Joules per kilogram degree Kelvin must be provided or applied in accordance with Specification E1D2. For the building, where J/s. m2 applies, Joules per second square metre must be provided or applied in accordance with Specification E1D2. For the building, where K applies, Kelvin(s) must be provided or applied in accordance with Specification E1D2. For the building, where kg applies, kilogram(s) must be provided or applied in accordance with Specification E1D2. For the building, where kg/m applies, kilogram(s) per metre must be provided or applied in accordance with Specification E1D2. For the building, where kg/m2 applies, kilogram(s) per square metre must be provided or applied in accordance with Specification E1D2. For the building, where kg/m3 applies, kilogram(s) per cubic metre must be provided or applied in accordance with Specification E1D2. For the building, where kJ/m2. hour applies, kilojoules per square metre hour must be provided or applied in accordance with Specification E1D2. For the building, where km applies, kilometre(s) must be provided or applied in accordance with Specification E1D2. For the building, where kPa applies, kilopascal(s) must be provided or applied in accordance with Specification E1D2. For the building, where kW/m2 applies, kilowatt(s) per square metre must be provided or applied in accordance with Specification E1D2. For the building, where kWheating applies, kilowatt(s) of heating must be provided or applied in accordance with Specification E1D2. For the building, where kWr applies, kilowatt(s) of refrigeration must be provided or applied in accordance with Specification E1D2. For the building, where L applies, litre(s) must be provided or applied in accordance with Specification E1D2. For the building, where L/min applies, litre(s) per minute must be provided or applied in accordance with Specification E1D2. For the building, where L/s applies, litre(s) per second must be provided or applied in accordance with Specification E1D2. For the building, where L/s. m2 applies, litre(s) per second square metre must be provided or applied in accordance with Specification E1D2. For the building, where Lumens/W applies, Lumens per Watt must be provided or applied in accordance with Specification E1D2. For the building, where lx applies, lux must be provided or applied in accordance with Specification E1D2. For the building, where m applies, metre(s) must be provided or applied in accordance with Specification E1D2. For the building, where m/s applies, metre(s) per second must be provided or applied in accordance with Specification E1D2. For the building, where m2 applies, square metre(s) must be provided or applied in accordance with Specification E1D2. For the building, where m2. K/W applies, square metre Kelvin(s) per Watt must be provided or applied in accordance with Specification E1D2. For the building, where m3 applies, cubic metre(s) must be provided or applied in accordance with Specification E1D2. For the building, where m3/hour applies, cubic metre(s) per hour must be provided or applied in accordance with Specification E1D2. For the building, where m3/s applies, cubic metre(s) per second must be provided or applied in accordance with Specification E1D2. For the building, where mcd/m2 applies, millicandelas per square metre must be provided or applied in accordance with Specification E1D2. For the building, where min applies, minute(s) must be provided or applied in accordance with Specification E1D2.",1,1,"","","NCC 2022 Vol3","",0,"","","false","","NCC2022_Volume3_Tables_ClauseStyle.txt","2022"
"Vol3","E1","E","Table E1D2_7","table","Table E1D2_7","For the building, where MJ/hour applies, Megajoules per hour must be provided or applied in accordance with Specification E1D2. For the building, where MJ/m2. annum applies, Megajoules per square metre annum must be provided or applied in accordance with Specification E1D2. For the building, where mm applies, millimetre(s) must be provided or applied in accordance with Specification E1D2. For the building, where mm2 applies, square millimetre(s) must be provided or applied in accordance with Specification E1D2. For the building, where MW applies, megawatt(s) must be provided or applied in accordance with Specification E1D2. For the building, where N applies, newton(s) must be provided or applied in accordance with Specification E1D2. For the building, where N/m applies, Newton(s) per metre must be provided or applied in accordance with Specification E1D2. For the building, where Pa applies, pascal(s) must be provided or applied in accordance with Specification E1D2. For the building, where Pa/m applies, pascal(s) per metre must be provided or applied in accordance with Specification E1D2. For the building, where Q applies, Imposed load must be provided or applied in accordance with Specification E1D2. For the building, where s applies, second(s) must be provided or applied in accordance with Specification E1D2. For the building, where ULS applies, Ultimate limit state must be provided or applied in accordance with Specification E1D2. For the building, where V applies, Volt(s) must be provided or applied in accordance with Specification E1D2. For the building, where W applies, Watt(s) must be provided or applied in accordance with Specification E1D2. For the building, where W input power applies, Watts of input power must be provided or applied in accordance with Specification E1D2. For the building, where Wr/Winput power applies, Watts of thermal refrigeration per watt of input power must be provided or applied in accordance with Specification E1D2. For the building, where W/kWrej applies, Watts per kilowatt of heat rejected must be provided or applied in accordance with Specification E1D2. For the building, where Wm-1K-1 applies, Watts per metre degree Kelvin must be provided or applied in accordance with Specification E1D2. For the building, where W/m2 applies, Watts per square metre must be provided or applied in accordance with Specification E1D2. For the building, where  degsouth applies, degree south must be provided or applied in accordance with Specification E1D2. For the building, where % applies, percent must be provided or applied in accordance with Specification E1D2. For the building, where > applies, > must be provided or applied in accordance with Specification E1D2. For the building, where < applies, less than must be provided or applied in accordance with Specification E1D2. For the building, where the relevant conditions applies, less than or equal to must be provided or applied in accordance with Specification E1D2. For the building, where the relevant conditions applies, equal to or more than must be provided or applied in accordance with Specification E1D2.",1,1,"","","NCC 2022 Vol3","",0,"","","false","","NCC2022_Volume3_Tables_ClauseStyle.txt","2022"
"Vol3","E1","E","Table 1","table","Table 1","For the building, where Kiandra (NSW) applies, 1 must be provided or applied in accordance with Specification E1D2. For the building, where Mount Kosciuszko(NSW) applies, 2 must be provided or applied in accordance with Specification E1D2. For the building, where Perisher Valley(NSW) applies, 3 must be provided or applied in accordance with Specification E1D2. For the building, where Thredbo (NSW) applies, 4 must be provided or applied in accordance with Specification E1D2. For the building, where Cabramurra(NSW) applies, 5 must be provided or applied in accordance with Specification E1D2. For the building, where Charlotte Pass Village (NSW) applies, 6 must be provided or applied in accordance with Specification E1D2. For the building, where Diggers Creek (NSW) applies, 7 must be provided or applied in accordance with Specification E1D2. For the building, where Guthega Village(NSW) applies, 8 must be provided or applied in accordance with Specification E1D2. For the building, where Mount Blue Cow (NSW) applies, 9 must be provided or applied in accordance with Specification E1D2. For the building, where Mount Selwyn (NSW) applies, 10 must be provided or applied in accordance with Specification E1D2. For the building, where Perisher Range(NSW) applies, 11 must be provided or applied in accordance with Specification E1D2. For the building, where Rules Point(NSW) applies, 12 must be provided or applied in accordance with Specification E1D2. For the building, where Sawpit Creek (NSW) applies, 13 must be provided or applied in accordance with Specification E1D2. For the building, where Smiggin Holes(NSW) applies, 14 must be provided or applied in accordance with Specification E1D2. For the building, where Smiggin Range(NSW) applies, 15 must be provided or applied in accordance with Specification E1D2. For the building, where Three Mile Dam(NSW) applies, 16 must be provided or applied in accordance with Specification E1D2. For the building, where Wilsons Valley(NSW) applies, 17 must be provided or applied in accordance with Specification E1D2. For the building, where Falls Creek(Vic. ), including Summit Area, Sun Valley and Village Bowl apply, 18 must be provided or applied in accordance with Specification E1D2. For the building, where Mount Baw Baw (Vic. ) applies, 19 must be provided or applied in accordance with Specification E1D2. For the building, where Mount Buffalo(Vic. ), including Chalet, Dingo Dell and Tatra apply, 20 must be provided or applied in accordance with Specification E1D2. For the building, where Mount Buller(Vic. ), including Baldy and Village apply, 21 must be provided or applied in accordance with Specification E1D2. For the building, where Mount Hotham(Vic. ), including Davenport and Village Centre apply, 22 must be provided or applied in accordance with Specification E1D2. For the building, where Dinner Plain(Vic. ) applies, 23 must be provided or applied in accordance with Specification E1D2. For the building, where Lake Mountain(Vic. ) applies, 24 must be provided or applied in accordance with Specification E1D2. For the building, where Mount Stirling (Vic. ) applies, 25 must be provided or applied in accordance with Specification E1D2. For the building, where Ben Lomond Ski Field (Tas. ) applies, 26 must be provided or applied in accordance with Specification E1D2. For the building, where Cradle Valley (Tas. ) applies, 27 must be provided or applied in accordance with Specification E1D2. For the building, where Great Lake Area (Tas. ) applies, 28 must be provided or applied in accordance with Specification E1D2. For the building, where Mount Field Ski Field (Tas. ) applies, 29 must be provided or applied in accordance with Specification E1D2.",1,1,"","","NCC 2022 Vol3","",0,"","","false","","NCC2022_Volume3_Tables_ClauseStyle.txt","2022"
"Vol3","E1","E","Table 2","table","Table 2","For Class 2, where Low applies, The building meets only one of the following building complexity criteria: (a) (Attributes), (b) (Class 2), (c) (Occupant numbers) or(d) (Occupant characteristics) must be provided or applied in accordance with Specification E1D2. For Class 2, where Medium applies, The building meets two of the following building complexity criteria: (a) (Attributes), (b) (Class 2), (c) (Occupant numbers) or(d) (Occupant characteristics) must be provided or applied in accordance with Specification E1D2. For Class 2, where High applies, The building meets three of the following building complexity criteria: (a) (Attributes), (b) (Class 2), (c) (Occupant numbers) or(d) (Occupant characteristics) must be provided or applied in accordance with Specification E1D2. For Class 2, where Very high applies, The building meets all of the following building complexity criteria: (a) (Attributes), (b) (Class 2), (c) (Occupant numbers) and(d) (Occupant characteristics); or (e) (Building Importance Level 4 or 5) must be provided or applied in accordance with Specification E1D2.",1,1,"","","NCC 2022 Vol3","",0,"","","false","","NCC2022_Volume3_Tables_ClauseStyle.txt","2022"
"Vol3","E1","E","Table 3","table","Table 3","For the building, where ACT; and Canberra apply, 7 must be provided or applied in accordance with Specification E1D2. For the building, where NSW; and Albury apply, 4 must be provided or applied in accordance with Specification E1D2. For the building, where NSW; and Armidale apply, 7 must be provided or applied in accordance with Specification E1D2. For the building, where NSW; and Batemans Bay apply, 6 must be provided or applied in accordance with Specification E1D2. For the building, where NSW; and Bathurst apply, 7 must be provided or applied in accordance with Specification E1D2. For the building, where NSW; and Bega apply, 6 must be provided or applied in accordance with Specification E1D2. For the building, where NSW; and Bellingen Shire - Dorrigo Plateau apply, 7 must be provided or applied in accordance with Specification E1D2. For the building, where NSW; and Bellingen Shire - Valley & seaboard apply, 2 must be provided or applied in accordance with Specification E1D2. For the building, where NSW; and Bourke apply, 4 must be provided or applied in accordance with Specification E1D2. For the building, where NSW; and Broken Hill apply, 4 must be provided or applied in accordance with Specification E1D2. For the building, where NSW; and Byron Bay apply, 2 must be provided or applied in accordance with Specification E1D2. For the building, where NSW; and Cobar apply, 4 must be provided or applied in accordance with Specification E1D2. For the building, where NSW; and Coffs Harbour apply, 2 must be provided or applied in accordance with Specification E1D2. For the building, where NSW; and Dubbo apply, 4 must be provided or applied in accordance with Specification E1D2. For the building, where NSW; and Goulburn apply, 7 must be provided or applied in accordance with Specification E1D2. For the building, where NSW; and Grafton apply, 2 must be provided or applied in accordance with Specification E1D2. For the building, where NSW; and Griffith apply, 4 must be provided or applied in accordance with Specification E1D2. For the building, where NSW; and Ivanhoe apply, 4 must be provided or applied in accordance with Specification E1D2. For the building, where NSW; and Lismore apply, 2 must be provided or applied in accordance with Specification E1D2. For the building, where NSW; and Lord Howe Island apply, 2 must be provided or applied in accordance with Specification E1D2. For the building, where NSW; and Moree apply, 4 must be provided or applied in accordance with Specification E1D2. For the building, where NSW; and Newcastle apply, 5 must be provided or applied in accordance with Specification E1D2. For the building, where NSW; and Nowra apply, 6 must be provided or applied in accordance with Specification E1D2. For the building, where NSW; and Orange apply, 7 must be provided or applied in accordance with Specification E1D2. For the building, where NSW; and Perisher - Smiggins apply, 8 must be provided or applied in accordance with Specification E1D2. For the building, where NSW; and Port Macquarie apply, 5 must be provided or applied in accordance with Specification E1D2. For the building, where NSW; and Sydney East apply, 5 must be provided or applied in accordance with Specification E1D2. For the building, where NSW; and Sydney West apply, 6 must be provided or applied in accordance with Specification E1D2. For the building, where NSW; and Tamworth apply, 4 must be provided or applied in accordance with Specification E1D2. For the building, where NSW; and Thredbo apply, 8 must be provided or applied in accordance with Specification E1D2. For the building, where NSW; and Wagga Wagga apply, 4 must be provided or applied in accordance with Specification E1D2. For the building, where NSW; and Williamtown apply, 5 must be provided or applied in accordance with Specification E1D2.",1,1,"","","NCC 2022 Vol3","",0,"","","false","","NCC2022_Volume3_Tables_ClauseStyle.txt","2022"
"Vol3","E1","E","Table E1D2_11","table","Table E1D2_11","For the building, where NSW; and Wollongong apply, 5 must be provided or applied in accordance with Specification E1D2. For the building, where NSW; and Yass apply, 6 must be provided or applied in accordance with Specification E1D2. For the building, where NT; and Alice Springs apply, 3 must be provided or applied in accordance with Specification E1D2. For the building, where NT; and Darwin apply, 1 must be provided or applied in accordance with Specification E1D2. For the building, where NT; and Elliot apply, 3 must be provided or applied in accordance with Specification E1D2. For the building, where NT; and Katherine apply, 1 must be provided or applied in accordance with Specification E1D2. For the building, where NT; and Renner Springs apply, 3 must be provided or applied in accordance with Specification E1D2. For the building, where NT; and Tennant Creek apply, 3 must be provided or applied in accordance with Specification E1D2. For the building, where QLD; and Birdsville apply, 3 must be provided or applied in accordance with Specification E1D2. For the building, where QLD; and Brisbane apply, 2 must be provided or applied in accordance with Specification E1D2. For the building, where QLD; and Bundaberg apply, 2 must be provided or applied in accordance with Specification E1D2. For the building, where QLD; and Cairns apply, 1 must be provided or applied in accordance with Specification E1D2. For the building, where QLD; and Cooktown apply, 1 must be provided or applied in accordance with Specification E1D2. For the building, where QLD; and Cunnamulla apply, 3 must be provided or applied in accordance with Specification E1D2. For the building, where QLD; and Gladstone apply, 2 must be provided or applied in accordance with Specification E1D2. For the building, where QLD; and Hervey Bay apply, 2 must be provided or applied in accordance with Specification E1D2. For the building, where QLD; and Hughenden apply, 3 must be provided or applied in accordance with Specification E1D2. For the building, where QLD; and Longreach apply, 3 must be provided or applied in accordance with Specification E1D2. For the building, where QLD; and Mackay apply, 2 must be provided or applied in accordance with Specification E1D2. For the building, where QLD; and Mount Isa apply, 3 must be provided or applied in accordance with Specification E1D2. For the building, where QLD; and Normanton apply, 1 must be provided or applied in accordance with Specification E1D2. For the building, where QLD; and Rockhampton apply, 2 must be provided or applied in accordance with Specification E1D2. For the building, where QLD; and Roma apply, 3 must be provided or applied in accordance with Specification E1D2. For the building, where QLD; and Southport apply, 2 must be provided or applied in accordance with Specification E1D2. For the building, where QLD; and Toowoomba apply, 5 must be provided or applied in accordance with Specification E1D2. For the building, where QLD; and Townsville apply, 1 must be provided or applied in accordance with Specification E1D2. For the building, where QLD; and Warwick apply, 5 must be provided or applied in accordance with Specification E1D2. For the building, where QLD; and Weipa apply, 1 must be provided or applied in accordance with Specification E1D2. For the building, where SA; and Adelaide apply, 5 must be provided or applied in accordance with Specification E1D2. For the building, where SA; and Bordertown apply, 6 must be provided or applied in accordance with Specification E1D2. For the building, where SA; and Ceduna apply, 5 must be provided or applied in accordance with Specification E1D2. For the building, where SA; and Cook apply, 4 must be provided or applied in accordance with Specification E1D2. For the building, where SA; and Elliston apply, 5 must be provided or applied in accordance with Specification E1D2. For the building, where SA; and Kingscote apply, 6 must be provided or applied in accordance with Specification E1D2. For the building, where SA; and Leigh Creek apply, 5 must be provided or applied in accordance with Specification E1D2. For the building, where SA; and Lobethal apply, 6 must be provided or applied in accordance with Specification E1D2. For the building, where SA; and Loxton apply, 5 must be provided or applied in accordance with Specification E1D2. For the building, where SA; and Naracoorte apply, 6 must be provided or applied in accordance with Specification E1D2. For the building, where SA; and Marree apply, 4 must be provided or applied in accordance with Specification E1D2. For the building, where SA; and Mount Gambier apply, 6 must be provided or applied in accordance with Specification E1D2. For the building, where SA; and Murray Bridge apply, 6 must be provided or applied in accordance with Specification E1D2. For the building, where SA; and Oodnadatta apply, 4 must be provided or applied in accordance with Specification E1D2. For the building, where SA; and Port Augusta apply, 4 must be provided or applied in accordance with Specification E1D2. For the building, where SA; and Port Lincoln apply, 5 must be provided or applied in accordance with Specification E1D2.",1,1,"","","NCC 2022 Vol3","",0,"","","false","","NCC2022_Volume3_Tables_ClauseStyle.txt","2022"
"Vol3","E1","E","Table E1D2_12","table","Table E1D2_12","For the building, where SA; and Renmark apply, 5 must be provided or applied in accordance with Specification E1D2. For the building, where SA; and Tarcoola apply, 4 must be provided or applied in accordance with Specification E1D2. For the building, where SA; and Victor Harbour apply, 6 must be provided or applied in accordance with Specification E1D2. For the building, where SA; and Whyalla apply, 4 must be provided or applied in accordance with Specification E1D2. For the building, where TAS; and Burnie apply, 7 must be provided or applied in accordance with Specification E1D2. For the building, where TAS; and Bicheno apply, 7 must be provided or applied in accordance with Specification E1D2. For the building, where TAS; and Deloraine apply, 7 must be provided or applied in accordance with Specification E1D2. For the building, where TAS; and Devonport apply, 7 must be provided or applied in accordance with Specification E1D2. For the building, where TAS; and Flinders Island apply, 7 must be provided or applied in accordance with Specification E1D2. For the building, where TAS; and Hobart apply, 7 must be provided or applied in accordance with Specification E1D2. For the building, where TAS; and Huonville apply, 7 must be provided or applied in accordance with Specification E1D2. For the building, where TAS; and King Island apply, 7 must be provided or applied in accordance with Specification E1D2. For the building, where TAS; and Launceston apply, 7 must be provided or applied in accordance with Specification E1D2. For the building, where TAS; and New Norfolk apply, 7 must be provided or applied in accordance with Specification E1D2. For the building, where TAS; and Oatlands apply, 7 must be provided or applied in accordance with Specification E1D2. For the building, where TAS; and Orford apply, 7 must be provided or applied in accordance with Specification E1D2. For the building, where TAS; and Rossarden apply, 7 must be provided or applied in accordance with Specification E1D2. For the building, where TAS; and Smithton apply, 7 must be provided or applied in accordance with Specification E1D2. For the building, where TAS; and St Marys apply, 7 must be provided or applied in accordance with Specification E1D2. For the building, where TAS; and Zeehan apply, 7 must be provided or applied in accordance with Specification E1D2. For the building, where VIC; and Anglesea apply, 6 must be provided or applied in accordance with Specification E1D2. For the building, where VIC; and Ararat apply, 7 must be provided or applied in accordance with Specification E1D2. For the building, where VIC; and Bairnsdale apply, 6 must be provided or applied in accordance with Specification E1D2. For the building, where VIC; and Ballarat apply, 7 must be provided or applied in accordance with Specification E1D2. For the building, where VIC; and Benalla apply, 6 must be provided or applied in accordance with Specification E1D2. For the building, where VIC; and Bendigo apply, 6 must be provided or applied in accordance with Specification E1D2. For the building, where VIC; and Bright apply, 7 must be provided or applied in accordance with Specification E1D2. For the building, where VIC; and Colac apply, 6 must be provided or applied in accordance with Specification E1D2. For the building, where VIC; and Dandenong apply, 6 must be provided or applied in accordance with Specification E1D2. For the building, where VIC; and Echuca apply, 4 must be provided or applied in accordance with Specification E1D2. For the building, where VIC; and Geelong apply, 6 must be provided or applied in accordance with Specification E1D2. For the building, where VIC; and Hamilton apply, 7 must be provided or applied in accordance with Specification E1D2. For the building, where VIC; and Horsham apply, 6 must be provided or applied in accordance with Specification E1D2. For the building, where VIC; and Melbourne apply, 6 must be provided or applied in accordance with Specification E1D2. For the building, where VIC; and Mildura apply, 4 must be provided or applied in accordance with Specification E1D2. For the building, where VIC; and Portland apply, 6 must be provided or applied in accordance with Specification E1D2. For the building, where VIC; and Sale apply, 6 must be provided or applied in accordance with Specification E1D2. For the building, where VIC; and Shepparton apply, 4 must be provided or applied in accordance with Specification E1D2. For the building, where VIC; and Swan Hill apply, 4 must be provided or applied in accordance with Specification E1D2. For the building, where VIC; and Traralgon apply, 6 must be provided or applied in accordance with Specification E1D2. For the building, where VIC; and Wangaratta apply, 7 must be provided or applied in accordance with Specification E1D2. For the building, where VIC; and Warrnambool apply, 6 must be provided or applied in accordance with Specification E1D2. For the building, where VIC; and Wodonga apply, 6 must be provided or applied in accordance with Specification E1D2. For the building, where WA; and Albany apply, 6 must be provided or applied in accordance with Specification E1D2.",1,1,"","","NCC 2022 Vol3","",0,"","","false","","NCC2022_Volume3_Tables_ClauseStyle.txt","2022"
"Vol3","E1","E","Table E1D2_13","table","Table E1D2_13","For the building, where WA; and Balladonia apply, 4 must be provided or applied in accordance with Specification E1D2. For the building, where WA; and Broome apply, 1 must be provided or applied in accordance with Specification E1D2. For the building, where WA; and Bunbury apply, 5 must be provided or applied in accordance with Specification E1D2. For the building, where WA; and Carnarvon apply, 3 must be provided or applied in accordance with Specification E1D2. For the building, where WA; and Christmas Island apply, 1 must be provided or applied in accordance with Specification E1D2. For the building, where WA; and Cocos Island apply, 1 must be provided or applied in accordance with Specification E1D2. For the building, where WA; and Derby apply, 1 must be provided or applied in accordance with Specification E1D2. For the building, where WA; and Esperance apply, 5 must be provided or applied in accordance with Specification E1D2. For the building, where WA; and Exmouth apply, 1 must be provided or applied in accordance with Specification E1D2. For the building, where WA; and Geraldton apply, 5 must be provided or applied in accordance with Specification E1D2. For the building, where WA; and Halls Creek apply, 3 must be provided or applied in accordance with Specification E1D2. For the building, where WA; and Kalgoorlie-Boulder apply, 4 must be provided or applied in accordance with Specification E1D2. For the building, where WA; and Karratha apply, 1 must be provided or applied in accordance with Specification E1D2. For the building, where WA; and Meekatharra apply, 4 must be provided or applied in accordance with Specification E1D2. For the building, where WA; and Northam apply, 4 must be provided or applied in accordance with Specification E1D2. For the building, where WA; and Pemberton apply, 6 must be provided or applied in accordance with Specification E1D2. For the building, where WA; and Perth apply, 5 must be provided or applied in accordance with Specification E1D2. For the building, where WA; and Port Hedland apply, 1 must be provided or applied in accordance with Specification E1D2. For the building, where WA; and Wagin apply, 4 must be provided or applied in accordance with Specification E1D2. For the building, where WA; and Wyndham apply, 1 must be provided or applied in accordance with Specification E1D2.",1,1,"","","NCC 2022 Vol3","",0,"","","false","","NCC2022_Volume3_Tables_ClauseStyle.txt","2022"
"Vol3","E1","E","Table 4","table","Table 4","For the building, where N1, N2, N3 applies, C1 must be provided or applied in accordance with Specification E1D2. For the building, where N4, N5, N6 (these wind classes are covered in the ABCB Housing Provisions Part 2. 2). applies, C2, C3, C4 (these wind classes are covered in the ABCB Housing Provisions Part 2. 2) must be provided or applied in accordance with Specification E1D2.",1,1,"","","NCC 2022 Vol3","",0,"","","false","","NCC2022_Volume3_Tables_ClauseStyle.txt","2022"
"Vol3","E1","E","Table E1D2_17","table","Table E1D2_17","For the building, where AS 1397; and 2021; and Continuous hot-dip metallic coated steel sheet and strip - Coatings of zinc and zinc alloyed with aluminium and magnesium (See Note 10); and 7. 2. 2 apply, the relevant requirement must be met in accordance with Specification E1D2. For the building, where AS 1428 Part 1; and 2009; and Design for access and mobility - General requirements for access - New building work (incorporating amendments 1 and 2); and D3D11, D3D16, D3D22, D4D2, D4D3, D4D4, D4D7, D4D10, D4D11, D4D13, Spec 16, E3D10, F4D5, G4D5, Schedule 1; and Schedule 1; and Schedule 1 apply, Schedule 1, E1D2 must be provided or applied in accordance with Specification E1D2. For the building, where AS 1428 Part 1; and 2001; and Design for access and mobility - General requirements for access - New building work; and I2D7, I2D8, I2D10, I2D15 apply, E1D2 must be provided or applied in accordance with Specification E1D2. For the building, where AS 1428 Part 1 (Supplement 1); and 1993; and Design for access and mobility - General requirements for access - Buildings - Commentary; and I2D2 apply, the relevant requirement must be met in accordance with Specification E1D2. For the building, where AS 1428 Part 2; and 1992; and Design for access and mobility - Enhanced and additional requirements - Buildings and facilities; and I2D2, I2D3, I2D4, I2D5, I2D7, I2D10, I2D11, I2D12, I2D13, I2D14 apply, E1D2 must be provided or applied in accordance with Specification E1D2. For the building, where AS 1428 Part 4; and 1992; and Design for access and mobility - Tactile ground surface indicators for the orientation of people with vision impairment; and I2D11 apply, the relevant requirement must be met in accordance with Specification E1D2. For the building, where AS/NZS 1428 Part 4. 1; and 2009; and Design for access and mobility - Means to assist the orientation of people with vision impairment - Tactile ground surface indicators (incorporating amendments 1 and 2); and D4D9 apply, the relevant requirement must be met in accordance with Specification E1D2. For the building, where AS 1530 Part 1; and 1994; and Methods for fire tests on building materials, components and structures - Combustibility test for materials; and Schedule 1; and Schedule 1; and Schedule 1 apply, Schedule 1 must be provided or applied in accordance with Specification E1D2. For the building, where AS 1530 Part 2; and 1993; and Methods for fire tests on building materials, components and structures - Test for flammability of materials (incorporating amendment 1); and Schedule 1; and Schedule 1; and Schedule 1 apply, Schedule 1 must be provided or applied in accordance with Specification E1D2.",1,1,"","","NCC 2022 Vol3","",0,"","","false","","NCC2022_Volume3_Tables_ClauseStyle.txt","2022"
"Vol3","E1","E","Table E1D2_18","table","Table E1D2_18","For the building, where AS/NZS 1530 Part 3; and 1999; and Methods for fire tests on building materials, components and structures - Simultaneous determination of ignitability, flame propagation, heat release and smoke release; and Schedule 1, Spec 3; and Schedule 1, Spec 3; and Schedule 1 apply, Schedule 1, Spec 3 must be provided or applied in accordance with Specification E1D2. For the building, where AS 1530 Part 4; and 2014; and Methods for fire tests on building materials, components and structures - Fire resistance tests for elements of construction; and C4D15, C4D16, Spec 9, Spec 10, Spec 13, Spec 14, Schedule 1, Spec 3; and 9. 3. 2, Schedule 1, Spec 3; and Schedule 1 apply, Schedule 1, Spec 3 must be provided or applied in accordance with Specification E1D2. For the building, where AS 1530 Part 8. 1; and 2018; and Methods for fire tests on building materials, components and structures - Tests on elements of construction for buildings exposed to simulated bushfire attack - Radiant heat and small flaming sources; and Spec 43 apply, the relevant requirement must be met in accordance with Specification E1D2. For the building, where AS/NZS 1546 Part 1; and 2008; and On-site domestic wastewater treatment units - Septic tanks apply, C3D2 must be provided or applied in accordance with Specification E1D2. For the building, where AS/NZS 1546 Part 2; and 2008; and On-site domestic wastewater treatment units - Waterless composting toilets apply, C3D3 must be provided or applied in accordance with Specification E1D2. For the building, where AS 1546 Part 3; and 2017; and On-site domestic wastewater treatment units - Secondary treatment systems (incorporating amendment 1) apply, C3D4 must be provided or applied in accordance with Specification E1D2. For the building, where AS 1546 Part 4; and 2016; and On-site domestic wastewater treatment units - Domestic greywater treatment systems apply, C3D5 must be provided or applied in accordance with Specification E1D2. For the building, where AS/NZS 1547; and 2012; and On-site domestic wastewater management apply, C3D6 must be provided or applied in accordance with Specification E1D2. For the building, where AS 1562 Part 1; and 2018; and Design and installation of sheet roof and wall cladding - Metal (See Note 2); and B1D4, F3D2, F3D5; and H1D7 apply, the relevant requirement must be met in accordance with Specification E1D2. For the building, where AS1562 Part 3; and 2006; and Design and installation of sheet roof and wall cladding - Plastic; and B1D4, F3D2; and H1D7 apply, the relevant requirement must be met in accordance with Specification E1D2. For the building element, where AS 1657; and 2018; and Fixed platforms, walkways, stairways and ladders - Design, construction and installation; and D2D21, D2D22, D3D23, I1D6, I3D5 apply, the relevant requirement must be met in accordance with Specification E1D2. For the building, where AS/NZS 1664 Part 1; and 1997; and Aluminium structures - Limit state design (incorporating amendment 1); and B1D4; and 2. 2. 4 apply, the relevant requirement must be met in accordance with Specification E1D2. For the building, where AS/NZS 1664 Part 2; and 1997; and Aluminium structures - Allowable stress design (incorporating amendment 1); and B1D4; and 2. 2. 4 apply, the relevant requirement must be met in accordance with Specification E1D2.",1,1,"","","NCC 2022 Vol3","",0,"","","false","","NCC2022_Volume3_Tables_ClauseStyle.txt","2022"
"Vol3","E1","E","Table E1D2_19","table","Table E1D2_19","For the building, where AS 1668 Part 1; and 2015; and The use of ventilation and air conditioning in buildings - Fire and smoke control in buildings (incorporating amendment 1); and C3D13, C4D15, Spec 11, D2D12, Spec 19, E2D3, E2D4, E2D6, E2D7, E2D8, E2D9, E2D11, E2D12, E2D13, E2D16, E2D17, E2D19, F6D12, Spec 21, Spec 31 apply, the relevant requirement must be met in accordance with Specification E1D2. For the building, where AS 1668 Part 2; and 2012; and The use of ventilation and air conditioning in buildings - Mechanical ventilation in buildings (incorporating amendments 1 and 2); and E2D12, F6V1, F6D6, F6D11, F6D12, F8D4, J6D4; and H4V3, H4D7; and 10. 8. 2 apply, the relevant requirement must be met in accordance with Specification E1D2. For the building, where AS 1668 Part 4; and 2012; and The use of ventilation and air conditioning in buildings - Natural ventilation of buildings; and F6D11 apply, the relevant requirement must be met in accordance with Specification E1D2. For the building, where AS 1670 Part 1; and 2018; and Fire detection, warning, control and intercom systems - System design, installation and commissioning - Fire (incorporating amendment 1) (See Note 3); and C4D6, C4D7, C4D8, C4D9, C4D12, D3D26, E2D3, E2D10, G4D7, Spec 12, Spec 20, Spec 23, Spec 31; and 9. 5. 1 apply, the relevant requirement must be met in accordance with Specification E1D2. For the building, where AS 1670 Part 3; and 2018; and Fire detection, warning, control and intercom systems - System design, installation and commissioning - Fire alarm monitoring (incorporating amendment 1) (See Note 3); and Spec 20, Spec 23 apply, the relevant requirement must be met in accordance with Specification E1D2. For the building, where AS 1670 Part 4; and 2018; and Fire detection, warning, control and intercom systems - System design, installation and commissioning - Emergency warning and intercom systems (incorporating amendment 1) (See Note 3); and E3V2, E4D9, Spec 31 apply, the relevant requirement must be met in accordance with Specification E1D2. For the building, where AS/NZS 1680 Part 0; and 2009; and Interior lighting - Safe movement; and F6D5; and 10. 5. 2 apply, the relevant requirement must be met in accordance with Specification E1D2. For the building, where AS 1684 Part 2; and 2021; and Residential timber-framed construction - Non-cyclonic areas; and B1D4, B1D5, F1D8; and H1D6; and 2. 2. 5, 4. 2. 13, 5. 6. 6, 6. 2. 1, 6. 3. 6, 7. 5. 2, 7. 5. 3, 7. 5. 4, 10. 2. 19, 10. 2. 20 apply, the relevant requirement must be met in accordance with Specification E1D2.",1,1,"","","NCC 2022 Vol3","",0,"","","false","","NCC2022_Volume3_Tables_ClauseStyle.txt","2022"
"Vol3","E1","E","Table E1D2_20","table","Table E1D2_20","For the building, where AS 1684 Part 3; and 2021; and Residential timber-framed construction - Cyclonic areas; and B1D4, B1D5, F1D8; and H1D6; and 2. 2. 5, 4. 2. 13, 5. 6. 6, 6. 2. 1, 6. 3. 6, 7. 5. 2, 7. 5. 3, 7. 5. 4, 10. 2. 19, 10. 2. 20 apply, the relevant requirement must be met in accordance with Specification E1D2. For the building, where AS 1684 Part 4; and 2010; and Residential timber-framed construction - Simplified - Non-cyclonic areas (incorporating amendment 1); and B1D4, B1D5, F1D8; and H1D6; and 2. 2. 5, 4. 2. 13, 5. 6. 6, 6. 2. 1, 7. 5. 2, 7. 5. 3, 7. 5. 4, 10. 2. 19, 10. 2. 20 apply, the relevant requirement must be met in accordance with Specification E1D2. For the building, where AS 1720 Part 1; and 2010; and Timber structures - Design methods (incorporating amendments 1, 2 and 3); and B1V1, B1D4; and H1V1, H1D6; and 4. 2. 13, 5. 3. 3 apply, the relevant requirement must be met in accordance with Specification E1D2. For the building, where AS/NZS 1720 Part 4; and 2019; and Timber structures - Fire resistance of timber elements; and Spec 1; and Spec 1 apply, Spec 1 must be provided or applied in accordance with Specification E1D2. For the building, where AS 1720 Part 5; and 2015; and Timber structures - Nailplated timber roof trusses (incorporating amendment 1); and B1D4; and H1D6 apply, the relevant requirement must be met in accordance with Specification E1D2. For the building, where AS 1735 Part 11; and 1986; and Lifts, escalators and moving walks - Fire rated landing doors; and C4D11 apply, the relevant requirement must be met in accordance with Specification E1D2. For the building, where AS 1735 Part 12; and 1999; and Lifts, escalators and moving walks - Facilities for persons with disabilities (incorporating amendment 1); and E3D8, I2D6 apply, the relevant requirement must be met in accordance with Specification E1D2. For the building, where AS/NZS 1859 Part 4; and 2018; and Reconstituted wood based panels - Specifications - Wet process fibreboard; and 7. 5. 3, 7. 5. 4 apply, the relevant requirement must be met in accordance with Specification E1D2. For the building, where AS 1860 Part 2; and 2006; and Particleboard flooring - Installation (incorporating amendment 1); and B1D4; and H1D6 apply, the relevant requirement must be met in accordance with Specification E1D2. For the building, where AS 1905 Part 1; and 2015; and Components for the protection of openings in fire-resistant walls - Fire-resistant doorsets (incorporating amendment 1); and C4D7, Spec 12 apply, the relevant requirement must be met in accordance with Specification E1D2. For the building, where AS 1905 Part 2; and 2005; and Components for the protection of openings in fire-resistant walls - Fire-resistant roller shutters; and Spec 12 apply, the relevant requirement must be met in accordance with Specification E1D2. For the building, where AS 1926 Part 1; and 2012; and Swimming pool safety - Safety barriers for swimming pools; and G1D2, G1D4; and H7D2 apply, the relevant requirement must be met in accordance with Specification E1D2. For the building, where AS 1926 Part 2; and 2007; and Swimming pool safety - Location of safety barriers for swimming pools (incorporating amendments 1 and 2); and G1D2; and H7D2 apply, the relevant requirement must be met in accordance with Specification E1D2. For the building, where AS 1926 Part 3; and 2010; and Swimming pool safety - Water recirculation systems (incorporating amendment 1); and G1D2; and H7D2 apply, the relevant requirement must be met in accordance with Specification E1D2.",1,1,"","","NCC 2022 Vol3","",0,"","","false","","NCC2022_Volume3_Tables_ClauseStyle.txt","2022"
"Vol3","E1","E","Table E1D2_21","table","Table E1D2_21","For the building, where AS 2047; and 2014; and Windows and external glazed doors in buildings (incorporating amendments 1 and 2) (See Note 4); and B1D4, F3V1, F3D4, J5D5; and H1D8, H2V1; and 13. 4. 4 apply, the relevant requirement must be met in accordance with Specification E1D2. For the building, where AS 2049; and 2002; and Roof tiles (incorporating amendment 1); and F3D2; and H1D7 apply, the relevant requirement must be met in accordance with Specification E1D2. For the building, where AS 2050; and 2018; and Installation of roof tiles; and B1D4, F3D2; and H1D7; and 7. 3. 2 apply, the relevant requirement must be met in accordance with Specification E1D2. For the building, where AS 2118 Part 1; and 2017; and Automatic fire sprinkler systems - General systems (incorporating amendments 1 and 2); and C1V3, Spec 17, Spec 18 apply, the relevant requirement must be met in accordance with Specification E1D2. For the building, where AS 2118 Part 4; and 2012; and Automatic fire sprinkler systems - Sprinkler protection for accommodation buildings not > four storeys in height; and Spec 17, Spec 18 apply, B4D3 must be provided or applied in accordance with Specification E1D2. For the building, where AS 2118 Part 5; and 2008 (R 2020); and Automatic fire sprinkler systems - Home fire sprinkler systems apply, B4D3 must be provided or applied in accordance with Specification E1D2. For the building, where AS 2118 Part 6; and 2012; and Automatic fire sprinkler systems - Combined sprinkler and hydrant systems in multistorey buildings; and Spec 17 apply, B4D3 must be provided or applied in accordance with Specification E1D2. For the building, where AS 2159; and 2009; and Piling - Design and installation (incorporating amendment 1); and B1D4; and H1D12 apply, the relevant requirement must be met in accordance with Specification E1D2. For the building, where AS/NZS 2179 Part 1; and 2014; and Specifications for rainwater goods, accessories and fasteners - Metal shape or sheet rainwater goods, and metal accessories and fasteners; and 7. 4. 2 apply, the relevant requirement must be met in accordance with Specification E1D2. For the building, where AS/NZS 2269 Part 0; and 2012; and Plywood - Structural - Specifications (incorporating amendment 1); and 7. 5. 4 apply, the relevant requirement must be met in accordance with Specification E1D2. For the building, where AS/NZS 2293 Part 1; and 2018; and Emergency lighting and exit signs for buildings - System design, installation and operation (incorporating amendment 1); and E4D4, E4D8, Spec 25, I3D15 apply, the relevant requirement must be met in accordance with Specification E1D2. For the building, where AS 2312 Part 1; and 2014; and Guide to the protection of structural steel against atmospheric corrosion by the use of protective coatings - Paint coatings; and 6. 3. 9 apply, the relevant requirement must be met in accordance with Specification E1D2. For the building, where AS/NZS 2312 Part 2; and 2014; and Guide to the protection of structural steel against atmospheric corrosion by the use of protective coatings - Hot dip galvanizing; and 6. 3. 9 apply, the relevant requirement must be met in accordance with Specification E1D2. For the building, where AS/NZS 2327; and 2017; and Composite structures - Composite steel- concrete construction in buildings (incorporating amendment 1); and B1D4, Spec 1; and Spec 1; and 2. 2. 4 apply, Spec 1 must be provided or applied in accordance with Specification E1D2.",1,1,"","","NCC 2022 Vol3","",0,"","","false","","NCC2022_Volume3_Tables_ClauseStyle.txt","2022"
"Vol3","E1","E","Table E1D2_22","table","Table E1D2_22","For the building, where AS 2419 Part 1; and 2021; and Fire hydrant installations - System design, installation and commissioning; and C3D13, E1D2, Spec 18, I3D9 apply, B4D4 must be provided or applied in accordance with Specification E1D2. For the building, where AS 2441; and 2005; and Installation of fire hose reels (incorporating amendment 1); and E1D3 apply, B4D5 must be provided or applied in accordance with Specification E1D2. For the building, where AS 2444; and 2001; and Portable fire extinguishers and fire blankets - Selection and location; and E1D14, I3D11 apply, the relevant requirement must be met in accordance with Specification E1D2. For the building, where AS 2665; and 2001; and Smoke/heat venting systems - Design, installation and commissioning; and Spec 22, Spec 31 apply, the relevant requirement must be met in accordance with Specification E1D2. For the building, where AS 2699 Part 1; and 2020; and Built-in components for masonry construction - Wall ties (See Note 9); and C2D10; and 5. 6. 5 apply, the relevant requirement must be met in accordance with Specification E1D2. For the building, where AS 2699 Part 3; and 2020; and Built-in components for masonry construction - Lintels and shelf angles (durability requirements) (See Note 9); and C2D10; and 5. 6. 7 apply, the relevant requirement must be met in accordance with Specification E1D2. For the building, where AS 2870; and 2011; and Residential slabs and footings; and F1D7; and H1D4, H1D5; and 3. 4. 2, 4. 2. 2, 4. 2. 6, 4. 2. 8, 4. 2. 11, 4. 2. 14, 4. 2. 15, 10. 2. 9 apply, the relevant requirement must be met in accordance with Specification E1D2. For the building, where AS/NZS 2890 Part 6; and 2009; and Parking facilities - Offstreet parking for people with disabilities; and D4D6 apply, the relevant requirement must be met in accordance with Specification E1D2. For the building, where AS/NZS 2904; and 1995; and Damp-proof courses and flashings (incorporating amendments 1 and 2); and F1D6; and 5. 7. 3, 7. 5. 6, 12. 3. 3 apply, the relevant requirement must be met in accordance with Specification E1D2. For the building, where AS/NZS 2908 Part 1; and 2000; and Cellulose-cement products - Corrugated sheets; and B1D4 apply, the relevant requirement must be met in accordance with Specification E1D2. For the building, where AS/NZS 2908 Part 2; and 2000; and Cellulose-cement products - Flat sheets; and Schedule 1; and Schedule 1; and 7. 5. 3, 7. 5. 4, 7. 5. 5, 10. 2. 9. 10. 2. 10, Schedule 1 apply, Schedule 1 must be provided or applied in accordance with Specification E1D2. For the building, where AS/NZS 2918; and 2018; and Domestic solid fuel burning appliances - Installation (See Note 8); and G2D2; and H7D5; and 12. 4. 4, 12. 4. 5 apply, the relevant requirement must be met in accordance with Specification E1D2. For Electrical installations - Classification of the fire and mechanical performance of wiring system elements, where AS/NZS 3013; and 2005; and Electrical installations - Classification of the fire and mechanical performance of wiring system elements; and C3D14 apply, the relevant requirement must be met in accordance with Specification E1D2. For the building, where AS/NZS 3500 Part 0; and 2021; and Plumbing and drainage - Glossary of terms; and A1G4; and A1G4 apply, A1G4 must be provided or applied in accordance with Specification E1D2. For the building, where AS/NZS 3500 Part 1; and 2018; and Plumbing and drainage - Water services apply, B5D6 must be provided or applied in accordance with Specification E1D2.",1,1,"","","NCC 2022 Vol3","",0,"","","false","","NCC2022_Volume3_Tables_ClauseStyle.txt","2022"
"Vol3","E1","E","Table E1D2_23","table","Table E1D2_23","For the building, where AS/NZS 3500 Part 1; and 2021; and Plumbing and drainage - Water services apply, B1D3, B1D5, B1D6, B3D3, B5V1, B5D2, B5D3, B5D4, Spec 41, B6D2, B6D3, B6D5, B7D3, must be provided or applied in accordance with Specification E1D2. For the building, where AS/NZS 3500 Part 2; and 2021; and Plumbing and drainage - Sanitary plumbing and drainage (incorporating amendment 1) apply, C1D3, C1V1, C1V2, C1V3, C1V4, C1V5, C2V2, C2D3, C2D4, C3D7 must be provided or applied in accordance with Specification E1D2. For the building, where AS/NZS 3500 Part 3; and 2021; and Plumbing and drainage - Stormwater drainage (See Note 11); and F1D3; and H2D2, H2D6; and 7. 4. 3 apply, the relevant requirement must be met in accordance with Specification E1D2. For the building, where AS/NZS 3500 Part 4; and 2021; and Plumbing and drainage - Heated water services (incorporating amendment 1) apply, B2D2, B2D6, B2D7, B2D8, B2D9, B2D11 must be provided or applied in accordance with Specification E1D2. For the building, where AS 3600; and 2018; and Concrete structures (incorporating amendments 1 and 2); and B1V1, B1D4, Spec 1; and H1V1, H1D4, Spec 1; and 3. 4. 2, 4. 2. 6, 4. 2. 10, 4. 2. 13, 5. 3. 3, 10. 2. 9 apply, Spec 1 must be provided or applied in accordance with Specification E1D2. For the building, where AS 3660 Part 1; and 2014; and Termite management - New building work (incorporating amendment 1); and B1D4, F1D6; and 3. 4. 1, 3. 4. 2 apply, the relevant requirement must be met in accordance with Specification E1D2. For the building, where AS 3660 Part 3; and 2014; and Termite management - Assessment criteria for termite management systems; and 3. 4. 2 apply, the relevant requirement must be met in accordance with Specification E1D2. For the building, where AS/NZS 3666 Part 1; and 2011; and Air-handling and water systems of buildings - Microbial control - Design, installation and commissioning; and F4D10, F6D6 apply, the relevant requirement must be met in accordance with Specification E1D2. For the building, where AS 3700; and 2018; and Masonry structures; and B1D4, F3D5, Spec 1, Spec 2; and H1D5, H2D4, Spec 1, Spec 2; and 5. 3. 3, 5. 4. 2, 5. 6. 3, 6. 3. 6, 10. 2. 9, 10. 2. 19, 10. 2. 20, 12. 4. 3 apply, Spec 1, Spec 2 must be provided or applied in accordance with Specification E1D2. For the building, where AS 3740; and 2021; and Waterproofing of domestic wet areas; and F2D2; and H4D2, H4D3; and 10. 2. 20 apply, the relevant requirement must be met in accordance with Specification E1D2. For the building, where AS 3786; and 2014; and Smoke alarms using scattered light, transmitted light or ionization (incorporating amendment 1 and 2) (See Note 5); and Spec 20; and 9. 5. 1 apply, the relevant requirement must be met in accordance with Specification E1D2. For the building, where AS/NZS 3823 Part 1. 2; and 2012; and Performance of electrical appliances - Air conditioners and heat pumps - Ducted air conditioners and air-to-air heat pumps - Testing and rating for performance; and Spec 33, J6D12 apply, the relevant requirement must be met in accordance with Specification E1D2.",1,1,"","","NCC 2022 Vol3","",0,"","","false","","NCC2022_Volume3_Tables_ClauseStyle.txt","2022"
"Vol3","E1","E","Table E1D2_24","table","Table E1D2_24","For the building, where AS 3959; and 2018; and Construction of buildings in bushfire-prone areas (incorporating amendments 1 and 2); and C2D14, F8D5, G5D2, G5D3, Spec 43; and H7D4; and 10. 8. 3 apply, B1D4, B2D10, B3D4, C1D4, C2D5 must be provided or applied in accordance with Specification E1D2. For the building, where AS/NZS 4020; and 2018; and Testing of products for use in contact with drinking water (See Note 6); and A5G4; and A5G4 apply, A5G4 must be provided or applied in accordance with Specification E1D2. For the building, where AS 4055; and 2021; and Wind loads for housing; and Schedule 1; and H1D6, H1D8, Schedule 1; and 2. 2. 3, Schedule 1 apply, Schedule 1 must be provided or applied in accordance with Specification E1D2. For the building, where AS 4072 Part 1; and 2005; and Components for the protection of openings in fire-resistant separating elements - Service penetrations and control joints (incorporating amendment 1); and C4D15, C4D16; and 9. 3. 2 apply, the relevant requirement must be met in accordance with Specification E1D2. For the building, where AS 4100; and 2020; and Steel structures; and B1D4, Spec 1; and H1D6, Spec 1; and 4. 2. 13, 5. 6. 7 apply, Spec 1 must be provided or applied in accordance with Specification E1D2. For the building, where AS 4200 Part 1; and 2017; and Pliable building membranes and underlays - Materials (incorporating amendment 1); and F3D3, F8D3, Spec 36, Schedule 1; and Schedule 1; and 7. 3. 4, 7. 5. 2, 7. 5. 8, 10. 8. 1, Schedule 1 apply, Schedule 1 must be provided or applied in accordance with Specification E1D2. For the building, where AS 4200 Part 2; and 2017; and Pliable building membranes and underlays - Installation requirements (incorporating amendments 1 and 2); and F3D3, F8D3; and 10. 8. 1 apply, the relevant requirement must be met in accordance with Specification E1D2. For the building, where AS/NZS 4234; and 2021; and Heated water systems - Calculation of energy consumption; and Spec 45 apply, B2D2 must be provided or applied in accordance with Specification E1D2. For the building, where AS 4254 Part 1; and 2021; and Ductwork for air-handling systems in buildings - Flexible duct; and Spec 7, J6D7; and H3D2; and 13. 7. 4 apply, the relevant requirement must be met in accordance with Specification E1D2. For the building, where AS 4254 Part 2; and 2012; and Ductwork for air-handling systems in buildings - Rigid duct; and Spec 7, J6D5, J6D7; and 13. 7. 4 apply, the relevant requirement must be met in accordance with Specification E1D2. For the building, where AS/NZS 4284; and 2008; and Testing of building facades; and F3V1; and H2V1 apply, the relevant requirement must be met in accordance with Specification E1D2. For the building, where AS/NZS 4505; and 2012; and Garage doors and other large access doors (incorporating amendment 1); and B1D4; and 2. 2. 4 apply, the relevant requirement must be met in accordance with Specification E1D2. For the building, where AS 4552; and 2005; and Gas fired water heaters for hot water supply and/or central heating apply, B2D2 must be provided or applied in accordance with Specification E1D2. For the building, where AS 4586; and 2013; and Slip resistance classification of new pedestrian surface materials (incorporating amendment 1) (See Note 7); and D3D11, D3D14, D3D15. Spec 27; and 11. 2. 4 apply, the relevant requirement must be met in accordance with Specification E1D2. For the building, where AS 4597; and 1999; and Installation of roof slates and shingles (Non- interlocking type); and B1D4, F3D2; and H1D7 apply, the relevant requirement must be met in accordance with Specification E1D2. For the building, where AS/NZS 4600; and 2018; and Cold-formed steel structures; and B1D4, Spec 1; and H1D6, Spec 1; and 5. 3. 3, 6. 3. 6 apply, Spec 1 must be provided or applied in accordance with Specification E1D2.",1,1,"","","NCC 2022 Vol3","",0,"","","false","","NCC2022_Volume3_Tables_ClauseStyle.txt","2022"
"Vol3","E1","E","Table E1D2_25","table","Table E1D2_25","For the building, where AS 4654 Part 1; and 2012; and Waterproofing membranes for external above-ground use - Materials; and F1D5; and H2D8 apply, the relevant requirement must be met in accordance with Specification E1D2. For the building, where AS 4654 Part 2; and 2012; and Waterproofing membranes for external above-ground use - Design and installation; and C2D14, F1D4, F1D5; and H2D8 apply, the relevant requirement must be met in accordance with Specification E1D2. For the building, where AS 4678; and 2002; and Earth-retaining structures; and H1D3 apply, the relevant requirement must be met in accordance with Specification E1D2. For the building, where AS 4773 Part 1; and 2015; and Masonry in small buildings - Design (incorporating amendment 1); and H1D5, H2D4; and 5. 6. 3, 12. 4. 3 apply, the relevant requirement must be met in accordance with Specification E1D2. For the building, where AS 4773 Part 2; and 2015; and Masonry in small buildings - Construction (incorporating amendment 1); and H1D5, H2D4; and 5. 6. 3, 12. 4. 3 apply, the relevant requirement must be met in accordance with Specification E1D2. For the building, where AS/NZS 4859 Part 1; and 2018; and Thermal insulation materials for buildings - General criteria and technical provisions; and J4D3, J6D6, J6D9; and 13. 2. 2, 13. 7. 2, 13. 7. 4 apply, the relevant requirement must be met in accordance with Specification E1D2. For the building, where AS/NZS 4859 Part 2; and 2018; and Thermal insulation materials for buildings - Design; and J3D8, J4D3, Spec 36, Spec 37; and 13. 2. 5, 13. 2. 6 apply, the relevant requirement must be met in accordance with Specification E1D2. For the building, where AS/NZS 4858; and 2004; and Wet area membranes; and 10. 2. 8 apply, the relevant requirement must be met in accordance with Specification E1D2. For Classification of external walls of buildings based on reaction-to-fire performance (incorporating amendment 1), where AS 5113; and 2016; and Classification of external walls of buildings based on reaction-to-fire performance (incorporating amendment 1); and C1V3 apply, the relevant requirement must be met in accordance with Specification E1D2. For the building, where AS 5146 Part 1; and 2015; and Reinforced autoclaved aerated concrete - Structures (incorporating amendment 1); and B1D4; and H1D7 apply, the relevant requirement must be met in accordance with Specification E1D2. For the building, where AS 5146 Part 3; and 2018; and Reinforced autoclaved aerated concrete - Construction; and B1D4, F3D5 apply, the relevant requirement must be met in accordance with Specification E1D2. For the building, where AS 5216; and 2021; and Design of post-installed and cast-in fastenings in concrete; and B1D4; and 2. 2. 4 apply, the relevant requirement must be met in accordance with Specification E1D2. For the building, where AS/NZS 5601 Part 1; and 2013; and Gas installations - General installations; and J1V4; and H6V3 apply, the relevant requirement must be met in accordance with Specification E1D2. For the building, where AS 5637 Part 1; and 2015; and Determination of fire hazard properties - Wall and ceiling linings; and Spec 7, Schedule 1; and Schedule 1; and Schedule 1 apply, Schedule 1 must be provided or applied in accordance with Specification E1D2. For the building, where AS ISO 9239 Part 1; and 2003; and Reaction to fire tests for floorings - Determination of the burning behaviour using a radiant heat source; and Schedule 1; and Schedule 1; and Schedule 1 apply, Schedule 1 must be provided or applied in accordance with Specification E1D2. For the building, where AS/NZS ISO 9972; and 2015; and Thermal performance of buildings - Determination of air permeability of buildings - Fan pressurization method; and J1V4; and H6V3 apply, the relevant requirement must be met in accordance with Specification E1D2. For the building, where AIRAH-DA07; and 2021; and Criteria for moisture control design analysis in buildings; and F8V1; and H4V5 apply, the relevant requirement must be met in accordance with Specification E1D2.",1,1,"","","NCC 2022 Vol3","",0,"","","false","","NCC2022_Volume3_Tables_ClauseStyle.txt","2022"
"Vol3","E1","E","Table E1D2_26","table","Table E1D2_26","For the building, where AIRAH-DA09; and 1998; and Air conditioning load estimation; and Spec 35 apply, the relevant requirement must be met in accordance with Specification E1D2. For the building, where AIRAH-DA28; and 2011; and Building management and control systems; and Spec 34 apply, the relevant requirement must be met in accordance with Specification E1D2. For the building, where ANSI/ASHRAE Standard 55; and 2013; and Thermal environmental conditions for human occupancy; and Schedule 1; and Schedule 1; and Schedule 1 apply, Schedule 1 must be provided or applied in accordance with Specification E1D2. For the building, where ANSI/ASHRAE Standard 140; and 2007; and Standard method of test for the evaluation of building energy analysis computer programs; and J1V1, J1V2, J1V3, J1V5; and H6V2 apply, the relevant requirement must be met in accordance with Specification E1D2. For the building, where ASTM E2073-10; and 2010; and Standard Test Method for Photopic Luminance of Photoluminescent (Phosphorescent) Markings; and Spec 25 apply, the relevant requirement must be met in accordance with Specification E1D2. For the building, where ASTM E72-15; and 2015; and Standard Test Methods of Conducting Strength Tests of Panels for Building Construction; and Spec 6 apply, the relevant requirement must be met in accordance with Specification E1D2. For the building, where ASTM E695-03; and 2003; and Standard Test Method of Measuring Relative Resistance of Wall, Floor and Roof Construction to Impact Loading; and Spec 6 apply, the relevant requirement must be met in accordance with Specification E1D2. For the building, where ASTM E96; and 2016; and Standard Test Methods for Water Vapor Transmission of Materials; and Schedule 1; and Schedule 1; and Schedule 1 apply, Schedule 1 must be provided or applied in accordance with Specification E1D2. For the building, where AHRI 460; and 2005; and Performance rating of remote mechanical- draft air-cooled refrigerant condensers; and J6D13 apply, the relevant requirement must be met in accordance with Specification E1D2. For the building, where AHRI 551/591; and 2015; and Performance rating of water-chilling and heat pump water-heating packages using the vapor compression cycle.; and Spec 33, J6D11 apply, the relevant requirement must be met in accordance with Specification E1D2. For the building, where ABCB; and 2022; and Fire Safety Verification Method; and C1V4 apply, the relevant requirement must be met in accordance with Specification E1D2. For the building, where ABCB; and 2022; and Housing Provisions Standard; and Throughout; and Throughout apply, the relevant requirement must be met in accordance with Specification E1D2. For the building, where ABCB; and 2022; and Livable Housing Design; and G7D2; and H4D3, H8D2; and 3. 3. 3, 11. 2. 3 apply, the relevant requirement must be met in accordance with Specification E1D2. For the building, where ABCB; and 2011; and Protocol for Structural Software, Version 2011. 2; and B1D5; and H1D6; and 2. 2. 5 apply, the relevant requirement must be met in accordance with Specification E1D2. For the building, where ABCB; and 2012; and Standard for Construction of Buildings in Flood Hazard Areas, Version 2012. 3; and B1D6; and H1D10 apply, the relevant requirement must be met in accordance with Specification E1D2. For the building, where ABCB; and 2022; and Standard for NatHERS Heating and Cooling Load Limits, Version 2022. 1; and J3D3; and Spec 42 apply, the relevant requirement must be met in accordance with Specification E1D2. For the building, where ABCB; and 2022; and Standard for Whole-of-Home Efficiency Factors; and J3D14; and 13. 6. 2 apply, the relevant requirement must be met in accordance with Specification E1D2. For the building, where CIBSE Guide A; and 2015; and Environmental design; and Spec 34, Spec 35, J4D3, J4D7 apply, the relevant requirement must be met in accordance with Specification E1D2.",1,1,"","","NCC 2022 Vol3","",0,"","","false","","NCC2022_Volume3_Tables_ClauseStyle.txt","2022"
"Vol3","E1","E","Table E1D2_27","table","Table E1D2_27","For the building, where 2002; and Disability Standards for Accessible Public Transport; and F4D12, I2D1 apply, the relevant requirement must be met in accordance with Specification E1D2. For the building, where 2010; and Education and Care Services National Law Act (Vic); and Schedule 1; and Schedule 1; and Schedule 1 apply, Schedule 1 must be provided or applied in accordance with Specification E1D2. For the building, where European Union Commission Regulation 547/2012; and 2012; and Eco-design requirements for water pumps; and J6D8 apply, the relevant requirement must be met in accordance with Specification E1D2. For the building, where European Union Commission Regulation 622/Annexx II, point 2; and 2012; and Eco-design requirements for glandless standalone circulators and glandless circulators integrated in products; and J6D8 apply, the relevant requirement must be met in accordance with Specification E1D2. For the building, where FPAA101D; and 2021; and Automatic Fire Sprinkler System Design and Installation - Drinking Water Supply; and C1V3, C2D6, C2D13, C3D2, C3D7, C3D8, C4D6, C4D7, C4D8, C4D9, C4D12, Spec 5, Spec 7, D2D4, D2D17, D3D26, D3D30, E2D8, E2D9, E2D13, E2D14, E2D15, E2D16, E2D17, E2D19, E2D20, Spec 17, Spec 18, Spec 20, G3D1, G3D6, Spec 31, I1D2, Schedule 1; and Schedule 1; and Schedule 1 apply, B4D3, Schedule 1, B1D5 must be provided or applied in accordance with Specification E1D2.",1,1,"","","NCC 2022 Vol3","",0,"","","false","","NCC2022_Volume3_Tables_ClauseStyle.txt","2022"
"Vol3","E1","E","Table E1D2_28","table","Table E1D2_28","For the building, where FPAA101H; and 2018; and Automatic Fire Sprinkler System Design and Installation - Hydrant Water Supply (incorporating amendment 1); and C1V3, C2D6, C2D13, C3D2, C3D7, C3D8, Spec 5, Spec 7, Spec 17, Spec 18, E2D8, E2D9, E2D13, E2D14, E2D15, E2D16, E2D17, E2D19, E2D20, Spec 20, G3D1, G3D6, Spec 31, I1D2 apply, B4D3 must be provided or applied in accordance with Specification E1D2. For the building, where ISO 140 Part 6; and 1998E; and Acoustics - Measurement of sound insulation in buildings and of building elements - Laboratory measurements of impact sound insulation of floors; and Spec 29 apply, the relevant requirement must be met in accordance with Specification E1D2. For the building, where ISO 540; and 2008; and Hard coal and coke - Determination of ash fusibility; and Spec 13 apply, the relevant requirement must be met in accordance with Specification E1D2. For the building, where ISO 8336; and 1993E; and Fibre-cement flat sheets; and Schedule 1; and Schedule 1; and 7. 5. 3, 7. 5. 4, 7. 5. 5, Schedule 1 apply, Schedule 1 must be provided or applied in accordance with Specification E1D2. For the building, where ISO 25745 Part 2; and 2015; and Energy performance of lifts, escalators and moving walks: Energy calculation and classification for lifts (elevators); and J7D8 apply, the relevant requirement must be met in accordance with Specification E1D2. For the building, where NASH Standard; and 2021; and Steel Framed Construction in Bushfire Areas; and H7D4 apply, the relevant requirement must be met in accordance with Specification E1D2. For the building, where NASH Standard Part 1; and 2005; and Residential and Low Rise Steel Framing - Design Criteria (incorporating amendments A, B and C); and B1D4; and H1D6 apply, the relevant requirement must be met in accordance with Specification E1D2. For the building, where NASH Standard Part 2; and 2014; and Residential and Low Rise Steel Framing - Design Solutions (incorporating amendment A); and B1D4, B1D5, F1D8; and H1D6; and 2. 2. 5, 6. 2. 1, 6. 3. 6, 7. 5. 2, 7. 5. 3, 7. 5. 4, 10. 2. 19, 10. 2. 20 apply, the relevant requirement must be met in accordance with Specification E1D2. For the building, where NSF/ ANSI/ CAN 372; and 2020; and Drinking Water System Components - Lead Content; and A5G4; and A5G4 apply, A5G4 must be provided or applied in accordance with Specification E1D2. For the building, where Northern Territory Deemed to Comply Standards Manual; and 2. 2. 4 apply, the relevant requirement must be met in accordance with Specification E1D2. For the building, where SATS 5344; and 2019; and Permanent labelling for Aluminium Composite Panel(ACP) products; and A5G8; and A5G8 apply, A5G8 must be provided or applied in accordance with Specification E1D2. For the building, where TN 61; and Cement Concrete and Aggregates Australia - Technical note - Articulated walling; and H1D4 apply, the relevant requirement must be met in accordance with Specification E1D2.",1,1,"","","NCC 2022 Vol3","",0,"","","false","","NCC2022_Volume3_Tables_ClauseStyle.txt","2022"
"Vol3","E1","E","Table E1D2_29","table","Table E1D2_29","For the building, where WMK NOD 2021/4. 2; and 2021; and Water Mark Notice of Direction 2021/4. 2 Certification transition arrangements for lead free plumbing products; and A5G4; and A5G4 apply, A5G4 must be provided or applied in accordance with Specification E1D2.",1,1,"","","NCC 2022 Vol3","",0,"","","false","","NCC2022_Volume3_Tables_ClauseStyle.txt","2022"
"Vol3","E1","E","Table E1D2_33","table","Table E1D2_33","For the building, where Section B applies, Water services Part B1 NSW B1D3 Part B2 NSW B2D2 NSW B2D5 NSW B2D6 Part B3 NSW B3D3 Part B5 NSW B5D6 NSW B5D7 must be provided or applied in accordance with Specification E1D2. For the building, where NSW Part B4 applies, Fire-fighting water services must be provided or applied in accordance with Specification E1D2. For the building, where Section C applies, Sanitary plumbing and drainage systems Part C2 Sanitary drainage systems NSW C2D4 General requirements must be provided or applied in accordance with Specification E1D2. For the building, where NSW Part C3 applies, On-site wastewater management must be provided or applied in accordance with Specification E1D2. For the building, where Schedule 1 applies, Definitions must be provided or applied in accordance with Specification E1D2. For the building, where Schedule 2 applies, Referenced documents must be provided or applied in accordance with Specification E1D2.",1,1,"","","NCC 2022 Vol3","",0,"","","false","","NCC2022_Volume3_Tables_ClauseStyle.txt","2022"
"Vol3","C2","C","Table NSW C2D4_5","table","Table NSW C2D4_5","For the building, where NSW Legislation; and 2018; and Swimming Pools Regulation; and NSW G1P2, NSW G1D2; and NSW H7P1, NSW H7D2 apply, the relevant requirement must be met in accordance with Specification NSW C2D4. For the building, where NSW Legislation; and 2011; and Work Health and Safety Act; and NSW G1D5 apply, the relevant requirement must be met in accordance with Specification NSW C2D4.",1,1,"","","NCC 2022 Vol3","",0,"","","false","","NCC2022_Volume3_Tables_ClauseStyle.txt","2022"
"Vol3","D1","D","Table NT D1D3_4","table","Table NT D1D3_4","For the building, where Section B applies, Water services Part B1B1D2 Part B2 QLD B2P7 QLD B2D2 must be provided or applied in accordance with Specification NT D1D3. For the building, where QLD Part B4 applies, Fire-fighting water services must be provided or applied in accordance with Specification NT D1D3. For the building, where Schedule 1 applies, Definitions must be provided or applied in accordance with Specification NT D1D3. For the building, where Schedule 2 applies, Referenced documents must be provided or applied in accordance with Specification NT D1D3.",1,1,"","","NCC 2022 Vol3","",0,"","","false","","NCC2022_Volume3_Tables_ClauseStyle.txt","2022"
"Vol3","B2","B","Table QLD B2D2_6","table","Table QLD B2D2_6","For the building, where Section B; and Water services apply, the relevant requirement must be met in accordance with Specification QLD B2D2. For the building, where Part B2 SA B2D2 SA B2D5 SA B2D9 Part B5 SA B5D6 Part B6 SA B6D2 applies, Heated water services Water heater in a heated water supply system Maximum delivery temperature General requirements Cross-connection control Rainwater Rainwater services General requirements must be provided or applied in accordance with Specification QLD B2D2.",1,1,"","","NCC 2022 Vol3","",0,"","","false","","NCC2022_Volume3_Tables_ClauseStyle.txt","2022"
"Vol3","B2","B","Table QLD B2D2_7","table","Table QLD B2D2_7","For the building, where Schedule 1; and Definitions apply, the relevant requirement must be met in accordance with Specification QLD B2D2.",1,1,"","","NCC 2022 Vol3","",0,"","","false","","NCC2022_Volume3_Tables_ClauseStyle.txt","2022"
"Vol3","B2","B","Table B2D2","table","Table B2D2","For the building, where 2022; and 34 in zone 3* and/or 32 in zone 4; and 24 in zone 3 and/or 23 in zone 4 apply, 15 in zone 3 and/or 14 in zone 4 must be provided or applied in accordance with Specification SA B2D2.",1,1,"","","NCC 2022 Vol3","",0,"","","false","","NCC2022_Volume3_Tables_ClauseStyle.txt","2022"
"Vol3","B2","B","Table SA B2D2_2","table","Table SA B2D2_2","For the building, where 2023; and 30 in zone 3 and/or 28 in zone 4; and 21 in zone 3 and/or 20 in zone 4 apply, 13 in zone 3 and/or 12 in zone 4 must be provided or applied in accordance with Specification SA B2D2. For the building, where 2024; and 26 in zone 3 and/or 25 in zone 4; and 18 in zone 3 and/or 18 in zone 4 apply, 11 in zone 3 and/or 11 in zone 4 must be provided or applied in accordance with Specification SA B2D2. For the building, where 2025; and 22 in zone 3 and/or 21 in zone 4; and 16 in zone 3 and/or 15 in zone 4 apply, 10 in zone 3 and/or 9 in zone 4 must be provided or applied in accordance with Specification SA B2D2.",1,1,"","","NCC 2022 Vol3","",0,"","","false","","NCC2022_Volume3_Tables_ClauseStyle.txt","2022"
"Vol3","C3","C","Table SA C3D7_2","table","Table SA C3D7_2","For the building, where Group A; and Buildings used for keeping, growing and/or harvesting of animals and/or plants, and includes greenhouses with rigid covering material and large implement/vehicle storage sheds.; and 5. 000 m2 apply, 30. 000 m3 must be provided or applied in accordance with Specification SA C3D7. For the building, where Group B; and Buildings used for packing, sorting and/or storage of produce and may include workshops.; and 2. 000 m2 apply, 12. 000 m3 must be provided or applied in accordance with Specification SA C3D7. For the building, where Group C; and Greenhouses with non-rigid, plastic or fabric covering material.; and 5. 000 m2 apply, 30. 000 m3 must be provided or applied in accordance with Specification SA C3D7.",1,1,"","","NCC 2022 Vol3","",0,"","","false","","NCC2022_Volume3_Tables_ClauseStyle.txt","2022"
"Vol3","C3","C","Table SA C3D7_6","table","Table SA C3D7_6","For the building, where Section B applies, Water services Part B1 TAS B1P5 TAS B1D3 TAS B1D7 Part B2 TAS B2P9 TAS B2D2 TAS B2D6 Part B7 TAS B7D2 must be provided or applied in accordance with Specification SA C3D7. For the building, where Section C applies, Sanitary plumbing and drainage systems Sanitary drainage systems General requirements Venting requirements On-site wastewater management General requirements Land application systems must be provided or applied in accordance with Specification SA C3D7. For the building, where TAS Part C4 applies, On-site liquid trade waste systems Performance Requirements TAS C4P1 Health, environment and amenity protection TAS C4P2 Transferal of liquid trade waste TAS C4P3 Design, construction and installation Deemed-to-Satisfy Provisions TAS C4D1 Application TAS C4D2 General requirements TAS C4D3 Location TAS C4D4 Covers TAS C4D5 Materials TAS C4D6 Ventilation TAS C4D7 Connections TAS C4D8 Silt pits TAS C4D9 Silt traps TAS C4D10 Straining pits must be provided or applied in accordance with Specification SA C3D7.",1,1,"","","NCC 2022 Vol3","",0,"","","false","","NCC2022_Volume3_Tables_ClauseStyle.txt","2022"
"Vol3","C3","C","Table SA C3D7_7","table","Table SA C3D7_7","For the building, where TAS Part E3 applies, TAS E2D2 General requirements Stormwater - Roof drainage systems Objectives TAS E3O1 Objective Functional Statements TAS E3F1 Functional statements Performance Requirements TAS E3P1 Roof drainage systems TAS E3P2 Overflow TAS E3P3 Watertightness TAS E3P4 Design, construction and installation Deemed-to-Satisfy Provisions TAS E3D1 Application TAS E3D2 General requirements must be provided or applied in accordance with Specification SA C3D7. For the building, where TAS Part E4 applies, TAS E3D3 Roofing of liquid trade waste generation areas Stormwater surface and sub-surface drainage systems Objectives TAS E4O1 Objective Functional Statements TAS E4F1 Functional statements Performance Requirements TAS E4P1 Surface drainage systems TAS E4P2 Subsurface drainage must be provided or applied in accordance with Specification SA C3D7.",1,1,"","","NCC 2022 Vol3","",0,"","","false","","NCC2022_Volume3_Tables_ClauseStyle.txt","2022"
"Vol3","C3","C","Table TAS E4D3_5","table","Table TAS E4D3_5","For the building, where AS/NZS 3000; and 2018; and Electrical installations (known as the Australian/New Zealand Wiring Rules); and TAS I16D6 apply, the relevant requirement must be met in accordance with Specification TAS E4D3. For the building, where AS 4464; and 2007; and Hygienic production of game meat for human consumption; and TAS I6D2 apply, the relevant requirement must be met in accordance with Specification TAS E4D3. For the building, where AS 4465; and 2006; and Construction of premises and hygienic production of poultry meat for human consumption; and TAS I6D2 apply, the relevant requirement must be met in accordance with Specification TAS E4D3. For the building, where AS 4466; and 1998; and Hygienic production of rabbit meat for human consumption; and TAS I6D2 apply, the relevant requirement must be met in accordance with Specification TAS E4D3. For the building, where AS 4674; and 2004; and Design, construction and fit-out of food premises (Clauses 4. 2 and 4. 3); and TAS I4D9, TAS I4D13 apply, the relevant requirement must be met in accordance with Specification TAS E4D3. For the building, where AS 4696; and 2007; and Hygienic production and transportation of meat and meat products for human consumption; and TAS I6D2 apply, the relevant requirement must be met in accordance with Specification TAS E4D3. For the building, where AS 5008; and 2007; and Hygienic rendering of animal products; and TAS I6D2 apply, the relevant requirement must be met in accordance with Specification TAS E4D3. For the building, where AS 5010; and 2001; and Hygienic production of ratite (emu/ostrich) meat for human consumption; and TAS I6D2 apply, the relevant requirement must be met in accordance with Specification TAS E4D3. For the building, where AS 5011; and 2001; and Hygienic production of natural casings for human consumption; and TAS I6D2 apply, the relevant requirement must be met in accordance with Specification TAS E4D3. For the building, where ABCB; and Temporary Structures Standard; and TAS I16D2 apply, the relevant requirement must be met in accordance with Specification TAS E4D3.",1,1,"","","NCC 2022 Vol3","",0,"","","false","","NCC2022_Volume3_Tables_ClauseStyle.txt","2022"
"Vol3","C3","C","Table TAS E4D3_6","table","Table TAS E4D3_6","For the building, where Australasian Health Facility Guidelines; and TAS I9D2 apply, the relevant requirement must be met in accordance with Specification TAS E4D3. For the building, where BCA 2019 Amendment 1; and 2019; and Building Code of Australia; and TAS Section J; and TAS Part H6 apply, TAS Section 13 must be provided or applied in accordance with Specification TAS E4D3. For Class 4, where Centre Based Care Class 4 Standards; and Tasmanian Licencing Standards for Centre Based Child Care Class 4; and TAS Schedule 1; and TAS Schedule 1 apply, TAS Schedule 1 must be provided or applied in accordance with Specification TAS E4D3. For Class 5, where Centre Based Care Class 5 Standards; and Tasmanian Licencing Standards for Centre Based Child Care Class 5 (0-12 years); and TAS Schedule 1; and TAS Schedule 1 apply, TAS Schedule 1 must be provided or applied in accordance with Specification TAS E4D3. For the building, where Child Care Act; and 2001; and TAS I16P1, TAS I16P2, TAS I16P3, TAS I16D1, TAS Schedule 1; and TAS Schedule 1 apply, TAS Schedule 1 must be provided or applied in accordance with Specification TAS E4D3. For the building, where Condensation in Buildings Tasmanian Designers Guide; and TAS F8P1; and TAS H4D9 apply, the relevant requirement must be met in accordance with Specification TAS E4D3. For the building, where Dairy Industry Act; and 1994; and TAS I4P1, TAS I4D1, TAS I7D1 apply, the relevant requirement must be met in accordance with Specification TAS E4D3. For the building, where Disability (Access to Premises - Buildings) Standards; and 2010; and TAS D4D14 apply, the relevant requirement must be met in accordance with Specification TAS E4D3. For the building, where Disability Discrimination Act (Cth); and 1992; and TAS D1P10 apply, the relevant requirement must be met in accordance with Specification TAS E4D3. For the building, where Early Childhood Centre and School Age Care Facilities Code; and TAS I5D2 apply, the relevant requirement must be met in accordance with Specification TAS E4D3. For the building, where Education and Care Services National Law (Application) Act; and 2011; and TAS I16P1, TAS I16P2, TAS I16P3, TAS I16D1, TAS Schedule 1; and TAS Schedule 1 apply, the relevant requirement must be met in accordance with Specification TAS E4D3. For the building, where Export Control (Milk and Diary) Orders; and TAS I4D17 apply, the relevant requirement must be met in accordance with Specification TAS E4D3. For the building, where Health Service Establishments Act; and 2006; and TAS I9D1 apply, the relevant requirement must be met in accordance with Specification TAS E4D3. For the building, where Hygienic Production of Pet Meat; and Technical Report 88; and TAS I6D2 apply, the relevant requirement must be met in accordance with Specification TAS E4D3.",1,1,"","","NCC 2022 Vol3","",0,"","","false","","NCC2022_Volume3_Tables_ClauseStyle.txt","2022"
"Vol3","C3","C","Table TAS E4D3_7","table","Table TAS E4D3_7","For the building, where Liquor Licensing Act; and 1990; and TAS I4P1, TAS I4D1, TAS I5D1 apply, the relevant requirement must be met in accordance with Specification TAS E4D3. For the building, where Primary Produce Safety Act; and 2011; and TAS I4P1, TAS I4D1, TAS I4D16 apply, the relevant requirement must be met in accordance with Specification TAS E4D3. For the building, where Water and Sewerage Industry Act; and 2008; and TAS I4D3 apply, the relevant requirement must be met in accordance with Specification TAS E4D3.",1,1,"","","NCC 2022 Vol3","",0,"","","false","","NCC2022_Volume3_Tables_ClauseStyle.txt","2022"
"Vol3","C3","C","Table TAS E4D3_9","table","Table TAS E4D3_9","For the building, where Section B applies, Water services Part B1 VIC B1D3 Part B2B2P3B2P4B2P7B2D2 VIC B2D5 VIC B2D6 Part B3B3P3 VIC B3D3 Part B4B4P2 VIC B4D2 Part B6 VIC B6P7B6D1 VIC B6D2 Part B7B7P1 VIC B7P4B7D1 VIC B7D3 VIC B7D4 Specification 41 S41C3S41C4 VIC S41C6 must be provided or applied in accordance with Specification TAS E4D3. For the building, where Section C applies, Sanitary plumbing and drainage systems Sanitary plumbing systems General requirements Sanitary drainage systems No point of connection Pressure testing General requirements On-site wastewater management must be provided or applied in accordance with Specification TAS E4D3.",1,1,"","","NCC 2022 Vol3","",0,"","","false","","NCC2022_Volume3_Tables_ClauseStyle.txt","2022"
"Vol3","D1","E","Table VIC E4D2_6","table","Table VIC E4D2_6","For the building, where AS 1668. 2; and 2012; and The use of ventilation and air conditioning in buildings: Mechanical ventilation in buildings apply, VIC E2D2 must be provided or applied in accordance with Specification VIC E4D2. For the building, where AS 1851; and 2012; and Routine service of fire protection systems and equipment apply, VIC B4D2 must be provided or applied in accordance with Specification VIC E4D2. For the building, where AS 1926. 1; and 2012; and Swimming pool safety, Part 1: Safety barriers for swimming pools; and VIC G1D2 apply, the relevant requirement must be met in accordance with Specification VIC E4D2. For the building, where AS 1926. 2; and 2007; and Swimming pool safety, Part 2: Location of safety barriers for swimming pools (incorporating amendments 1 and 2); and VIC G1D2 apply, the relevant requirement must be met in accordance with Specification VIC E4D2. For the building, where AS 2118. 1; and 2017; and Automatic fire sprinkler systems, Part 1: General systems (incorporating amendment 1); and VIC S17C2, VIC S18C3 apply, VIC B1D5, VIC B4D2 must be provided or applied in accordance with Specification VIC E4D2. For the building, where AS 2118. 2; and 2021; and Automatic fire sprinkler systems: Wall wetting sprinkler systems apply, VIC B4D2 must be provided or applied in accordance with Specification VIC E4D2. For the building, where AS 2118. 3; and 2010; and Automatic fire sprinkler systems: Deluge systems apply, VIC B4D2 must be provided or applied in accordance with Specification VIC E4D2. For the building, where AS 2118. 4; and 2012; and Automatic fire sprinkler systems, Part 4: Sprinkler protection for accommodation buildings not > four storeys in height; and VIC S17C2, VIC S18C3 apply, VIC B1D5, VIC B4D2 must be provided or applied in accordance with Specification VIC E4D2. For the building, where AS 2118. 5; and 2008; and Automatic fire sprinkler systems apply, VIC B1D5, VIC B4D2 must be provided or applied in accordance with Specification VIC E4D2. For the building, where AS 2118. 6; and 2012; and Automatic fire sprinkler systems, Part 6: Combined sprinkler and hydrant systems in multistorey buildings; and VIC S17C2 apply, the relevant requirement must be met in accordance with Specification VIC E4D2. For the building, where AS2118. 8; and 1997; and Automatic fire sprinkler systems: Minor modifications apply, VIC B4D2 must be provided or applied in accordance with Specification VIC E4D2.",1,1,"","","NCC 2022 Vol3","",0,"","","false","","NCC2022_Volume3_Tables_ClauseStyle.txt","2022"
"Vol3","D1","E","Table VIC E4D2_7","table","Table VIC E4D2_7","For the building, where AS 2118. 10; and 1995; and Automatic fire sprinkler systems: Approval documentation apply, VIC B4D2 must be provided or applied in accordance with Specification VIC E4D2. For the building, where AS 2473. 3; and 2007; and Valves for compressed gas cylinders apply, VIC E2D2 must be provided or applied in accordance with Specification VIC E4D2. For the building, where AS 2568; and 2019; and Purity of medical air produced from on- site compressor systems apply, VIC E2D2 must be provided or applied in accordance with Specification VIC E4D2. For the building, where AS 2896; and 2021; and Medical gas systems - Installation and testing of non- flammable medical gas pipeline systems apply, VIC E2D2 must be provided or applied in accordance with Specification VIC E4D2. For the building, where AS 2902; and 2005; and Medical gas systems - Low pressure flexible hose assemblies apply, VIC E2D2 must be provided or applied in accordance with Specification VIC E4D2. For the building, where AS/NZS 2918; and 2018; and Domestic solid fuel burning appliances - Installation apply, VIC E2D2 must be provided or applied in accordance with Specification VIC E4D2. For the building, where AS 2941; and 2013; and Fixed fire protection installations - Pumpset systems apply, VIC B4D2 must be provided or applied in accordance with Specification VIC E4D2. For the building, where AS/NZS 3500. 1; and 2021; and Plumbing and drainage: Water services apply, VIC B1D3, VIC B1D5, VIC B3D3, VIC B4D2, VIC B6D2, VIC B7D3, VIC B7D4, VIC E2D2 must be provided or applied in accordance with Specification VIC E4D2. For the building, where AS/NZS 3500. 2; and 2021; and Plumbing and drainage: Sanitary plumbing and drainage apply, VIC C1D3, VIC C2D4, VIC C4P1, VIC E2D2 must be provided or applied in accordance with Specification VIC E4D2. For the building, where AS/NZS 3500. 3; and 2021; and Plumbing and drainage: Stormwater drainage apply, VIC C5D2, VIC C6D2 must be provided or applied in accordance with Specification VIC E4D2. For the building, where AS/NZS 3500. 4; and 2021; and Plumbing and drainage: Heated water services apply, VIC E2D2, VIC B2D6 must be provided or applied in accordance with Specification VIC E4D2. For the building, where AS/NZS 3666. 1; and 2011; and Air handling and water systems of buildings - Microbial control: Design, installation and commissioning apply, VIC E2D2 must be provided or applied in accordance with Specification VIC E4D2.",1,1,"","","NCC 2022 Vol3","",0,"","","false","","NCC2022_Volume3_Tables_ClauseStyle.txt","2022"
"Vol3","D1","E","Table VIC E4D2_8","table","Table VIC E4D2_8","For the building, where AS/NZS 3666. 2; and 2011; and Air handling and water systems of buildings - Microbial control: Operation and maintenance apply, VIC E2D2 must be provided or applied in accordance with Specification VIC E4D2. For the building, where AS 4032. 3; and 2022; and Water supply - Valves for the control of heated water supply temperatures apply, VIC B2D6 must be provided or applied in accordance with Specification VIC E4D2. For the building, where AS 4041; and 2006; and Pressure piping apply, VIC E2D2 must be provided or applied in accordance with Specification VIC E4D2. For the building, where AS 4118. 1. 1; and 1996; and Fire sprinkler systems: Components - Sprinklers and sprayers apply, VIC B4D2 must be provided or applied in accordance with Specification VIC E4D2. For the building, where AS 4118. 1. 2; and 1996; and Fire sprinkler systems: Components - Alarm valves (wet) apply, VIC B4D2 must be provided or applied in accordance with Specification VIC E4D2. For the building, where AS 4118. 1. 3; and 1995; and Fire sprinkler systems: Components - Water motor alarms apply, VIC B4D2 must be provided or applied in accordance with Specification VIC E4D2. For the building, where AS 4118. 1. 4; and 1994; and Fire sprinkler systems: Components - Valve monitors apply, VIC B4D2 must be provided or applied in accordance with Specification VIC E4D2. For the building, where AS 4118. 1. 5; and 1996; and Fire sprinkler systems: Components - Deluge and pre- action valves apply, VIC B4D2 must be provided or applied in accordance with Specification VIC E4D2. For the building, where AS 4118. 1. 6; and 1995; and Fire sprinkler systems: Components - Stop valves and non- return valves apply, VIC B4D2 must be provided or applied in accordance with Specification VIC E4D2. For the building, where AS 4118. 1. 7; and 1996; and Fire sprinkler systems: Components - Alarm valves (dry) apply, VIC B4D2 must be provided or applied in accordance with Specification VIC E4D2. For the building, where AS 4118. 1. 8; and 1999; and Fire sprinkler systems: Components - Pressure reducing valves apply, VIC B4D2 must be provided or applied in accordance with Specification VIC E4D2. For the building, where AS 4254. 1; and 2021; and Ductwork for air- handling systems in buildings: Flexible duct apply, VIC E2D2 must be provided or applied in accordance with Specification VIC E4D2. For the building, where AS 4254. 2; and 2012; and Ductwork for air- handling systems in buildings: Rigid duct apply, VIC E2D2 must be provided or applied in accordance with Specification VIC E4D2.",1,1,"","","NCC 2022 Vol3","",0,"","","false","","NCC2022_Volume3_Tables_ClauseStyle.txt","2022"
"Vol3","D1","E","Table VIC E4D2_9","table","Table VIC E4D2_9","For the building, where AS 4426; and 1997; and Thermal insulation of pipework, ductwork and equipment - Selection, installation and finish apply, VIC E2D2 must be provided or applied in accordance with Specification VIC E4D2. For the building, where AS 4508; and 1999; and Thermal resistance of insulation for ductwork used in building air- conditioning apply, VIC E2D2 must be provided or applied in accordance with Specification VIC E4D2. For the building, where AS/NZS 4859. 1; and 2018; and Thermal insulation materials for buildings: General criteria and technical provisions apply, VIC E2D2 must be provided or applied in accordance with Specification VIC E4D2. For the building, where AS/NZS 5141; and 2018; and Residential heating and cooling systems - Minimum applications and requirements for energy efficiency, performance and comfort criteria apply, VIC E2D2 must be provided or applied in accordance with Specification VIC E4D2. For the building, where AS/NZS 5149. 1; and 2016; and Refrigerating systems and heat pumps - Safety and environmental requirements: Definitions, classification and selection criteria apply, VIC E2D2 must be provided or applied in accordance with Specification VIC E4D2. For the building, where AS/NZS 5149. 2; and 2016; and Refrigerating systems and heat pumps - Safety and environmental requirements: Design, construction, testing, marking and documentation apply, VIC E2D2 must be provided or applied in accordance with Specification VIC E4D2. For the building, where AS/NZS 5149. 3; and 2016; and Refrigerating systems and heat pumps - Safety and environmental requirements: Installation site apply, VIC E2D2 must be provided or applied in accordance with Specification VIC E4D2. For the building, where AS/NZS 5149. 4; and 2016; and Refrigerating systems and heat pumps - Safety and environmental requirements: Operation, maintenance, repair and recovery apply, VIC E2D2 must be provided or applied in accordance with Specification VIC E4D2. For the building, where AS/NZS 5601. 1; and 2022; and Gas installations: General installations apply, VIC E2D2 must be provided or applied in accordance with Specification VIC E4D2.",1,1,"","","NCC 2022 Vol3","",0,"","","false","","NCC2022_Volume3_Tables_ClauseStyle.txt","2022"
"Vol3","D1","E","Table VIC E4D2_10","table","Table VIC E4D2_10","For the building, where ABCB Standard for Construction of Buildings in Flood Hazard Areas, Version 2012. 3; and 2012; and Standard for Construction of Buildings in Flood Hazard Areas; and VIC B1D6 apply, the relevant requirement must be met in accordance with Specification VIC E4D2. For the building, where 2022; and Motorsport Australia Track Operators Guide For Motorsport Race Venues - version 1; and VIC I5D4 apply, the relevant requirement must be met in accordance with Specification VIC E4D2. For the building, where FPAA101D; and 2018; and Automatic Fire Sprinkler System Design and Installation- Drinking Water Supply; and VIC S17C2, VIC S18C3 apply, B1D5 must be provided or applied in accordance with Specification VIC E4D2. For the building, where FPAA101H; and 2018; and Automatic Sprinkler System Design- Hydrant Water Supply; and VIC S17C2, VIC S18C3 apply, B4D3 must be provided or applied in accordance with Specification VIC E4D2. For the building, where Building Practice Note FS-01; and Victorian Building Authority Practice Note FS-01; and VIC S20C8 apply, the relevant requirement must be met in accordance with Specification VIC E4D2. For the building, where SA HB 39; and 2015; and Metal roof and wall cladding installation apply, VIC E3D2 must be provided or applied in accordance with Specification VIC E4D2. For the building, where HB 276; and 2004; and A guide to good practice for energy efficient installation of residential heating, cooling and air conditioning plant and equipment apply, VIC E2D2 must be provided or applied in accordance with Specification VIC E4D2. For the building, where 2007; and Australian and New Zealand refrigerant handling code of practice 2007 Part 1 - Self-contained low charge systems apply, VIC E2D2 must be provided or applied in accordance with Specification VIC E4D2. For the building, where 2007; and Australian and New Zealand refrigerant handling code of practice 2007 Part 2 - Systems other than Self-contained low charge systems apply, VIC E2D2 must be provided or applied in accordance with Specification VIC E4D2. For the building, where 1993; and The Building Act 1993 (Victoria) apply, B6D2 must be provided or applied in accordance with Specification VIC E4D2. For the building, where 2018; and Plumbing Regulations; and VIC H6V1 apply, B2P7 must be provided or applied in accordance with Specification VIC E4D2.",1,1,"","","NCC 2022 Vol3","",0,"","","false","","NCC2022_Volume3_Tables_ClauseStyle.txt","2022"
"Vol3","C2","C","Table VIC C2D4_1","table","Table VIC C2D4_1","For the building, where C3P1 applies, Health impacts must be provided or applied in accordance with Specification C3P1.",1,1,"","","NCC 2022 Vol3","",0,"","","false","","NCC2022_Volume3_Tables_ClauseStyle.txt","2022"
"Vol3","D1","D","Table UNNUMBERED_2","table","Table UNNUMBERED_2","For the building, where Spec no.; and Title; and Vols. One, Two and Housing Provisions apply, Vol. Three must be provided or applied in accordance with Specification VIC E4D2. For Class 2 a, where 18; and Class 2 and 3 buildings   25 m in effective height; and E1D4; S17C2; S23C1; S23C3 apply, - must be provided or applied in accordance with Specification VIC E4D2. For the building, where 19; and Fire control centres; and E1D14 apply, - must be provided or applied in accordance with Specification VIC E4D2. For the building, where 20; and Smoke detection and alarm systems; and E2D3; E2D5; E2D7; E2D8; E2D9; E2D11; E2D13; E2D14; E2D15; E2D16; E2D17; E2D18; E2D19; E2D20; S5C19; S5C22; S17C8; S18C3; S21C7; S21C8; S22C3 apply, - must be provided or applied in accordance with Specification VIC E4D2. For the building, where 21; and Smoke exhaust systems; and C3D13; E2D10; E2D14; E2D15; E2D16; E2D17; E2D18; E2D19; E2D20; S20C6; S20C8 apply, - must be provided or applied in accordance with Specification VIC E4D2. For the building, where 22; and Smoke-and-heat vents; and E2D10; E2D14; E2D15; E2D16; E2D17; E2D18; E2D19; E2D20; S20C8 apply, - must be provided or applied in accordance with Specification VIC E4D2. For the building, where 23; and Residential fire safety systems; and S18C3; S18C4 apply, - must be provided or applied in accordance with Specification VIC E4D2. For the building, where 24; and Lift installations; and E3D2 apply, - must be provided or applied in accordance with Specification VIC E4D2. For the building, where 25; and Photoluminescent exit signs; and E4D8 apply, - must be provided or applied in accordance with Specification VIC E4D2. For the building, where 26; and Waterproofing and water resistance requirements for building elements in wet areas; and F1D6 apply, - must be provided or applied in accordance with Specification VIC E4D2. For the building, where 27; and Accessible adult change facilities; and F4D12; S15C1 apply, - must be provided or applied in accordance with Specification VIC E4D2. For the building, where 28; and Sound insulation for building elements; and F5D3; F5D4 apply, - must be provided or applied in accordance with Specification VIC E4D2. For the building, where 29; and Impact sound - Test of equivalence; and F5D4; S28C2 apply, - must be provided or applied in accordance with Specification VIC E4D2. For the building, where 30; and Installation of boilers and pressure vessels; and G2D2 apply, - must be provided or applied in accordance with Specification VIC E4D2. For the building, where 31; and Fire and smoke control in buildings containing atriums; and G3D4; G3D8; S14C2 apply, - must be provided or applied in accordance with Specification VIC E4D2. For the building, where 32; and Construction of proscenium walls; and C2D11; I1D3 apply, - must be provided or applied in accordance with Specification VIC E4D2. For the building, where 33; and Additional requirements; and J1V1; J1V2; J1V3; J1V5 apply, - must be provided or applied in accordance with Specification VIC E4D2. For the building, where 34; and Modelling parameters; and J1V3; S35C1 apply, - must be provided or applied in accordance with Specification VIC E4D2. For the building, where 35; and Modelling profiles; and S34C3 apply, - must be provided or applied in accordance with Specification VIC E4D2. For the building, where 36; and Material properties; and J4D3 apply, - must be provided or applied in accordance with Specification VIC E4D2. For the building, where 37; and Calculation of U-Value and solar admittance; and J3D9; J3D13; J4D3; J4D6 apply, - must be provided or applied in accordance with Specification VIC E4D2. For the building, where 38; and Spandrel panel thermal performance; and S37C3; S37C4 apply, - must be provided or applied in accordance with Specification VIC E4D2. For the building, where 39; and Sub-floor thermal performance; and J4D3 apply, - must be provided or applied in accordance with Specification VIC E4D2. For the building, where 40; and Lighting and power control devices; and J7D3; J7D4; J7D5; J7D6; J7D7 apply, - must be provided or applied in accordance with Specification VIC E4D2. For the building, where 41; and Cross-connection hazards; and - apply, B5D2; B5D3; B5D4 must be provided or applied in accordance with Specification VIC E4D2. For the building, where 42; and House energy rating software; and H6D2 apply, - must be provided or applied in accordance with Specification VIC E4D2. For Class 9 b, where 43; and Bushfire protection for certain Class 9 buildings; and G5D4 apply, - must be provided or applied in accordance with Specification VIC E4D2. For the building, where 44; and Calculation of heating load limit, cooling load limit and thermal energy load limit; and J1P2; H6P1 apply, - must be provided or applied in accordance with Specification VIC E4D2. For the building, where 45; and Modelling profiles for J1V5; and J1V5 apply, - must be provided or applied in accordance with Specification VIC E4D2.",1,1,"","","NCC 2022 Vol3","",0,"","","false","","NCC2022_Volume3_Tables_ClauseStyle.txt","2022"
"Vol3","D1","D","Table UNNUMBERED_5","table","Table UNNUMBERED_5","For the building, where B1P2 applies, The existing clause has been amended and now contains a quantified level of performance for pipework water velocity must be provided or applied in accordance with Specification B2D2. For the building, where B1P3 applies, The existing clause has been amended as a standalone Performance Requirement for Access and isolation as a consequence of new quantified Performance Requirements B1P2, B1P4 and B1P5 must be provided or applied in accordance with Specification B2D2. For the building, where B1P4 applies, The existing clause has been amended and now contains quantified levels of performance for water efficiency must be provided or applied in accordance with Specification B2D2. For the building, where B1P5 applies, The existing clause has been amended and now contains quantified levels of performance for pressure must be provided or applied in accordance with Specification B2D2. For the building, where B1P6 applies, The existing clause has been amended as a standalone Performance Requirement for Uncontrolled discharge as a consequence of new quantified Performance Requirements B1P2, B1P4 and B1P5 must be provided or applied in accordance with Specification B2D2. For the building, where B1D2 applies, Sanitary flushing has been amended to Water efficiency and contains new provisions for Water efficiency must be provided or applied in accordance with Specification B2D2. For the building, where B1D4 applies, A new provision for Bushfire prone areas has been inserted must be provided or applied in accordance with Specification B2D2. For the building, where B1D5 applies, A new clause for Cold water fire sprinkler systems has been inserted must be provided or applied in accordance with Specification B2D2. For the building, where B1D6 applies, A new clause for Top-up lines has been inserted must be provided or applied in accordance with Specification B2D2. For the building, where Part B2 - Heated water services applies, Part B2 - Heated water services must be provided or applied in accordance with Specification B2D2. For the building, where B2P2 applies, The existing Performance Requirement has been amended to Scald prevention and now includes point of discharge must be provided or applied in accordance with Specification B2D2. For the building, where B2P3 applies, The existing Performance Requirement has been amended and now contains quantified levels of performance for heated water pipework water Velocity must be provided or applied in accordance with Specification B2D2. For the building, where B2P4 applies, The existing Performance Requirement has been amended as a standalone Performance Requirement for Access and isolation must be provided or applied in accordance with Specification B2D2. For the building, where B2P5 applies, The existing Performance Requirement has been amended and now contains a quantified level of performance for Pressure relief and temperature limitation must be provided or applied in accordance with Specification B2D2. For the building, where B2P6 applies, The existing Performance Requirement has been amended and now contains a quantified level of performance for Legionella control must be provided or applied in accordance with Specification B2D2. For the building, where B2P8 applies, The existing Performance Requirement has been amended as a standalone requirement for Temperature must be provided or applied in accordance with Specification B2D2. For the building, where B2P9 applies, The existing Performance Requirement has been amended and now contains quantified levels of performance for Pressure must be provided or applied in accordance with Specification B2D2. For the building, where B2P10 applies, The existing Performance Requirement has been amended as a standalone Performance Requirement for Uncontrolled discharge must be provided or applied in accordance with Specification B2D2. For the building, where B2P11 applies, A new Performance Requirement for Water efficiency has been inserted must be provided or applied in accordance with Specification B2D2. For the building, where B2D2 applies, New subclauses have been added for solar, gas and electric water heaters must be provided or applied in accordance with Specification B2D2.",1,1,"","","NCC 2022 Vol3","",0,"","","false","","NCC2022_Volume3_Tables_ClauseStyle.txt","2022"
"Vol3","D1","D","Table UNNUMBERED_6","table","Table UNNUMBERED_6","For the building, where B2D4 applies, The title has been amended to Water efficiency and now includes minimum requirements for WELS ratings must be provided or applied in accordance with Specification B4D5. For the building, where B2D9 applies, The existing clause has been amended as a consequence of relocating exemptions for solar heated water supply to B2D11 must be provided or applied in accordance with Specification B4D5. For the building, where B2D10 applies, A new clause has been inserted for Bushfire prone areas must be provided or applied in accordance with Specification B4D5. For the building, where B2D11 applies, The existing clause has been amended as a standalone clause for Solar heated water must be provided or applied in accordance with Specification B4D5. For the building, where Part B3 - Non-drinking water services applies, Part B3 - Non-drinking water services must be provided or applied in accordance with Specification B4D5. For the building, where B3P1 applies, The title of the Performance Requirement has been amended to Non-drinking water must be provided or applied in accordance with Specification B4D5. For the building, where B3P3 applies, The title of the Performance Requirement has been amended to Velocity and now contains a quantified level of performance for non-drinking water pipework water velocities must be provided or applied in accordance with Specification B4D5. For the building, where B3P4 applies, The existing Performance Requirement has been amended as a standalone Performance Requirement for Access and isolation as a consequence of new quantified Performance Requirements B3P3, B3P5 and B3P7 must be provided or applied in accordance with Specification B4D5. For the building, where B3P5 applies, The existing Performance Requirement has been amended as a standalone Performance Requirement and now contains quantified levels of performance for pressure must be provided or applied in accordance with Specification B4D5. For the building, where B3P6 applies, The existing Performance Requirement has been amended as a standalone Performance Requirement for Uncontrolled discharge as a consequence of new quantified Performance Requirements B3P3, B3P5 and B3P7 must be provided or applied in accordance with Specification B4D5. For the building, where B3P7 applies, A new Performance Requirement for Water efficiency in non-drinking water has been inserted must be provided or applied in accordance with Specification B4D5. For the building, where B3D4 applies, A new clause has been inserted for Bushfire prone areas must be provided or applied in accordance with Specification B4D5. For the building, where B3D5 applies, A new clause has been inserted for Water efficiency must be provided or applied in accordance with Specification B4D5. For the building, where Part B4 - Fire-fighting water services applies, Part B4 - Fire-fighting water services must be provided or applied in accordance with Specification B4D5. For the building, where B4P1 applies, The title of the Performance Requirement has been amended to Flow rate and pressure and now contains quantified levels of performance for water supply flow and pressures must be provided or applied in accordance with Specification B4D5. For the building, where B4P2 applies, The existing Performance Requirement has been amended as a standalone Performance Requirement for Access and isolation must be provided or applied in accordance with Specification B4D5. For the building, where B4P3 applies, A new Performance Requirement for Fire-fighting water storage has been inserted must be provided or applied in accordance with Specification B4D5. For the building, where B4P4 applies, The existing Performance Requirement has been amended as a standalone Performance Requirement for Uncontrolled discharge must be provided or applied in accordance with Specification B4D5. For the building, where B4D2 applies, The existing clause has been amended as a consequence of new clauses for Fire-fighting water services B4D3, B4D4, B4D5 and B4D6 must be provided or applied in accordance with Specification B4D5. For the building, where B4D3 applies, A new clause has been inserted for Fire sprinkler systems must be provided or applied in accordance with Specification B4D5. For the building, where B4D4 applies, A new clause has been inserted for Fire hydrants must be provided or applied in accordance with Specification B4D5. For the building, where B4D5 applies, A new clause has been inserted for Fire hose reels must be provided or applied in accordance with Specification B4D5.",1,1,"","","NCC 2022 Vol3","",0,"","","false","","NCC2022_Volume3_Tables_ClauseStyle.txt","2022"
"Vol3","D1","D","Table UNNUMBERED_7","table","Table UNNUMBERED_7","For the building, where B4D6 applies, A new clause has been inserted for Bushfire prone areas must be provided or applied in accordance with Specification B7P3. For the building, where Part B5 - Cross-connection control applies, Part B5 - Cross-connection control must be provided or applied in accordance with Specification B7P3. For the building, where B5P1 applies, The application of the Performance Requirement has been amended to include Rainwater services must be provided or applied in accordance with Specification B7P3. For the building, where B5V1 applies, A new Verification Method, Determination of individual and zone hazard ratings, has been inserted as an option to verify compliance with B5P1 must be provided or applied in accordance with Specification B7P3. For the building, where B5D5 applies, A new clause has been inserted for an Unprotected water service must be provided or applied in accordance with Specification B7P3. For the building, where Part B6 - Rainwater services applies, Part B6 - Rainwater services must be provided or applied in accordance with Specification B7P3. For the building, where Part B6 2019 applies, Part B6 Rainwater harvesting and use has been divided into two parts, Part B6 Rainwater services and Part B7 Rainwater storage must be provided or applied in accordance with Specification B7P3. For the building, where B6P1 applies, The existing Performance Requirement has been amended as a standalone quantified Performance Requirement for pressure of a rainwater service must be provided or applied in accordance with Specification B7P3. For the building, where B6P2 applies, The existing Performance Requirement has been amended as a standalone quantified Performance Requirement for pipework water velocity must be provided or applied in accordance with Specification B7P3. For the building, where B6P3 applies, The existing Performance Requirement has been amended as a standalone quantified Performance Requirement for Water efficiency must be provided or applied in accordance with Specification B7P3. For the building, where B6P4 applies, The existing Performance Requirement has been amended as a standalone Performance Requirement for Access and isolation must be provided or applied in accordance with Specification B7P3. For the building, where B6P5 applies, The existing Performance Requirement has been amended as a standalone Performance Requirement for Identification must be provided or applied in accordance with Specification B7P3. For the building, where B6P6 applies, The existing Performance Requirement has been amended as a standalone Performance Requirement for Uncontrolled discharge must be provided or applied in accordance with Specification B7P3. For the building, where B6D2 applies, The title has been amended to General requirements and includes requirement for Rainwater service, previously located in B6. 5 of NCC 2019 Volume Three must be provided or applied in accordance with Specification B7P3. For the building, where B6D3 applies, The existing clause has been amended as a standalone Performance Requirement Identification must be provided or applied in accordance with Specification B7P3. For the building, where B6D4 applies, A new clause has been inserted for Water efficiency must be provided or applied in accordance with Specification B7P3. For the building, where B6D5 applies, A new clause has been inserted for Access and isolation must be provided or applied in accordance with Specification B7P3. For the building, where B6D6 applies, A new clause has been inserted for Bushfire prone areas must be provided or applied in accordance with Specification B7P3. For the building, where Part B7 - Rainwater storage applies, Part B7 - Rainwater storage must be provided or applied in accordance with Specification B7P3. For the building, where Part B7 applies, A new Part B7 Rainwater storage has been added must be provided or applied in accordance with Specification B7P3. For the building, where B7P1 applies, The existing Performance Requirement has been inserted as a new Performance Requirement for Contamination control to reflect the relevant provisions of BP6. 1 must be provided or applied in accordance with Specification B7P3. For the building, where B7P2 applies, The existing Performance Requirement has been inserted as a new Performance Requirement for Uncontrolled discharge to reflect the relevant provisions of BP6. 2 must be provided or applied in accordance with Specification B7P3. For the building, where B7P3 applies, The existing Performance Requirement has been inserted as a new Performance Requirement for Access and isolation to reflect the relevant provisions of BP6. 2 must be provided or applied in accordance with Specification B7P3.",1,1,"","","NCC 2022 Vol3","",0,"","","false","","NCC2022_Volume3_Tables_ClauseStyle.txt","2022"
"Vol3","D1","D","Table UNNUMBERED_8","table","Table UNNUMBERED_8","For the building, where B7P4 applies, The existing Performance Requirement has been inserted as a new Performance Requirement for Identification to reflect the relevant provisions of BP6. 4 must be provided or applied in accordance with Specification C1V2. For the building, where B7D2 applies, The existing clause has been inserted as a new clause Collection of rainwater to reflect the relevant provisions of B6. 2 must be provided or applied in accordance with Specification C1V2. For the building, where B7D3 applies, The existing clause has been inserted as a new clause Identification to reflect the relevant provisions of B6. 5 must be provided or applied in accordance with Specification C1V2. For the building, where Specification 41 applies, Specification 41 must be provided or applied in accordance with Specification C1V2. For the building, where S41C2 applies, The existing clause has been amended to remove sub- clause relating to the definition of an Irrigation system, as this has been consolidated into Schedule 1 must be provided or applied in accordance with Specification C1V2. For the building, where S41C3 applies, The existing clause has been amended to remove requirements relating to Fire-fighting water services and a new provision has been added for pipework and outlets must be provided or applied in accordance with Specification C1V2. For the building, where S41C4 applies, The existing clause has been amended to reflect updated requirements for components that need Individual protection must be provided or applied in accordance with Specification C1V2. For the building, where S41C5 applies, The existing clause has been amended to reflect updated requirements for components that need Zone protection must be provided or applied in accordance with Specification C1V2. For the building, where S41C6 applies, The existing clause has been amended to reflect updated requirements for components that need Containment protection and restructured to improve clarity must be provided or applied in accordance with Specification C1V2. For the building, where S41C7 applies, The existing clause has been amended to improve clarity must be provided or applied in accordance with Specification C1V2. For the building, where Part C1 - Sanitary plumbing systems applies, Part C1 - Sanitary plumbing systems must be provided or applied in accordance with Specification C1V2. For the building, where C1P1 applies, The existing Performance Requirement has been amended and now contains a quantified level of performance for Disposal must be provided or applied in accordance with Specification C1V2. For the building, where C1P2 applies, The existing Performance Requirement has been amended and now contains a quantified level of performance for Access must be provided or applied in accordance with Specification C1V2. For the building, where C1P3 applies, The existing Performance Requirement has been amended and now contains quantified levels of performance for Water efficiency must be provided or applied in accordance with Specification C1V2. For the building, where C1P4 applies, The existing Performance Requirement has been amended and now contains a quantified level of performance for Uncontrolled discharge must be provided or applied in accordance with Specification C1V2. For the building, where C1P5 applies, The existing Performance Requirement has been amended and now contains quantified levels of performance for Ventilation must be provided or applied in accordance with Specification C1V2. For the building, where C1P6 applies, The existing Performance Requirement has been amended and now contains quantified levels of performance for Contamination must be provided or applied in accordance with Specification C1V2. For the building, where C1P7 applies, The existing Performance Requirement has been amended and now contains a quantified level of performance for Damage must be provided or applied in accordance with Specification C1V2. For the building, where C1V1 applies, A new Determination of Sanitary plumbing wastewater flowrates verification method has been inserted as a means of verifying compliance with C1P3 for pipe sizing must be provided or applied in accordance with Specification C1V2. For the building, where C1V2 applies, A new System 1 - Common discharge design verification method has been inserted as a means of verifying compliance with C1P5 for pipe sizing must be provided or applied in accordance with Specification C1V2.",1,1,"","","NCC 2022 Vol3","",0,"","","false","","NCC2022_Volume3_Tables_ClauseStyle.txt","2022"
"Vol3","D1","D","Table UNNUMBERED_9","table","Table UNNUMBERED_9","For the building, where C1V3 applies, A new System 2 - Common discharge pipe capacity verification method has been inserted as a means of verifying compliance with C1P5 for pipe sizing must be provided or applied in accordance with Specification D1D2. For the building, where C1V4 applies, A new System 3 - Branch design verification method has been inserted as a means of verifying compliance with C1P5 for pipe sizing must be provided or applied in accordance with Specification D1D2. For the building, where C1V5 applies, A new Stack design verification method has been inserted as a means of verifying compliance with C1P5 for pipe sizing must be provided or applied in accordance with Specification D1D2. For the building, where C1D3 applies, The existing clause has been amended for clarity must be provided or applied in accordance with Specification D1D2. For the building, where C1D4 applies, A new clause for Bushfire prone areas has been inserted must be provided or applied in accordance with Specification D1D2. For the building, where C1D5 applies, A new clause for Water efficiency has been inserted must be provided or applied in accordance with Specification D1D2. For the building, where Part C2 - Sanitary drainage systems applies, Part C2 - Sanitary drainage systems must be provided or applied in accordance with Specification D1D2. For the building, where C2P1 applies, The title of the Performance Requirement has been amended to Disposal as a consequence of relocating previous requirements into standalone Performance Requirements C2P3, C2P4C2P5, C2P6 and C2P7 must be provided or applied in accordance with Specification D1D2. For the building, where C2P3 applies, The existing Performance Requirement has been amended as a standalone Performance Requirement for Access must be provided or applied in accordance with Specification D1D2. For the building, where C2P4 applies, The existing Performance Requirement has been amended and now contains a new quantified performance requirement for Ventilation to avoid hydraulic load imbalance must be provided or applied in accordance with Specification D1D2. For the building, where C2P5 applies, The existing Performance Requirement has been amended as a standalone performance requirement and include additional requirements for Contamination must be provided or applied in accordance with Specification D1D2. For the building, where C2P6 applies, The existing Performance Requirement has been amended as a standalone performance requirement for Uncontrolled discharge must be provided or applied in accordance with Specification D1D2. For the building, where C2P7 applies, The existing Performance Requirement has been amended as a standalone performance requirement for Damage must be provided or applied in accordance with Specification D1D2. For the building, where C2V3 applies, A new Determination of sanitary drainage wastewater flowrates verification method has been inserted as a means of verifying compliance with C2P1 for pipe sizing must be provided or applied in accordance with Specification D1D2. For the building, where C2D3 applies, The existing clause has been amended to require pumped discharge from a swimming pool to be connected to the sanitary drainage system must be provided or applied in accordance with Specification D1D2. For the building, where C2D4 applies, The existing clause has been amended for clarity must be provided or applied in accordance with Specification D1D2. For the building, where C2D5 applies, A new provision for Bushfire prone areas has been inserted must be provided or applied in accordance with Specification D1D2. For the building, where Part C3 - On-site wastewater management applies, Part C3 - On-site wastewater management must be provided or applied in accordance with Specification D1D2. For the building, where Part C3 applies, A new Part has been inserted containing provisions for On-site wastewater management. This includes a new Objective, Functional Statement, Performance Requirements and Deemed-to-Satisfy Provisions must be provided or applied in accordance with Specification D1D2. For the building, where Part D1 - Excessive noise applies, Part D1 - Excessive noise must be provided or applied in accordance with Specification D1D2. For the building, where D1D2 applies, A new provision has been inserted to include compliance with B6D2 must be provided or applied in accordance with Specification D1D2. For the building, where Referenced documents applies, Referenced documents must be provided or applied in accordance with Specification D1D2.",1,1,"","","NCC 2022 Vol3","",0,"","","false","","NCC2022_Volume3_Tables_ClauseStyle.txt","2022"
"Vol3","D1","D","Table UNNUMBERED_10","table","Table UNNUMBERED_10","For the building, where AS/NZS 1170. 2 applies, The 2021 edition of AS/NZS 1170 Part 2 Structural design actions - Wind actions has been referenced must be provided or applied in accordance with Specification D1D2. For the building, where AS 1288 applies, The 2021 edition of AS 1288 Glass in buildings - Selection and installation has been referenced must be provided or applied in accordance with Specification D1D2. For the building, where AS 1397 applies, The 2021 edition of AS 1397 Continuous hot-dip metallic coated steel sheet and strip - Coatings of zinc and zinc alloyed with aluminium and magnesium has been referenced. A note has been included to outline transitional arrangements must be provided or applied in accordance with Specification D1D2. For the building, where AS 1530 Parts 1 to 4 applies, The notes to AS 1530 Parts 1 to 4 have been deleted must be provided or applied in accordance with Specification D1D2. For the building, where AS 1530. 8. 1 applies, The 2018 edition of AS 1530 Part 8. 1 Methods for fire tests on building materials, components and structures - Tests on elements of construction for buildings exposed to simulated bushfire attack - Radiant heat and small flaming sources has been referenced must be provided or applied in accordance with Specification D1D2. For the building, where AS/NZS 1546. 1 applies, The 2008 edition of AS/NZS 1546 Part 1 On-site domestic wastewater treatment units - Septic tanks has been referenced must be provided or applied in accordance with Specification D1D2. For the building, where AS/NZS 1546. 2 applies, The 2008 edition of AS/NZS 1546 Part 2 On-site domestic wastewater treatment units - Waterless composting toilets has been referenced must be provided or applied in accordance with Specification D1D2. For the building, where AS 1546. 3 applies, Amdt 1 of the 2017 edition of AS1546 Part 3 On-site domestic wastewater treatment units - Secondary treatment systems (incorporating amendment 1) has been referenced must be provided or applied in accordance with Specification D1D2. For the building, where AS 1546. 4 applies, The 2016 edition of AS 1546 Part 4 On-site domestic wastewater treatment units - Domestic greywater treatment systems has been referenced must be provided or applied in accordance with Specification D1D2. For the building, where AS/NZS 1547 applies, The 2012 edition of AS/NZS 1547 On-site domestic wastewater management has been referenced must be provided or applied in accordance with Specification D1D2. For the building, where AS/NZS 1562. 2 applies, The 1999 edition of AS/NZS 1562 Part 2 Design and installation of sheet roof and wall cladding - Corrugated fibre-reinforced cement has been deleted must be provided or applied in accordance with Specification D1D2. For the building, where AS 1562. 3 applies, The 2006 edition of AS 1562 Part 3 Design and installation of sheet roof and wall cladding - Plastic has been referenced must be provided or applied in accordance with Specification D1D2. For the building, where AS 1670. 1 applies, Amdt 1 of the 2018 edition AS 1670 Part 1 Fire detection, warning, control and intercom systems - System design, installation and commissioning - Fire (incorporating amendment 1) has been referenced. Notes to AS 1670 have been amended to outline transitional arrangements must be provided or applied in accordance with Specification D1D2. For the building, where AS 1670. 3 applies, Amdt 1 of the 2018 edition AS 1670 Part 3 Fire detection, warning, control and intercom systems - System design, installation and commissioning - Fire alarm monitoring (incorporating amendment 1) has been referenced. Notes to AS 1670 have been amended to outline transitional arrangements must be provided or applied in accordance with Specification D1D2. For the building, where AS 1670. 4 applies, Amdt 1 of the 2018 edition AS 1670 Part 4 Fire detection, warning, control and intercom systems - System design, installation and commissioning - Emergency warning and intercom systems (incorporating amendment 1) has been referenced. Notes to AS 1670 have been amended to outline transitional arrangements must be provided or applied in accordance with Specification D1D2.",1,1,"","","NCC 2022 Vol3","",0,"","","false","","NCC2022_Volume3_Tables_ClauseStyle.txt","2022"
"Vol3","D1","D","Table UNNUMBERED_11","table","Table UNNUMBERED_11","For the building, where AS 1684. 2 applies, The 2021 edition of AS 1684 Part 2 Residential timber- framed construction - Non-cyclonic areas has been referenced must be provided or applied in accordance with Specification D1D2. For the building, where AS 1684. 3 applies, The 2021 edition of AS 1684 Part 3 Residential timber- framed construction -Cyclonic areas has been referenced must be provided or applied in accordance with Specification D1D2. For the building, where AS/NZS 1720. 4 applies, The 2019 edition of AS/NZS 1720 Part 4 Timber structures - Fire resistance for structural adequacy of timber elements has been referenced must be provided or applied in accordance with Specification D1D2. For the building, where AS 1720. 5 applies, Amdt 1 of the 2015 edition of AS 1720 Part 5 Timber structures -Nailplated timber roof trusses (incorporating amendment 1) has been referenced must be provided or applied in accordance with Specification D1D2. For the building, where AS/NZS 1859. 4 applies, The note to AS/NZS 1859. 4 has been deleted must be provided or applied in accordance with Specification D1D2. For the building, where AS 2047 applies, Note to AS 2047 has been updated to reflect transitional arrangements must be provided or applied in accordance with Specification D1D2. For the building, where AS 2118. 1 applies, Amdt 2 of the 2017 edition of AS 2118 Part 1 Automatic fire sprinkler systems - General systems (incorporating amendments 1 and 2) has been referenced must be provided or applied in accordance with Specification D1D2. For the building, where AS 2118. 4 applies, The 2012 edition of AS 2118 Part 4 Automatic fire sprinkler systems - Sprinkler protection for accommodation buildings not > four storeys in height must be provided or applied in accordance with Specification D1D2. For the building, where AS 2118. 5 applies, The 2008 edition of AS 2118 Part 5 Automatic fire sprinkler systems - Home fire sprinkler systems has been referenced must be provided or applied in accordance with Specification D1D2. For the building, where AS 2118. 6 applies, The 2012 edition of AS 2118 Part 6 Automatic fire sprinkler systems - Combined sprinkler and hydrant systems in multistorey buildings must be provided or applied in accordance with Specification D1D2. For the building, where AS/NZS 2293. 1 applies, Amdt 1 of the 2018 edition of AS/NZS 2293 Part 1 Emergency lighting and exit signs for buildings - System design, installation and operation (incorporating amendment 1) has been referenced must be provided or applied in accordance with Specification D1D2. For the building, where AS 2312. 1 applies, The 2014 edition of AS 2312 Part 1 Guide to the protection of structural steel against atmospheric corrosion by the use of protective coatings - Paint coatings has been referenced must be provided or applied in accordance with Specification D1D2. For the building, where AS/NZS 2312. 2 applies, The 2014 edition of AS/NZS 2312 Part 2 Guide to the protection of structural steel against atmospheric corrosion by the use of protective coatings - Hot dip galvanizing has been referenced must be provided or applied in accordance with Specification D1D2. For the building, where AS/NZS 2327 applies, Amdt 1 of the 2017 edition of AS/NZS 2327 Composite steel structures - composite steel-concrete construction in buildings (incorporating amendment 1) has been referenced must be provided or applied in accordance with Specification D1D2. For the building, where AS 2419. 1 applies, The 2021 edition of AS 2419 Part 1 Fire hydrant installations - System design, installation and commissioning has been referenced must be provided or applied in accordance with Specification D1D2. For the building, where AS 2441 applies, The 2005 edition of AS 2441 Installation of fire hose reels (incorporating amendment 1) has been referenced must be provided or applied in accordance with Specification D1D2. For the building, where AS 2699. 1 applies, The 2020 edition of AS 2699 Part 1 Built-in components for masonry construction - Wall ties has been referenced. A note has been included to outline transitional arrangements must be provided or applied in accordance with Specification D1D2.",1,1,"","","NCC 2022 Vol3","",0,"","","false","","NCC2022_Volume3_Tables_ClauseStyle.txt","2022"
"Vol3","D1","D","Table UNNUMBERED_12","table","Table UNNUMBERED_12","For the building, where AS 2699. 3 applies, The 2020 edition of AS 2699 Part 3 Built-in components for masonry construction - Lintels and shelf angles (durability requirements) has been referenced. A note has been included to outline transitional arrangements must be provided or applied in accordance with Specification D1D2. For the building, where AS/NZS 3500. 0 applies, The 2021 edition of AS 3500 Part 0 Plumbing and drainage - Glossary of terms has been referenced must be provided or applied in accordance with Specification D1D2. For the building, where AS/NZS 3500. 1 applies, The 2021 edition of AS 3500 Part 1 Plumbing and drainage - Water services has been referenced must be provided or applied in accordance with Specification D1D2. For the building, where AS/NZS 3500. 2 applies, Amdt 1 of the 2021 edition of AS 3500 Part 2 Plumbing and drainage - Sanitary plumbing and drainage (incorporating amendment 1) has been referenced must be provided or applied in accordance with Specification D1D2. For the building, where AS/NZS 3500. 3 applies, The 2021 edition of AS 3500 Part 3 Plumbing and drainage - Stormwater drainage has been referenced. A note has been included to outline transitional arrangements must be provided or applied in accordance with Specification D1D2. For the building, where AS/NZS 3500. 4 applies, The 2021 edition of AS 3500 Part 4 Plumbing and drainage - Heated water services has been referenced must be provided or applied in accordance with Specification D1D2. For the building, where AS 3600 applies, Amdt 2 of the 2018 edition of AS 3600 Concrete structures (incorporating amendments 1 and 2) has been referenced must be provided or applied in accordance with Specification D1D2. For the building, where AS 3740 applies, The 2021 edition of AS 3740 Waterproofing of domestic wet areas has been referenced must be provided or applied in accordance with Specification D1D2. For the building, where AS 3959 applies, Amdts 1 and 2 of the 2018 edition of AS 3959 Construction of buildings in bushfire-prone areas (incorporating amendments 1 and 2) has been referenced must be provided or applied in accordance with Specification D1D2. For the building, where AS 4055 applies, The 2021 edition of AS 4055 Wind loads for housing has been referenced must be provided or applied in accordance with Specification D1D2. For the building, where AS 4072. 1 applies, The note to AS 4072 Part 1 has been deleted must be provided or applied in accordance with Specification D1D2. For the building, where AS 4100 applies, The 2020 edition of AS 4100 Steel structures has been referenced must be provided or applied in accordance with Specification D1D2. For the building, where AS 4200. 1 applies, Amdt 1 of the 2017 edition of AS 4200 Part 1 Pliable building membranes and underlays - Materials (incorporating amendment 1) has been referenced must be provided or applied in accordance with Specification D1D2. For the building, where AS 4200. 2 applies, Amdts 1 and 2 of the 2017 edition of AS 4200 Part 2 Pliable building membranes and underlays - Installation requirements (incorporating amendments 1 and 2) has been referenced must be provided or applied in accordance with Specification D1D2. For the building, where AS/NZS 4234 applies, The 2021 edition of AS/NZS 4234 Heated water systems - Calculation of energy consumption has been referenced must be provided or applied in accordance with Specification D1D2. For the building, where AS 4254. 1 applies, The 2021 edition of AS 4254 Part 1 Ductwork for air- handling systems in buildings - Flexible duct has been referenced must be provided or applied in accordance with Specification D1D2. For the building, where AS/NZS 4256. 1 applies, The 1994 edition of AS/NZS 4256 Part 1 Plastic roof and wall cladding materials - General requirements has been deleted must be provided or applied in accordance with Specification D1D2. For the building, where AS/NZS 4256. 2 applies, The 1994 edition of AS/NZS 4256 Part 2 Plastic roof and wall cladding materials - Unplasticized polyvinyl chloride (uPVC) building sheets has been deleted must be provided or applied in accordance with Specification D1D2. For the building, where AS/NZS 4256. 3 applies, The 1994 edition of AS/NZS 4256 Part 3 Plastic roof and wall cladding materials - Glass fibre reinforced polyester (GRP) has been deleted must be provided or applied in accordance with Specification D1D2.",1,1,"","","NCC 2022 Vol3","",0,"","","false","","NCC2022_Volume3_Tables_ClauseStyle.txt","2022"
"Vol3","D1","D","Table UNNUMBERED_13","table","Table UNNUMBERED_13","For the building, where AS/NZS 4256. 5 applies, The 1996 edition of AS/NZS 4256 Part 5 Plastic roof and wall cladding materials - Polycarbonate has been deleted must be provided or applied in accordance with Specification D1D2. For the building, where AS 4773. 2 applies, Amdt 1 of the 2015 edition of AS 4773 Part 2 Masonry in small buildings - Construction has been referenced must be provided or applied in accordance with Specification D1D2. For the building, where AS/NZS 4858 applies, The 2004 edition of AS/NZS 4858 Wet area membranes has been referenced must be provided or applied in accordance with Specification D1D2. For the building, where AS 5146. 3 applies, The 2018 edition of AS 5146 Part 3 Reinforced Autoclaved Aerated Concrete - Construction has been reinforced referenced must be provided or applied in accordance with Specification D1D2. For the building, where AS 5216 applies, The 2021 edition of AS 5216 Design of post-installed and cast-in fastenings in concrete has been referenced must be provided or applied in accordance with Specification D1D2. For the building, where AS/NZS 5601. 1 applies, The 2013 edition of AS/NZS 5601 Part 1 Gas installations - General installations has been referenced must be provided or applied in accordance with Specification D1D2. For the building, where AIRAH-DA07 applies, The 2021 edition of AIRAH-DA07 Criteria for moisture control design analysis in buildings has been referenced must be provided or applied in accordance with Specification D1D2. For the building, where ASTM E903 applies, The 2012 edition ofASTM E903 Standard Test Method for Solar Absorptance, Reflectance, and Transmittance of Materials Using Integrating Spheres has been deleted must be provided or applied in accordance with Specification D1D2. For the building, where ASTM E96 applies, The 2016 edition ofASTM E96 Standard Test Methods for Water Vapor Transmission of Materials has been referenced must be provided or applied in accordance with Specification D1D2. For the building, where ABCB applies, The 2022 version of the ABCB Fire Safety Verification Method Standard has been referenced must be provided or applied in accordance with Specification D1D2. For the building, where ABCB applies, The 2022 version of the ABCB Housing Provisions Standard has been referenced must be provided or applied in accordance with Specification D1D2. For the building, where ABCB applies, The 2022 version of the ABCB Livable Housing Design Standard has been referenced must be provided or applied in accordance with Specification D1D2. For the building, where ABCB applies, The 2022 version of the ABCB Standard for NatHERS Heating and Cooling Load Limits has been referenced must be provided or applied in accordance with Specification D1D2. For the building, where ABCB applies, The 2022 version of the ABCB Standard for Whole-of- home Efficiency Factors has been referenced must be provided or applied in accordance with Specification D1D2. For the building, where FPAA101D applies, The 2021 edition of FPAA101D Automatic Fire Sprinkler System Design and Installation - Drinking Water Supply has been referenced must be provided or applied in accordance with Specification D1D2. For the building, where FPAA101H applies, Amdt 1 of the 2018 edition of FPAA101H Automatic Fire Sprinkler System Design and Installation - Hydrant Water Supply (incorporating amendment 1) has been referenced must be provided or applied in accordance with Specification D1D2. For the building, where NASH Standard applies, The 2021 edition of NASH Standard Steel Framed Construction in Bushfire Areas has been referenced must be provided or applied in accordance with Specification D1D2. For the building, where NSF/ANSI/CAN 372 applies, The 2020 edition of NSF/ANS/CAN 372 Drinking Water System Components - Lead Content has been referenced must be provided or applied in accordance with Specification D1D2. For the building, where Schedule 1 applies, Schedule 1 must be provided or applied in accordance with Specification D1D2. For the building, where Schedule 1 applies, Schedule 1 has been amended as part of the initiative to improve readability of the NCC must be provided or applied in accordance with Specification D1D2. For the building, where Schedule 1 applies, Definitions includes Abbreviations, Symbols and Glossary. States & Territory Appendices (formerly located in Schedule 1) have been incorporated into Schedule 3 to Schedule 11 must be provided or applied in accordance with Specification D1D2. For the building, where Abbreviations applies, Abbreviations must be provided or applied in accordance with Specification D1D2.",1,1,"","","NCC 2022 Vol3","",0,"","","false","","NCC2022_Volume3_Tables_ClauseStyle.txt","2022"
"Vol3","D1","D","Table UNNUMBERED_14","table","Table UNNUMBERED_14","For the building, where Abbreviations applies, Acrylic conformal coating(ACC) has been added must be provided or applied in accordance with Specification D1D2. For the building, where Abbreviations applies, Acrylic latex(ACL) has been added must be provided or applied in accordance with Specification D1D2. For the building, where Abbreviations applies, Australian Institute of Refrigeration, Air conditioning and Heating(AIRAH) has been added must be provided or applied in accordance with Specification D1D2. For the building, where Abbreviations applies, American National Standards Institute(ANSI) has been added must be provided or applied in accordance with Specification D1D2. For the building, where Abbreviations applies, American Society of Heating, Refrigerating and Air Conditioning Engineers(ASHRAE) has been added must be provided or applied in accordance with Specification D1D2. For the building, where Abbreviations applies, National Standard of Canada(CAN) has been added must be provided or applied in accordance with Specification D1D2. For the building, where Abbreviations applies, Chartered Institution of Building Services Engineers (CIBSE) has been added must be provided or applied in accordance with Specification D1D2. For the building, where Abbreviations applies, Flame zone(FZ) has been added must be provided or applied in accordance with Specification D1D2. For the building, where Abbreviations applies, Greenhouse and Energy Minimum Standards(GEMS) has been added must be provided or applied in accordance with Specification D1D2. For the building, where Abbreviations applies, Hot dip galvanising (HDG) has been added must be provided or applied in accordance with Specification D1D2. For the building, where Abbreviations applies, Inorganic zinc silicate(IZS) has been added must be provided or applied in accordance with Specification D1D2. For the building, where Abbreviations applies, NATA has been amended to include reference to Australia must be provided or applied in accordance with Specification D1D2. For the building, where Abbreviations applies, National Sanitation Foundation(NSF) has been added must be provided or applied in accordance with Specification D1D2. For the building, where Abbreviations applies, Polyurethane(PUR) has been added must be provided or applied in accordance with Specification D1D2. For the building, where Symbols applies, Symbols must be provided or applied in accordance with Specification D1D2. For the building, where Symbols applies, g/N. s has been added must be provided or applied in accordance with Specification D1D2. For the building, where Symbols applies, fc has been added must be provided or applied in accordance with Specification D1D2. For the building, where Symbols applies, fy has been added must be provided or applied in accordance with Specification D1D2. For the building, where Symbols applies, G has been added must be provided or applied in accordance with Specification D1D2. For the building, where Symbols applies, N/m has been added must be provided or applied in accordance with Specification D1D2. For the building, where Symbols applies, Q has been added must be provided or applied in accordance with Specification D1D2. For the building, where Symbols applies, ULS has been added must be provided or applied in accordance with Specification D1D2. For the building, where Glossary / Definitions applies, Glossary / Definitions must be provided or applied in accordance with Specification D1D2. For the building, where Glossary applies, A defined term, Above ground rainwater tank, has been added must be provided or applied in accordance with Specification D1D2. For the building, where Glossary applies, A defined term, Annual exceedance probability, has been added as a consequence of amendments to Part 7. 4 Gutters and downpipes of the ABCB Housing Provisions must be provided or applied in accordance with Specification D1D2. For the building, where Glossary applies, A defined term, Assumed cooling thermostat set point has been added as a consequence of quantification in J1P2 and H6P1 must be provided or applied in accordance with Specification D1D2. For the building, where Glossary applies, The defined term, Average recurrence interval, has been deleted as a consequence of amendments to Part 7. 4 Gutters and downpipes of the ABCB Housing Provisions must be provided or applied in accordance with Specification D1D2. For the building, where Glossary applies, A defined term, Bond breaker, has been added as a consequence of amendments to Part 10. 2 of the ABCB Housing Provisions must be provided or applied in accordance with Specification D1D2. For the building, where Glossary applies, A defined term, Building complexity criteria, has been added must be provided or applied in accordance with Specification D1D2. For the building, where Glossary applies, A defined term, Buried rainwater tank, has been added as a consequence of amendments to Specification 41 of Volume Three must be provided or applied in accordance with Specification D1D2.",1,1,"","","NCC 2022 Vol3","",0,"","","false","","NCC2022_Volume3_Tables_ClauseStyle.txt","2022"
"Vol3","D1","D","Table UNNUMBERED_15","table","Table UNNUMBERED_15","For the building, where Glossary applies, A defined term, Cooling degree hours has been added as a consequence of quantification in J1P2 and H6P1 must be provided or applied in accordance with Specification D1D2. For the building, where Glossary applies, A defined term, Daily outdoor temperature range has been added as a consequence of quantification in J1P2 and H6P1 must be provided or applied in accordance with Specification D1D2. For the building, where Glossary applies, A defined term, Dehumidification gram hours, has been added as a consequence of quantification in J1P2 and H6P1 must be provided or applied in accordance with Specification D1D2. For the building, where Glossary applies, A defined term, Design bushfire, has been added as a consequence of amendments to Part G5 must be provided or applied in accordance with Specification D1D2. For the building, where Glossary applies, The defined term, Domestic services, has been amended to include on-site renewable energy equipment as a result of quantification in J1P3 and H6P2 must be provided or applied in accordance with Specification D1D2. For the building, where Glossary applies, A defined term, Drainage flange, has been added as a consequence of amendments to Part 10. 2 of the ABCB Housing Provisions must be provided or applied in accordance with Specification D1D2. For the building, where Glossary applies, A defined term, Drainage riser, has been added as a consequence of amendments to Part 10. 2 of the ABCB Housing Provisions must be provided or applied in accordance with Specification D1D2. For the building, where Glossary applies, A defined term, Efficacy, has been added as a consequence of including quantified Performance Requirement for automatic warning for occupants must be provided or applied in accordance with Specification D1D2. For the building, where Glossary applies, A defined term, Energy value, has been added as a consequence of quantification in J1P3 and H6P2 must be provided or applied in accordance with Specification D1D2. For the building, where Glossary applies, A defined term, Engaged pier, has been added as a consequence of amendments to Section 5 of the ABCB Housing Provisions must be provided or applied in accordance with Specification D1D2. For the building, where Glossary applies, A defined term, Fire actions, has been added as a consequence of amendments to Part G5 must be provided or applied in accordance with Specification D1D2. For the building, where Glossary applies, The defined term, Flashing, has been amended to clarify perimeter and vertical flashings as a consequence of amendments to Part 10. 2 of the ABCB Housing Provisions must be provided or applied in accordance with Specification D1D2. For the building, where Glossary applies, The defined term, Floor area, for Volume One, has been amended on account of the new defined term Volume must be provided or applied in accordance with Specification D1D2. For the building, where Glossary applies, A defined term, Floor waste, has been added as a consequence of amendments to Part 10. 2 of the ABCB Housing Provisions must be provided or applied in accordance with Specification D1D2. For Class 2 b, where Glossary applies, The defined term, Glazing, has been amended as a consequence of the updates to the energy efficiency Deemed-to-Satisfy provisions for Class 2 buildings must be provided or applied in accordance with Specification D1D2. For the building, where Glossary applies, A defined term, Heating degree hours, has been added as a consequence of quantification in J1P2 and H6P1 must be provided or applied in accordance with Specification D1D2. For the building, where Glossary applies, A defined term, Hob, has been added as a consequence of amendments to Part 10. 2 of the ABCB Housing Provisions must be provided or applied in accordance with Specification D1D2. For the building, where Glossary applies, A defined term, Irrigation system, has been added as a consequence of amendments to S41C2 in Volume Three must be provided or applied in accordance with Specification D1D2. For the building, where Glossary applies, A defined term, Lateral support, has been added as a consequence of amendments to Part 5. 3 of the ABCB Housing Provisions must be provided or applied in accordance with Specification D1D2.",1,1,"","","NCC 2022 Vol3","",0,"","","false","","NCC2022_Volume3_Tables_ClauseStyle.txt","2022"
"Vol3","D1","D","Table UNNUMBERED_16","table","Table UNNUMBERED_16","For the building, where Glossary applies, A defined term, Main water heater has been added as a consequence of including new whole-of-home energy efficiency requirements must be provided or applied in accordance with Specification D1D2. For the building, where Glossary applies, A defined term, Main space conditioning has been added as a consequence of including new whole-of-home energy efficiency requirements must be provided or applied in accordance with Specification D1D2. For the building, where Glossary applies, A defined term, Maximum retained water level, has been added as a consequence of amendments to Part 10. 2 of the ABCB Housing Provisions must be provided or applied in accordance with Specification D1D2. For the building, where Glossary applies, A defined term, Membrane, has been added as a consequence of amendments to Part 10. 2 of the ABCB Housing Provisions must be provided or applied in accordance with Specification D1D2. For The defined term, NABERS Energy for Offices has been amended to be NABERS Energy to reflect its use for multiple building classifications., where Glossary applies, The defined term, NABERS Energy for Offices has been amended to be NABERS Energy to reflect its use for multiple building classifications must be provided or applied in accordance with Specification D1D2. For the building, where Glossary applies, The defined term, Performance-based design brief has been amended for clarity must be provided or applied in accordance with Specification D1D2. For the building, where Glossary applies, The defined term, Point of connection, has been amended for clarity must be provided or applied in accordance with Specification D1D2. For the building, where Glossary applies, A defined term, Preformed shower base, has been added as a consequence of amendments to Part 10. 2 of the ABCB Housing Provisions must be provided or applied in accordance with Specification D1D2. For the building, where Glossary applies, A defined term, Primary insulation layer, has been added as a consequence of amendments to Condensation management provisions must be provided or applied in accordance with Specification D1D2. For the building, where Glossary applies, The defined term Rainwater harvesting system has been amended to Rainwater service and Rainwater storage as a consequence of amendments to Part B6 of Volume Three must be provided or applied in accordance with Specification D1D2. For the building, where Glossary applies, The defined term Reference building has been amended to remove reference to Thermal comfort levels and as a consequence of the introduction of J1V5 must be provided or applied in accordance with Specification D1D2. For the building, where Glossary applies, A defined term, Reliability, has been added as a consequence of including quantified Performance Requirements for automatic warning for occupants must be provided or applied in accordance with Specification D1D2. For the building, where Glossary applies, A defined term, Screed, has been added as a consequence of amendments to Part 10. 2 of the ABCB Housing Provisions must be provided or applied in accordance with Specification D1D2. For the building, where Glossary applies, The defined term, Shower area, has been amended to clarify enclosed and unenclosed shower areas as a consequence of amendments to Part 10. 2 of the ABCB Housing Provisions must be provided or applied in accordance with Specification D1D2. For the building, where Glossary applies, A defined term, Shower screen, has been added as a consequence of amendments to Part 10. 2 of the ABCB Housing Provisions must be provided or applied in accordance with Specification D1D2. For the building, where Glossary applies, A defined term, Thermal energy load, has been added as a consequence of quantification in J1P2 and H6P1 must be provided or applied in accordance with Specification D1D2. For the building, where Glossary applies, The defined term Total R-Value in the ABCB Housing Provisions has been amended to align with Volume One must be provided or applied in accordance with Specification D1D2. For the building, where Glossary applies, The defined term Total System U-Value in the ABCB Housing Provisions has been amended to align with Volume One must be provided or applied in accordance with Specification D1D2.",1,1,"","","NCC 2022 Vol3","",0,"","","false","","NCC2022_Volume3_Tables_ClauseStyle.txt","2022"
"Vol3","D1","D","Table UNNUMBERED_17","table","Table UNNUMBERED_17","For the building, where Glossary applies, A defined term Unprotected water service, has been added as a consequence of introducing a new provision for unprotected water service - B5D5 of Volume Three must be provided or applied in accordance with Specification D1D2. For the building, where Glossary applies, A defined term, Vapour permeance, has been added as a consequence of amendments to the condensation management provisions must be provided or applied in accordance with Specification D1D2. For the building, where Glossary applies, A defined term, Volume, has been added to clarify the volume space with respect to a building, fire compartment and atrium must be provided or applied in accordance with Specification D1D2. For the building, where Glossary applies, A defined term, Waterproofing system, has been added as a consequence of amendments to Part 10. 2 of the ABCB Housing Provisions must be provided or applied in accordance with Specification D1D2. For the building, where Glossary applies, A defined term, Water stop, has been added as a consequence of amendments to Part 10. 2 of the ABCB Housing Provisions must be provided or applied in accordance with Specification D1D2. For the building, where Glossary applies, A defined term, Weighted average, has been added as a consequence of amendments toA5G4 must be provided or applied in accordance with Specification D1D2. For the building, where Glossary applies, A defined term, Wetted surface area, has been added to provide clarification for the defined term Weighted average must be provided or applied in accordance with Specification D1D2.",1,1,"","","NCC 2022 Vol3","",0,"","","false","","NCC2022_Volume3_Tables_ClauseStyle.txt","2022"
"Vol3","D1","D","Table UNNUMBERED_19","table","Table UNNUMBERED_19","For the building, where Part A2 applies, Governing Requirements A1G1 Scope of NCC Volume One A1G2 Scope of NCC Volume Two A1G3 Scope of NCC Volume Three A1G4 Interpretation Compliance with the NCC Governing Requirements A2G1 Compliance A2G2 Performance Solution A2G3 Deemed-to-Satisfy Solution A2G4 A combination of solutions must be provided or applied in accordance with Specification D1D2. For the building, where Part A3 applies, Application of the NCC in States and Territories Governing Requirements A3G1 State and Territory compliance must be provided or applied in accordance with Specification D1D2. For the building, where Part A4 applies, Referenced documents Governing Requirements must be provided or applied in accordance with Specification D1D2. For the building, where Part A5 applies, Documentation of design and construction Governing Requirements A5G1 Suitability A5G2 Evidence of suitability Volumes One, Two and Three A5G3 Evidence of suitability Volumes One and Two (BCA) A5G4 Evidence of suitability Volume Three (PCA) A5G5 Fire-resistance of building elements A5G6 Fire hazard properties A5G7 Resistance to the incipient spread of fire A5G8 Labelling of Aluminium Composite Panels A5G9 NatHERS must be provided or applied in accordance with Specification D1D2. For Class 1 b, where Part A6 applies, Building classification Governing Requirements A6G1 Determining a building classification A6G2 Class 1 buildings A6G3 Class 2 buildings A6G4 Class 3 buildings A6G5 Class 4 buildings A6G6 Class 5 buildings A6G7 Class 6 buildings A6G8 Class 7 buildings must be provided or applied in accordance with Specification D1D2. # Total: 1106 clause-style sentences from tables.",1,1,"","","NCC 2022 Vol3","",0,"","","false","","NCC2022_Volume3_Tables_ClauseStyle.txt","2022"
